dataset_id,y_true,y_pred
0390,3.3475,3.416485548019409
0390,3.3971,3.3676822185516357
0390,3.4543,3.3676822185516357
0390,2.2584,2.6694960594177246
0390,2.6392,2.6066513061523438
0390,5.1213,5.0644145011901855
0390,5.2879,5.114811420440674
0390,1.8084,2.0516197681427
0390,1.9417,1.9610668420791626
0390,2.2378,2.2778220176696777
0390,3.4158,3.484011650085449
0390,3.6997,3.4921998977661133
0390,3.7028,3.5604116916656494
0390,1.9541,2.0448224544525146
0390,3.1039,3.619425058364868
0390,3.6117,3.346506118774414
0390,2.3936,2.0454280376434326
0390,3.4204,3.2404088973999023
0390,3.4235,3.4772281646728516
0390,3.4929,3.482571840286255
0390,3.4989,3.253257989883423
0390,3.5977,3.3817977905273438
0390,3.7971,3.9240026473999023
0390,3.9115,3.9683749675750732
0390,1.765,1.9648135900497437
0390,1.8547,1.8988016843795776
0390,3.7728,3.651249885559082
0390,1.7817,1.9970647096633911
0390,2.9427,2.494067907333374
0390,1.2363,1.6270300149917603
0390,1.4045,1.5589463710784912
0390,1.9136,2.0372581481933594
0390,2.0442,2.03835129737854
0390,2.1008,2.1715056896209717
0390,2.2456,2.204469919204712
0390,2.4364,2.1739768981933594
0390,2.504,2.1391167640686035
0390,2.4483,2.5137081146240234
0390,2.6424,2.5137081146240234
0390,3.4694,3.5057103633880615
0390,3.8506,4.541995048522949
0390,3.8895,4.098161220550537
0390,4.024,4.081432819366455
0390,4.3812,4.052045822143555
0390,4.7848,4.45612907409668
0390,4.7878,4.555808067321777
0390,3.8123,3.664130926132202
0390,1.84,2.580303192138672
0390,3.5196,3.1061620712280273
0390,0.7405,1.0358878374099731
0390,0.8101,0.9840985536575317
0390,0.8942,1.0047568082809448
0390,1.8976,2.0544822216033936
0390,2.0931,2.0341625213623047
0390,2.336,2.5299417972564697
0390,2.3454,2.417694330215454
0390,2.461,2.4725332260131836
0390,1.7117,1.8578801155090332
0390,2.009,2.831669330596924
0390,2.6624,3.40448260307312
0390,2.7264,2.642197370529175
0390,3.6243,3.6489622592926025
0390,3.6863,3.7358744144439697
0390,1.6654,1.8769727945327759
0390,1.8136,1.8219765424728394
0390,1.861,1.5686578750610352
0390,1.8951,1.7889765501022339
0390,2.4025,2.3473896980285645
0390,3.4789,3.2342684268951416
0390,3.482,3.325601100921631
0390,1.0832,1.1295840740203857
0390,2.2761,2.3721694946289062
0390,2.1755,2.228334903717041
0390,2.3143,2.186898708343506
0390,1.6625,1.6752735376358032
0390,2.4517,2.682166576385498
0390,1.5917,1.7884498834609985
0390,1.8094,1.6344902515411377
0390,1.9621,1.7572616338729858
0390,3.806,4.118411540985107
0390,4.1213,3.9913504123687744
0390,4.2716,4.017318248748779
0390,2.0558,2.175490617752075
0390,2.1175,1.8078243732452393
0390,2.2409,1.8315485715866089
0390,2.2636,2.2045631408691406
0390,2.38,2.1633918285369873
0390,2.6658,2.4485671520233154
0390,2.7759,3.4374427795410156
0390,4.5101,5.728240013122559
0390,4.7314,5.684432506561279
0390,6.7514,5.13925838470459
0390,7.3074,5.038421630859375
0390,1.875,2.2014048099517822
0390,4.4313,4.525627136230469
0390,4.5485,4.425354480743408
0390,4.5534,4.425354480743408
0390,1.4876,1.4344291687011719
0390,1.831,2.4069204330444336
0390,2.7093,2.5311098098754883
0390,2.9113,2.4213221073150635
0390,4.2573,4.15670919418335
0390,2.9304,2.9162752628326416
0390,3.0024,2.8677875995635986
0390,3.0381,2.81337308883667
0390,3.0992,2.824667453765869
0390,3.1094,3.516686201095581
0390,3.3238,3.640875816345215
0390,3.4009,3.5036556720733643
0390,4.0113,4.27466344833374
0390,4.0928,4.238533973693848
0390,4.1671,4.1305413246154785
0390,4.5153,4.936246395111084
0390,4.8704,4.931461811065674
0390,5.03,4.8670334815979
0390,5.0334,4.8847126960754395
0390,5.161,4.8670334815979
0390,2.4125,2.484086275100708
0390,2.4635,2.4880599975585938
0390,2.6568,2.4577481746673584
0390,3.4748,3.4985504150390625
0390,3.8383,3.391993284225464
0390,3.8561,4.555808067321777
0390,3.8909,4.101346969604492
0390,4.0303,4.131877422332764
0390,4.1418,4.539156436920166
0390,4.3847,4.043557643890381
0390,4.4349,4.518922805786133
0390,4.6549,4.466314315795898
0390,4.7904,4.541995048522949
0390,1.1164,1.3681360483169556
0390,1.1193,1.459166169166565
0390,1.7413,1.760422706604004
0390,1.9891,2.293487310409546
0390,5.5095,5.186051368713379
0390,1.3892,1.7001441717147827
0390,1.3927,1.678043007850647
0390,1.4469,1.6705180406570435
0390,1.5388,2.084334135055542
0390,1.8468,2.177363872528076
0390,2.0694,2.1515958309173584
0390,2.0722,2.1198737621307373
0390,3.4487,4.368779182434082
0390,3.6863,5.041445255279541
0390,4.5289,4.906143665313721
0390,4.6048,4.829926490783691
0390,4.6965,4.053514003753662
0390,5.0773,4.746840953826904
0390,5.1863,4.746840953826904
0390,5.3301,4.649113178253174
0390,5.5109,4.649113178253174
0390,1.8055,1.7257368564605713
0390,2.4293,2.232905864715576
0390,2.4293,2.300520181655884
0390,2.4618,2.308602809906006
0390,2.4618,2.3324546813964844
0390,2.7327,2.5305585861206055
0390,2.9325,3.023944854736328
0390,2.9548,3.053158760070801
0390,3.018,3.0475049018859863
0390,3.2132,3.326223373413086
0390,3.4623,3.326223373413086
0390,1.4327,1.4888652563095093
0390,1.5191,1.476565957069397
0390,1.851,2.1754424571990967
0390,2.0337,2.3597209453582764
0390,2.1092,2.3540403842926025
0390,2.1399,2.1754424571990967
0390,2.1399,1.9492411613464355
0390,2.2237,1.963394284248352
0390,1.4361,4.006936550140381
0390,2.8852,3.227689743041992
0390,3.8822,4.163124084472656
0390,3.9926,3.652632713317871
0390,6.2769,4.006936550140381
0390,1.0543,1.5936976671218872
0390,1.3503,1.2926216125488281
0390,1.353,1.326637625694275
0390,1.726,1.672522783279419
0390,1.8575,1.947961688041687
0390,3.129,3.101895809173584
0390,3.2064,3.115752935409546
0390,3.2648,3.0922787189483643
0390,5.2126,5.237482070922852
0390,5.2126,4.8494791984558105
0390,5.2177,5.251284599304199
0390,5.2262,5.157405853271484
0390,5.2663,5.18055534362793
0390,0.9194,1.2349185943603516
0390,1.9506,1.9416619539260864
0390,2.1578,1.9416619539260864
0390,1.4595,1.4843709468841553
0390,1.5043,1.4843709468841553
0390,1.7462,1.6476104259490967
0390,1.8918,1.6358153820037842
0390,0.7943,2.0859806537628174
0390,2.8333,3.5958526134490967
0390,2.8429,3.291572093963623
0390,3.1092,3.4516494274139404
0390,1.7688,1.8810584545135498
0390,1.9359,2.001464366912842
0390,2.0567,2.05772066116333
0390,2.4061,2.5244932174682617
0390,2.5008,2.518028497695923
0390,2.5044,2.586588144302368
0390,2.6347,2.518028497695923
0390,2.6826,2.5244932174682617
0390,2.7417,2.538172483444214
0390,5.1415,5.114811420440674
0390,5.3111,5.046218395233154
0390,1.1223,1.482374906539917
0390,1.2445,1.509706974029541
0390,1.3338,1.5025347471237183
0390,2.6356,2.572063446044922
0390,2.8862,1.182482361793518
0390,2.8891,3.0965235233306885
0390,3.0392,2.9665873050689697
0390,3.5687,3.372451066970825
0390,3.6415,3.352835178375244
0390,2.0017,2.383094072341919
0390,2.1493,2.1453449726104736
0390,2.2429,3.1464929580688477
0390,2.4812,3.1464929580688477
0390,2.5624,2.9850142002105713
0390,2.7259,2.9850142002105713
0390,2.7805,2.981989860534668
0390,3.1788,2.7411632537841797
0390,3.2982,2.830085039138794
0390,3.3035,2.9850142002105713
0390,3.3154,2.822650194168091
0390,3.3588,2.830085039138794
0390,5.213,4.981481075286865
0390,6.084,4.8394317626953125
0390,1.5387,1.709664225578308
0390,3.6418,3.0879197120666504
0390,3.6856,3.9443912506103516
0390,2.0717,2.198239803314209
0390,2.1398,2.1221723556518555
0390,2.1428,2.1803641319274902
0390,2.1479,2.3486363887786865
0390,2.4547,2.291779041290283
0390,3.511,3.8195736408233643
0390,4.6793,3.070425510406494
0390,1.1777,1.3226622343063354
0390,1.1806,1.331007480621338
0390,1.768,1.7230703830718994
0390,5.3817,5.2559309005737305
0390,5.3867,5.2559309005737305
0390,1.3157,1.2844172716140747
0390,1.7903,1.638893723487854
0390,1.805,2.0675532817840576
0390,1.8635,2.0746073722839355
0390,1.8667,1.6564446687698364
0390,2.0456,2.0781917572021484
0390,2.0505,2.0746073722839355
0390,4.0857,4.214591979980469
0390,4.1314,4.35646915435791
0390,4.7886,4.1134724617004395
0390,1.4434,1.703969120979309
0390,1.4463,1.703969120979309
0390,2.3111,2.43389892578125
0390,2.3666,2.396066427230835
0390,3.2009,3.4513320922851562
0390,3.2522,3.4332399368286133
0390,3.3783,3.4107072353363037
0390,2.933,2.6167213916778564
0390,1.9085,1.9146698713302612
0390,3.2523,3.428417921066284
0390,3.286,3.473205327987671
0390,3.292,3.4040374755859375
0390,3.6339,3.4029054641723633
0390,5.0207,5.0261335372924805
0390,5.1536,5.03330659866333
0390,2.1291,2.247349500656128
0390,2.1327,2.2600741386413574
0390,2.2085,2.2354979515075684
0390,2.2118,2.3506457805633545
0390,2.259,1.8065358400344849
0390,2.3323,2.248914957046509
0390,3.239,3.4955365657806396
0390,3.2893,3.4230220317840576
0390,1.8119,1.7951884269714355
0390,3.1924,4.228028774261475
0390,4.0474,4.155052661895752
0390,4.1062,4.199628829956055
0390,4.1487,4.556554317474365
0390,4.1608,4.133302211761475
0390,4.2013,4.504340171813965
0390,5.0051,4.39866304397583
0390,5.069,4.311750411987305
0390,1.7448,1.9644602537155151
0390,1.9912,2.460028648376465
0390,1.6168,1.5670866966247559
0390,1.8974,1.9553444385528564
0390,2.5804,2.399026870727539
0390,2.6706,2.42578125
0390,3.9288,3.2825710773468018
0390,3.9337,3.2825710773468018
0390,1.0547,1.79336416721344
0390,1.3342,1.7310266494750977
0390,1.5513,1.6653920412063599
0390,1.6119,1.6795811653137207
0390,1.6168,1.6748701333999634
0390,1.6562,1.9002292156219482
0390,1.7761,1.6653920412063599
0390,2.2058,1.9408866167068481
0390,1.16,1.7108652591705322
0390,1.8338,1.981732726097107
0390,3.1749,3.407382011413574
0390,3.2637,3.407382011413574
0390,1.8032,1.820603847503662
0390,1.9009,1.831871509552002
0390,2.4685,2.558382272720337
0390,2.2909,2.2423911094665527
0390,2.5002,2.5212957859039307
0390,3.8075,4.617496490478516
0390,4.9516,4.07384729385376
0390,5.1028,4.07384729385376
0390,5.8173,5.330946922302246
0390,3.8706,4.370937824249268
0390,4.9865,5.648169040679932
0390,1.7249,1.5420422554016113
0390,1.8395,1.8888429403305054
0390,1.8792,2.040411949157715
0390,1.9638,2.03408145904541
0390,2.0288,2.03408145904541
0390,2.4296,2.553926467895508
0390,2.4324,2.553926467895508
0390,2.6028,2.483851432800293
0390,1.787,1.8421469926834106
0390,1.8589,2.037827253341675
0390,1.9151,2.0210797786712646
0390,2.0674,2.0528862476348877
0390,2.3071,3.2411863803863525
0390,2.3497,2.0588667392730713
0390,2.3526,2.060722827911377
0390,2.6882,3.2411863803863525
0390,2.856,3.0678763389587402
0390,2.8926,2.9322450160980225
0390,3.069,3.96986722946167
0390,4.2834,3.690401792526245
0390,4.2862,2.555727005004883
0390,4.2862,3.691537380218506
0390,3.118,2.998394250869751
0390,3.1214,3.032607078552246
0390,3.1883,3.1463260650634766
0390,3.601,3.942779302597046
0390,3.604,3.8281800746917725
0390,5.4309,5.287590980529785
0390,0.8776,1.502712368965149
0390,1.133,1.479251503944397
0390,1.2358,1.4566179513931274
0390,1.7647,1.7750953435897827
0390,1.8001,1.8115233182907104
0390,1.9474,2.3454506397247314
0390,2.1353,2.154822826385498
0390,2.2368,2.2204201221466064
0390,2.4144,2.0801010131835938
0390,6.2885,6.062613487243652
0390,6.3911,5.96624231338501
0390,2.241,1.7725063562393188
0390,2.1086,2.115110397338867
0390,2.1086,2.1350998878479004
0390,2.1385,1.9776314496994019
0390,2.1415,2.1145131587982178
0390,2.1415,1.9479707479476929
0390,2.1753,2.242762327194214
0390,2.2307,2.0988199710845947
0390,2.24,2.293583393096924
0390,2.2448,2.2091071605682373
0390,2.3213,2.06418776512146
0390,2.3828,2.2662556171417236
0390,2.456,2.2107481956481934
0390,4.1257,3.945845127105713
0390,4.2777,3.880528688430786
0390,1.838,1.9427915811538696
0390,1.8767,2.202394962310791
0390,1.9279,2.1621010303497314
0390,2.9282,2.092040777206421
0390,3.0161,3.32369065284729
0390,3.1094,2.0039618015289307
0390,3.1406,3.3241748809814453
0390,3.2216,4.933401107788086
0390,3.2542,3.1316142082214355
0390,3.4772,3.2328081130981445
0390,4.8171,4.244740962982178
0390,5.2671,4.219789981842041
0390,1.4991,1.6593178510665894
0390,1.6259,1.5763920545578003
0390,1.7327,1.7517731189727783
0390,1.7703,1.7755848169326782
0390,2.1592,1.8163236379623413
0390,1.258,1.468024730682373
0390,1.9995,2.110822916030884
0390,2.2589,1.9554994106292725
0390,2.3725,2.3457858562469482
0390,6.3499,6.06743860244751
0390,6.355,6.06743860244751
0390,1.7281,1.9471091032028198
0390,1.7693,1.936829924583435
0390,1.7721,1.9471091032028198
0390,2.237,2.13753342628479
0390,3.5993,4.237025260925293
0390,3.9576,3.9523792266845703
0390,3.961,4.178979396820068
0390,4.0387,4.106966495513916
0390,5.2458,3.9523792266845703
0390,1.5901,1.8445322513580322
0390,1.879,1.9216934442520142
0390,1.9857,1.9213323593139648
0390,2.1139,2.022278308868408
0390,1.5109,1.5077422857284546
0390,1.6953,2.1456215381622314
0390,2.5943,2.4439857006073
0390,1.3482,1.7720720767974854
0390,1.3516,1.7720720767974854
0390,1.7894,1.7733091115951538
0390,1.7943,1.769318699836731
0390,2.6804,2.5350723266601562
0390,2.9744,3.4322752952575684
0390,3.0316,3.370838165283203
0390,3.2643,3.2313616275787354
0390,3.621,3.2313616275787354
0390,1.5069,1.4978488683700562
0390,3.094,3.8155808448791504
0390,3.9888,4.0723876953125
0390,3.9938,4.069138050079346
0390,4.0251,3.32519268989563
0390,4.1905,3.996912956237793
0390,4.9416,5.123602390289307
0390,5.0331,4.9535417556762695
0390,1.4617,1.154416561126709
0390,1.9263,2.0389418601989746
0390,1.9942,2.0496714115142822
0390,2.4024,2.514622688293457
0390,2.4024,2.36122465133667
0390,6.0184,5.692203521728516
0390,2.2993,2.364300489425659
0390,3.6514,3.5322890281677246
0390,3.7309,3.509202003479004
0390,3.7891,5.1504807472229
0390,4.3044,4.509478569030762
0390,4.7062,4.87026834487915
0390,4.9397,4.568843364715576
0390,1.0042,1.3200314044952393
0390,1.7548,1.8035897016525269
0390,1.7578,1.7812800407409668
0390,4.1461,3.3383147716522217
0390,2.012,2.098021984100342
0390,2.5507,2.3020026683807373
0390,3.6242,4.089986324310303
0390,3.8327,4.632727146148682
0390,3.9067,4.650254726409912
0390,4.8064,4.502877712249756
0390,4.8871,4.632727146148682
0390,5.0008,4.480627059936523
0390,1.8573,1.7848215103149414
0390,2.5001,2.7926828861236572
0390,4.5349,3.960815191268921
0390,2.3616,2.5623083114624023
0390,2.4419,2.4759535789489746
0390,2.9511,3.155620813369751
0390,3.0137,3.1806766986846924
0390,3.0165,3.155620813369751
0390,3.1157,3.1806766986846924
0390,3.7717,3.5351269245147705
0390,1.8926,1.9980316162109375
0390,1.9978,2.0569121837615967
0390,2.565,2.677828788757324
0390,2.5702,2.6600735187530518
0390,2.9039,2.8431806564331055
0390,2.9088,2.783877372741699
0390,3.1655,3.4019381999969482
0390,3.2296,3.390855312347412
0390,3.7657,3.2108044624328613
0390,4.0896,3.8284287452697754
0390,4.0974,3.7917139530181885
0390,1.8239,1.8445261716842651
0390,1.9792,2.1293787956237793
0390,2.1707,2.171790361404419
0390,3.008,3.2947630882263184
0390,3.1661,3.3240394592285156
0390,4.7814,4.921529293060303
0390,5.2606,4.593249320983887
0390,5.94,5.792469501495361
0390,6.0233,5.7168989181518555
0390,2.2529,3.822822332382202
0390,2.5293,3.6929166316986084
0390,4.3325,4.786378383636475
0390,4.4634,3.114804744720459
0390,4.6449,2.9947516918182373
0390,5.1433,4.581353664398193
0390,4.0965,4.209498405456543
0390,4.2525,4.1535210609436035
0390,5.9536,5.666427135467529
0390,6.0604,5.666427135467529
0390,6.0604,5.969717025756836
0390,1.2263,1.8603456020355225
0390,2.2228,2.0979714393615723
0390,2.2277,2.1145131587982178
0390,5.0368,4.110316276550293
0390,5.6431,5.603188991546631
0390,5.6459,5.590269088745117
0390,5.7337,5.6375956535339355
0390,1.5244,1.7845110893249512
0390,1.723,1.6813122034072876
0390,1.9162,2.1216161251068115
0390,1.3692,1.5135178565979004
0390,2.2644,2.3675272464752197
0390,2.5075,2.3225739002227783
0390,2.6647,2.3597209453582764
0390,2.6977,2.8373329639434814
0390,2.7916,2.84267258644104
0390,2.9981,2.25132417678833
0390,1.8533,2.0294394493103027
0390,4.4906,4.6210713386535645
0390,4.5331,4.722462177276611
0390,4.6828,4.596228122711182
0390,4.969,5.480091571807861
0390,5.4928,5.330848217010498
0390,5.4977,5.385313034057617
0390,5.6365,5.333829879760742
0390,1.3471,1.7478690147399902
0390,1.4948,2.1940982341766357
0390,3.0894,3.3379740715026855
0390,3.2239,3.331819772720337
0390,3.296,3.3430845737457275
0390,3.841,3.922482490539551
0390,3.8445,3.9370040893554688
0390,4.0219,4.995630741119385
0390,5.139,5.012416362762451
0390,1.579,1.5884395837783813
0390,1.9826,2.6358449459075928
0390,2.3916,2.3736813068389893
0390,2.5498,2.230518341064453
0390,2.8579,2.515653371810913
0390,2.8613,2.551750898361206
0390,0.9169,1.02925705909729
0390,1.6679,1.6942486763000488
0390,4.5215,3.6793534755706787
0390,1.6764,2.012174129486084
0390,1.748,2.004638433456421
0390,1.7513,1.970476746559143
0390,2.0223,2.016857862472534
0390,2.0816,1.9578649997711182
0390,2.0844,1.9762263298034668
0390,2.9057,3.1871814727783203
0390,5.4344,5.621608734130859
0390,5.5262,5.504607200622559
0390,2.0619,1.9765005111694336
0390,4.0733,4.388283729553223
0390,4.5428,4.2220988273620605
0390,6.8449,5.849526405334473
0390,7.188,5.82008695602417
0390,7.1916,5.82008695602417
0390,1.7182,1.7062987089157104
0390,3.0162,3.324350357055664
0390,5.9148,6.481845378875732
0390,6.569,6.227067947387695
0390,6.9049,6.244370460510254
0390,3.0922,2.4378647804260254
0390,6.215,5.871976852416992
0390,6.2543,5.9155755043029785
0390,1.2278,1.4237778186798096
0390,1.9767,2.158937692642212
0390,2.4694,2.740583896636963
0390,4.1308,4.037284851074219
0390,5.1239,4.4735846519470215
0390,2.6438,2.44657039642334
0390,2.7253,2.384404420852661
0390,3.022,3.263214588165283
0390,3.6364,3.0969693660736084
0390,3.731,4.241964817047119
0390,3.7793,4.23714017868042
0390,4.7547,3.947486639022827
0390,1.3242,1.6397401094436646
0390,1.3753,1.6535135507583618
0390,1.8678,2.0652987957000732
0390,1.9997,2.0629427433013916
0390,2.4517,3.389019727706909
0390,3.555,2.9973702430725098
0390,4.4575,2.726522922515869
0390,4.8777,5.0477142333984375
0390,1.7717,2.012754440307617
0390,2.1448,2.137927532196045
0390,2.1994,2.10010027885437
0390,2.5326,2.6260194778442383
0390,2.5719,2.5740673542022705
0390,2.7138,2.587423801422119
0390,2.8873,2.5513579845428467
0390,1.4989,1.6596649885177612
0390,1.5547,1.6596649885177612
0390,2.8059,4.281224727630615
0390,2.8885,2.7867989540100098
0390,3.1412,3.274512529373169
0390,3.1802,3.3036022186279297
0390,4.0214,3.769214391708374
0390,4.0999,3.8223509788513184
0390,1.5089,1.6889324188232422
0390,1.8636,1.8073803186416626
0390,2.2246,2.3928229808807373
0390,2.3907,2.2800633907318115
0390,2.6049,2.656266212463379
0390,2.7766,2.5506327152252197
0390,2.2626,2.3177907466888428
0390,2.4848,2.7074830532073975
0390,2.4887,2.792879343032837
0390,2.5292,2.7092642784118652
0390,2.5331,2.792879343032837
0390,3.0064,2.621476888656616
0390,3.044,2.6033172607421875
0390,4.3015,5.13775110244751
0390,5.1624,4.564634323120117
0390,5.4623,4.564634323120117
0390,1.5641,1.6844290494918823
0390,1.5753,1.6670981645584106
0390,1.6301,1.7371920347213745
0390,1.6914,1.6712862253189087
0390,1.7656,1.696169137954712
0390,1.7688,1.9506993293762207
0390,2.6953,2.631608486175537
0390,2.8022,2.679375410079956
0390,2.8501,2.5685272216796875
0390,3.0112,3.213583469390869
0390,3.2478,3.1315791606903076
0390,5.8438,5.194330215454102
0390,1.5247,1.6245919466018677
0390,1.5378,1.6406008005142212
0390,1.5865,1.6383525133132935
0390,2.5629,2.400026321411133
0390,4.1826,4.446617126464844
0390,4.4682,5.028488636016846
0390,4.5114,5.1182780265808105
0390,4.6035,5.093017101287842
0390,4.786,5.10262393951416
0390,5.2981,5.060581684112549
0390,5.4091,5.1182780265808105
0390,5.9155,5.028488636016846
0390,3.7821,3.9459571838378906
0390,3.8498,3.7988414764404297
0390,4.2485,4.1702423095703125
0390,4.6316,4.1702423095703125
0390,1.7624,1.989668846130371
0390,1.815,1.9781523942947388
0390,2.2043,2.225917339324951
0390,2.8591,4.095464706420898
0390,3.8511,3.945782423019409
0390,3.8511,4.104770660400391
0390,3.8647,3.7201950550079346
0390,3.9308,4.007013320922852
0390,3.9308,4.0924577713012695
0390,3.9952,4.01115083694458
0390,3.9952,4.047391414642334
0390,4.0919,3.972968101501465
0390,4.0919,4.047391414642334
0390,4.1727,3.94706130027771
0390,4.1727,4.1398024559021
0390,4.1754,3.94706130027771
0390,4.1754,4.047391414642334
0390,4.1803,3.945782423019409
0390,4.1803,4.047391414642334
0390,4.229,3.984297752380371
0390,4.229,4.048125743865967
0390,4.4102,3.6254289150238037
0390,4.5793,5.402479648590088
0390,4.8066,5.257429599761963
0390,6.1184,4.951128005981445
0390,1.6323,1.8223885297775269
0390,1.7011,1.8762847185134888
0390,1.7455,1.887434959411621
0390,1.7698,1.7460145950317383
0390,1.8043,1.7149800062179565
0390,1.8077,1.7404862642288208
0390,1.816,1.8367867469787598
0390,2.055,1.8091257810592651
0390,2.2393,2.2539422512054443
0390,2.3263,2.5100274085998535
0390,2.4534,2.276728868484497
0390,1.9893,2.1576437950134277
0390,1.0839,2.5900394916534424
0390,2.144,2.039088487625122
0390,2.2298,1.9843586683273315
0390,3.0207,2.630857229232788
0390,3.0253,2.5173773765563965
0390,3.2033,2.581289768218994
0390,3.3272,4.239943504333496
0390,4.1347,4.075766563415527
0390,4.4011,3.8912651538848877
0390,3.0241,4.922318935394287
0390,3.075,4.837562561035156
0390,3.96,3.6619317531585693
0390,4.0742,3.6015169620513916
0390,4.5473,5.521285057067871
0390,4.5886,5.733087539672852
0390,4.6408,5.716168403625488
0390,5.5076,3.8174667358398438
0390,5.5566,5.564038276672363
0390,5.5867,5.667172908782959
0390,6.0877,3.8077661991119385
0390,6.1919,5.487334728240967
0390,6.7894,5.421971797943115
0390,7.1423,5.521285057067871
0390,1.6598,1.7988862991333008
0390,1.722,1.8324631452560425
0390,2.634,2.638793706893921
0390,2.687,2.604414463043213
0390,4.6306,4.8821868896484375
0390,4.8157,4.845257759094238
0390,4.8187,4.827526092529297
0390,4.8378,4.862776279449463
0390,0.7313,0.8573541045188904
0390,1.6772,2.021876573562622
0390,1.7639,1.7597874402999878
0390,2.0429,2.0264079570770264
0390,5.0208,5.175021648406982
0390,1.1656,1.5764659643173218
0390,3.1908,3.3690037727355957
0390,3.1962,3.3315703868865967
0390,4.0237,3.0903801918029785
0390,4.0237,4.010165214538574
0390,4.3396,4.933837413787842
0390,5.1503,4.46225643157959
0390,1.8902,2.0488476753234863
0390,2.7861,3.3898234367370605
0390,2.8437,3.219029664993286
0390,3.875,3.8488738536834717
0390,5.29,5.097285747528076
0390,6.2546,5.778323650360107
0390,2.6419,3.027688503265381
0390,3.0622,3.012521743774414
0390,3.1881,3.020019054412842
0390,3.224,3.002124547958374
0390,1.3751,1.8372246026992798
0390,1.4216,1.5740431547164917
0390,2.002,2.0838143825531006
0390,2.1296,2.1000678539276123
0390,2.1324,2.032616376876831
0390,3.869,3.464787244796753
0390,2.1786,2.244004011154175
0390,2.3813,2.221163034439087
0390,4.7845,4.706639766693115
0390,4.7895,4.713583469390869
0390,1.4529,1.6485697031021118
0390,1.6762,1.589310884475708
0390,1.6762,1.9184952974319458
0390,1.8804,2.021876573562622
0390,2.5059,3.2703871726989746
0390,2.777,3.271817684173584
0390,3.0557,3.2175190448760986
0390,3.1441,3.1733176708221436
0390,3.2013,3.1308279037475586
0390,3.588,3.2703871726989746
0390,1.2585,1.364791750907898
0390,1.7952,1.9052114486694336
0390,4.5715,4.470720291137695
0390,5.8202,5.156874179840088
0390,6.4608,6.081375598907471
0390,6.5177,5.954813480377197
0390,1.6165,1.8845441341400146
0390,1.6634,1.8451311588287354
0390,2.9942,3.295868396759033
0390,3.386,3.4509105682373047
0390,3.6978,3.295868396759033
0390,3.7505,3.295868396759033
0390,1.8526,1.7597262859344482
0390,1.947,1.7597262859344482
0390,4.2623,4.536717891693115
0390,5.407,4.6631059646606445
0390,1.8711,2.0871694087982178
0390,3.187,3.601106643676758
0390,3.2467,3.607813835144043
0390,3.432,3.5598363876342773
0390,3.5852,3.4148340225219727
0390,1.4205,1.3577065467834473
0390,1.4237,1.3540621995925903
0390,2.8104,2.3306522369384766
0390,2.884,2.2881619930267334
0390,2.9189,2.944524049758911
0390,2.9431,2.9366166591644287
0390,3.2276,3.225475549697876
0390,3.5371,2.8626174926757812
0390,1.5994,1.9723167419433594
0390,2.3118,1.964571237564087
0390,2.9657,3.050839900970459
0390,3.0677,3.090221643447876
0390,3.1207,3.050839900970459
0390,4.3414,4.5560383796691895
0390,0.6469,0.913097083568573
0390,1.8576,1.9204978942871094
0390,1.8576,1.9371684789657593
0390,1.9085,1.872367024421692
0390,1.9085,1.9439011812210083
0390,2.0524,2.1655800342559814
0390,2.1302,2.146237373352051
0390,2.6495,2.212484121322632
0390,1.6882,2.079103708267212
0390,1.7274,1.994915246963501
0390,2.2813,2.8440842628479004
0390,2.4154,2.2936599254608154
0390,2.4736,2.80791974067688
0390,2.6479,2.7223641872406006
0390,2.7322,2.6706764698028564
0390,2.8006,2.7417407035827637
0390,2.5231,2.5456790924072266
0390,4.0273,4.242347240447998
0390,4.1537,4.239797115325928
0390,4.2104,4.198862552642822
0390,4.2104,3.8659508228302
0390,4.2539,4.231839656829834
0390,4.2588,4.157562732696533
0390,4.2686,4.200793743133545
0390,4.4152,3.8659508228302
0390,4.4926,3.8659508228302
0390,1.8879,1.916006326675415
0390,1.9568,1.8953216075897217
0390,2.2218,2.367677927017212
0390,2.3371,2.4867119789123535
0390,2.3398,2.4267477989196777
0390,2.3751,2.4867119789123535
0390,4.0363,4.102728366851807
0390,2.3139,2.515042543411255
0390,2.4817,2.4123427867889404
0390,3.3024,3.6456799507141113
0390,3.4674,3.617433786392212
0390,3.4701,3.5878870487213135
0390,1.6385,1.7675623893737793
0390,1.7326,1.773749828338623
0390,3.807,3.894901990890503
0390,3.8105,3.85901141166687
0390,2.0972,2.1746253967285156
0390,2.5483,2.159099817276001
0390,3.6853,3.8508269786834717
0390,3.7541,3.77978777885437
0390,3.7587,3.83948016166687
0390,3.7587,3.7689123153686523
0390,3.7634,3.7523293495178223
0390,3.8072,3.695580005645752
0390,3.9123,3.7689123153686523
0390,1.4884,1.5419862270355225
0390,1.5053,1.9792778491973877
0390,1.5133,1.7563437223434448
0390,1.7353,1.9435162544250488
0390,1.8209,2.047218084335327
0390,1.8258,2.047218084335327
0390,1.9357,1.895685076713562
0390,2.0947,2.114598512649536
0390,2.2556,1.8225382566452026
0390,2.315,2.1295628547668457
0390,2.4695,2.8687868118286133
0390,2.5788,2.918027639389038
0390,2.5788,2.114598512649536
0390,2.752,2.8551456928253174
0390,3.1884,2.7663486003875732
0390,2.2703,3.380622148513794
0390,2.4353,3.380622148513794
0390,2.5506,3.1901845932006836
0390,2.7026,3.493208169937134
0390,2.7754,3.4211933612823486
0390,2.9546,3.100642681121826
0390,3.0863,3.1554079055786133
0390,3.295,3.380622148513794
0390,3.4749,3.100642681121826
0390,3.5722,2.893738269805908
0390,4.2377,3.0255799293518066
0390,4.3138,3.069300889968872
0390,5.1257,2.893738269805908
0390,5.6021,5.339207172393799
0390,1.4353,1.7058157920837402
0390,2.3809,2.3818325996398926
0390,2.8587,2.5841753482818604
0390,2.862,2.554412841796875
0390,1.4707,1.7982980012893677
0390,1.6637,1.7981948852539062
0390,1.7737,1.7662469148635864
0390,2.1795,1.7207860946655273
0390,1.2337,2.1502206325531006
0390,2.5394,1.504789113998413
0390,2.6291,2.9173624515533447
0390,1.5615,1.5033719539642334
0390,1.9991,2.4602468013763428
0390,2.0955,2.4134867191314697
0390,2.3682,2.200761318206787
0390,2.469,2.265660524368286
0390,1.7635,2.2313759326934814
0390,1.9214,2.2774484157562256
0390,2.176,2.2314815521240234
0390,2.3309,2.216029644012451
0390,2.383,2.218778371810913
0390,2.462,2.7330434322357178
0390,2.6904,2.1268393993377686
0390,2.7843,3.538989305496216
0390,2.7892,3.538989305496216
0390,3.896,2.216029644012451
0390,1.1119,1.5016813278198242
0390,1.7191,1.5000735521316528
0390,2.3597,2.212038993835449
0390,2.8517,3.10886287689209
0390,3.0403,3.0124871730804443
0390,3.0437,3.007131576538086
0390,1.6232,1.7032396793365479
0390,1.89,2.016704797744751
0390,2.9362,3.0877537727355957
0390,3.1386,3.443174123764038
0390,3.161,2.9608662128448486
0390,3.1966,2.9274566173553467
0390,3.2092,3.4436893463134766
0390,3.22,3.440493583679199
0390,1.9927,1.6348209381103516
0390,2.1082,2.0154738426208496
0390,2.0447,2.29241681098938
0390,4.9474,5.047591209411621
0390,5.1642,4.942119121551514
0390,3.2624,3.1370255947113037
0390,3.3599,3.0967910289764404
0390,1.4501,2.1286933422088623
0390,2.2237,2.339282751083374
0390,5.339,4.955774307250977
0390,5.4024,4.929276466369629
0390,2.4779,2.223510265350342
0390,2.6017,2.223510265350342
0390,4.4754,4.267591953277588
0390,4.4805,4.2208428382873535
0390,1.4024,1.8192298412322998
0390,1.5539,1.775817632675171
0390,1.7208,1.6584364175796509
0390,1.7292,1.6690239906311035
0390,1.7816,1.8263615369796753
0390,1.9738,1.775817632675171
0390,2.0126,1.6584364175796509
0390,5.0423,4.721030235290527
0390,2.1277,2.2233400344848633
0390,3.5826,3.922837734222412
0390,3.6727,3.913677930831909
0390,3.7533,3.815631151199341
0390,3.8052,3.8591184616088867
0390,3.8632,3.815631151199341
0390,3.9826,3.815631151199341
0390,1.1238,1.520214557647705
0390,1.127,1.481115460395813
0390,1.6694,1.7314945459365845
0390,1.6749,1.7159897089004517
0390,1.7179,1.6670820713043213
0390,1.8217,1.7218775749206543
0390,3.5944,3.575932264328003
0390,3.7466,3.524324893951416
0390,4.407,5.244167327880859
0390,4.665,4.436284065246582
0390,4.7626,4.350281238555908
0390,5.1571,4.9998321533203125
0390,5.4044,4.937933921813965
0390,1.9616,2.007920026779175
0390,3.0651,2.910537004470825
0390,3.0681,2.94856595993042
0390,2.0468,2.2044835090637207
0390,1.5967,2.0801377296447754
0390,1.7616,2.035696029663086
0390,1.8251,2.0801377296447754
0390,1.8876,1.9593085050582886
0390,1.8905,1.9448227882385254
0390,2.1376,1.9891364574432373
0390,2.1147,3.0584256649017334
0390,3.3333,2.4303083419799805
0390,3.5015,2.9893524646759033
0390,3.5083,3.104383945465088
0390,1.8532,1.7499349117279053
0390,1.8758,2.025773048400879
0390,2.3547,1.9616740942001343
0390,2.4457,1.867502212524414
0390,3.5063,3.5671145915985107
0390,3.6684,3.618753433227539
0390,3.1289,3.055349111557007
0390,3.5746,3.7370691299438477
0390,3.6962,3.8063297271728516
0390,3.8529,3.8063297271728516
0390,1.948,2.0122909545898438
0390,2.0073,1.961662769317627
0390,2.0705,1.8658403158187866
0390,2.0851,1.9827039241790771
0390,2.1536,2.011296033859253
0390,2.2591,1.974594235420227
0390,4.5977,4.571739196777344
0390,1.6207,1.665797472000122
0390,1.6964,1.6434636116027832
0390,3.8375,4.118293285369873
0390,3.9168,4.0743727684021
0390,3.9208,4.094170093536377
0390,4.5121,3.9971911907196045
0390,1.1901,1.439367651939392
0390,1.2597,1.391373634338379
0390,1.4398,1.439367651939392
0390,1.7528,1.7759733200073242
0390,1.856,1.7764079570770264
0390,1.9854,2.0959413051605225
0390,2.0282,1.391373634338379
0390,2.0282,2.0888264179229736
0390,2.0888,1.3873376846313477
0390,2.0888,2.0713372230529785
0390,2.9144,2.9387755393981934
0390,3.2599,3.7837913036346436
0390,4.5883,4.6170454025268555
0390,4.6501,4.651047706604004
0390,2.3985,2.3681275844573975
0390,2.402,2.270808219909668
0390,4.008,5.037573337554932
0390,5.0463,4.509475231170654
0390,5.2184,4.509475231170654
0390,1.6396,2.0220305919647217
0390,1.6882,2.0763258934020996
0390,6.5938,6.247816562652588
0390,1.6722,1.6854861974716187
0390,2.4931,2.428989887237549
0390,2.5611,2.4413957595825195
0390,2.9156,2.7844467163085938
0390,3.022,2.888667106628418
0390,3.0271,2.8543505668640137
0390,3.159,2.7844467163085938
0390,1.8832,1.833664059638977
0390,2.7673,3.609077215194702
0390,2.8281,3.489349603652954
0390,2.9926,3.551213026046753
0390,3.1964,3.489349603652954
0390,3.4452,3.5536746978759766
0390,3.5336,3.609077215194702
0390,3.8217,3.4775657653808594
0390,4.2412,3.489349603652954
0390,4.2484,3.489349603652954
0390,4.3133,3.551213026046753
0390,1.9049,1.8577206134796143
0390,1.9096,1.827017903327942
0390,4.019,3.6983866691589355
0390,4.8032,4.591895580291748
0390,1.1737,2.196890354156494
0390,2.8243,2.768061876296997
0390,2.45,2.257814645767212
0390,2.4552,2.318101406097412
0390,3.2667,3.6030426025390625
0390,3.396,3.5159740447998047
0390,3.5174,3.5159740447998047
0390,3.5631,3.5926003456115723
0390,3.6765,3.5140433311462402
0390,1.8917,2.1091880798339844
0390,2.0387,1.9513088464736938
0390,5.3417,5.095725059509277
0390,5.3466,5.0363054275512695
0390,1.6783,1.7228626012802124
0390,1.729,1.7401220798492432
0390,3.756,4.182725429534912
0390,3.9817,4.114502429962158
0390,4.0321,4.165381908416748
0390,4.2251,4.130029678344727
0390,4.23,4.121092796325684
0390,4.5593,4.480233669281006
0390,4.6548,4.505605697631836
0390,4.6598,4.519991874694824
0390,4.7484,4.479703426361084
0390,1.0085,1.4508007764816284
0390,2.1981,2.2327823638916016
0390,2.8997,3.758166790008545
0390,3.4406,3.5834429264068604
0390,3.7226,3.335772752761841
0390,3.8117,3.335772752761841
0390,5.1745,4.40600061416626
0390,5.1893,4.359537601470947
0390,1.8554,2.683138132095337
0390,2.9101,2.4529240131378174
0390,3.1445,3.2668025493621826
0390,3.5928,3.6184000968933105
0390,4.1668,4.118927478790283
0390,4.1718,4.14037561416626
0390,4.3042,4.47197961807251
0390,4.6012,4.300722599029541
0390,4.6062,4.321397304534912
0390,4.7967,4.036962985992432
0390,1.4021,1.7265998125076294
0390,1.7382,1.7265998125076294
0390,1.7922,1.834740400314331
0390,2.7913,2.6660311222076416
0390,2.7961,2.638629913330078
0390,2.8544,2.6622135639190674
0390,3.1413,2.638629913330078
0390,0.9033,1.294632077217102
0390,0.9065,1.3646588325500488
0390,0.9788,1.3646588325500488
0390,1.2097,1.2198352813720703
0390,2.0911,2.180886745452881
0390,2.1484,2.1552064418792725
0390,2.2339,2.110834836959839
0390,4.0315,4.892547607421875
0390,4.2208,4.811271667480469
0390,4.7395,4.788771629333496
0390,4.8341,4.771650791168213
0390,4.9481,4.811271667480469
0390,5.0442,4.670051574707031
0390,5.2191,4.670051574707031
0390,5.374,4.707705020904541
0390,2.3413,2.395167112350464
0390,2.3463,2.395167112350464
0390,2.5282,2.3911876678466797
0390,3.702,4.051220893859863
0390,3.8514,4.077219009399414
0390,4.2263,3.93215274810791
0390,4.2608,4.7676167488098145
0390,4.3703,4.765567779541016
0390,4.47,4.765567779541016
0390,4.6227,4.69959831237793
0390,4.6764,4.745865821838379
0390,4.727,4.765567779541016
0390,4.8094,4.718083381652832
0390,5.3574,4.649763107299805
0390,6.768,6.283659934997559
0390,1.4354,1.9314279556274414
0390,1.4403,1.8558093309402466
0390,1.5304,1.9946409463882446
0390,1.9193,1.975975751876831
0390,2.2321,2.3328163623809814
0390,2.2351,2.3067879676818848
0390,3.3405,3.9786627292633057
0390,3.4638,4.166407585144043
0390,3.6293,3.939837694168091
0390,3.9362,3.9618449211120605
0390,3.9531,3.9227871894836426
0390,4.0384,3.8902976512908936
0390,4.0803,3.8829448223114014
0390,4.1763,3.8969738483428955
0390,4.231,3.884467601776123
0390,4.6894,3.7686052322387695
0390,6.7676,6.388707160949707
0390,1.2622,1.4828680753707886
0390,1.3034,1.5076595544815063
0390,2.4792,2.132643461227417
0390,1.6993,2.0657074451446533
0390,1.8367,1.9481643438339233
0390,2.3404,2.8201589584350586
0390,2.8539,3.202442169189453
0390,2.4126,2.832871198654175
0390,2.8549,2.916902542114258
0390,3.0403,2.9022490978240967
0390,3.1639,2.85941743850708
0390,3.4511,3.7764298915863037
0390,3.4763,2.7881829738616943
0390,3.7015,2.832871198654175
0390,4.1147,3.880579948425293
0390,4.2031,3.9483957290649414
0390,1.864,2.3102190494537354
0390,2.25,2.362273931503296
0390,2.4618,2.362273931503296
0390,2.7577,2.9862802028656006
0390,2.8901,2.8875272274017334
0390,2.9646,3.1776647567749023
0390,2.968,3.12800669670105
0390,3.4167,3.814530849456787
0390,3.5643,3.948194742202759
0390,3.8459,3.8624014854431152
0390,4.0044,3.852145195007324
0390,5.9522,5.711759567260742
0390,6.0001,5.720797538757324
0390,2.1053,2.6499311923980713
0390,2.7672,2.4395806789398193
0390,1.7859,1.8833824396133423
0390,2.4445,3.0359129905700684
0390,5.8862,5.969094753265381
0390,6.0282,5.805747032165527
0390,1.9696,2.170860528945923
0390,1.8531,1.8616105318069458
0390,2.3472,2.1219465732574463
0390,2.3507,2.1602230072021484
0390,3.0118,3.1793174743652344
0390,3.2343,3.010692834854126
0390,3.3119,3.083451747894287
0390,1.7348,1.8261715173721313
0390,1.8074,1.913095474243164
0390,1.8861,1.9095218181610107
0390,1.8892,1.8873106241226196
0390,1.9269,1.9172401428222656
0390,2.4024,2.519352436065674
0390,2.406,2.3877925872802734
0390,1.6107,1.7788474559783936
0390,2.1287,2.001305341720581
0390,2.2602,2.1053309440612793
0390,2.4407,3.473294496536255
0390,2.4985,3.3677964210510254
0390,3.443,3.172534942626953
0390,4.7942,2.3849189281463623
0390,2.4563,2.3445770740509033
0390,2.4813,2.6658742427825928
0390,2.5142,2.58835768699646
0390,2.5193,2.2678940296173096
0390,2.8727,3.631464958190918
0390,3.5055,3.8398964405059814
0390,1.6109,1.7361539602279663
0390,1.6709,1.7719964981079102
0390,1.8539,1.795438289642334
0390,2.0915,1.7361539602279663
0390,2.1857,2.1339120864868164
0390,4.8763,4.929276466369629
0390,4.9922,4.955774307250977
0390,4.9957,5.037866592407227
0390,5.0609,5.030460357666016
0390,5.7479,5.965488433837891
0390,5.9474,5.927271366119385
0390,1.8159,2.0036377906799316
0390,1.8898,2.0432546138763428
0390,1.8898,2.0596373081207275
0390,2.077,2.0596373081207275
0390,2.1299,1.9627727270126343
0390,2.3424,2.478220224380493
0390,2.3976,2.4810500144958496
0390,2.4531,2.397918224334717
0390,2.5641,2.756931781768799
0390,2.5843,2.758601427078247
0390,2.6143,2.745521068572998
0390,2.6959,2.711120128631592
0390,2.8932,2.6940062046051025
0390,2.9568,2.711120128631592
0390,3.4275,3.501129150390625
0390,3.4309,3.501129150390625
0390,3.4727,3.4315223693847656
0390,3.5006,3.4578940868377686
0390,3.5399,3.4578940868377686
0390,3.545,3.4576737880706787
0390,2.1203,2.3648898601531982
0390,2.1752,2.301201105117798
0390,2.2792,2.3648898601531982
0390,2.6801,2.4597668647766113
0390,2.735,2.3943841457366943
0390,3.427,3.565730333328247
0390,3.4912,3.5377283096313477
0390,3.4956,3.565730333328247
0390,1.8647,1.8359342813491821
0390,2.0923,2.194322347640991
0390,2.1863,2.194322347640991
0390,2.189,2.1368913650512695
0390,4.3482,4.5753350257873535
0390,4.465,4.488036155700684
0390,4.4682,4.5418291091918945
0390,1.1936,1.5942127704620361
0390,1.1996,1.5632885694503784
0390,1.3198,1.5292043685913086
0390,1.8813,2.04331374168396
0390,1.959,1.9575718641281128
0390,4.2505,4.15670919418335
0390,4.4392,4.116225719451904
0390,5.6711,5.031464099884033
0390,1.8736,2.1463303565979004
0390,4.1011,3.8288497924804688
0390,0.6179,1.060615062713623
0390,1.355,1.412030577659607
0390,2.0993,2.315782070159912
0390,2.1334,2.36826753616333
0390,2.4949,1.9297947883605957
0390,4.0676,4.10313606262207
0390,4.3036,3.9300220012664795
0390,1.1909,1.3974429368972778
0390,2.0366,2.031639575958252
0390,2.0458,2.3171725273132324
0390,2.0511,2.262985944747925
0390,2.0564,2.3171725273132324
0390,2.1735,1.9738291501998901
0390,2.8814,2.5333163738250732
0390,5.0146,5.050323486328125
0390,1.4984,1.5396230220794678
0390,1.6197,1.7808820009231567
0390,1.676,1.787124514579773
0390,6.0711,5.819931983947754
0390,1.7299,1.8118990659713745
0390,1.7868,1.7858741283416748
0390,1.7895,1.7802785634994507
0390,1.902,2.200627565383911
0390,2.252,1.768276572227478
0390,2.4463,2.0810799598693848
0390,3.1039,3.3643782138824463
0390,3.19,3.4197750091552734
0390,3.2708,3.4056396484375
0390,3.3505,3.41573166847229
0390,3.439,3.370020866394043
0390,1.4301,1.763514518737793
0390,1.4507,1.6935255527496338
0390,1.4796,1.778084397315979
0390,1.8,1.5994662046432495
0390,2.2448,2.361980676651001
0390,2.8746,2.930264949798584
0390,2.8776,3.0178027153015137
0390,1.5256,1.6759369373321533
0390,1.5833,1.5922517776489258
0390,1.7393,1.5922517776489258
0390,1.9353,1.9284406900405884
0390,2.2228,2.7356605529785156
0390,1.5973,1.794886827468872
0390,1.9478,2.1005640029907227
0390,2.1046,2.0834603309631348
0390,2.1005,2.108623504638672
0390,1.6931,2.2716498374938965
0390,1.7578,1.8930026292800903
0390,1.889,1.9189748764038086
0390,4.0197,4.0515241622924805
0390,4.136,4.037204742431641
0390,4.1388,4.074593544006348
0390,1.3673,1.5746220350265503
0390,3.0694,3.2403030395507812
0390,3.1306,3.2403030395507812
0390,3.1712,3.164691686630249
0390,3.3459,2.9005541801452637
0390,2.1815,2.093981981277466
0390,2.2458,2.16156005859375
0390,3.024,3.3588359355926514
0390,5.4101,6.4690375328063965
0390,7.0179,5.391457557678223
0390,2.5217,2.622706174850464
0390,2.58,2.6287736892700195
0390,3.5741,3.5390541553497314
0390,3.6547,3.71345591545105
0390,3.6581,3.688185691833496
0390,3.7304,3.7453081607818604
0390,3.7336,3.7279558181762695
0390,3.8116,3.688185691833496
0390,4.848,3.5390541553497314
0390,4.9194,4.846420764923096
0390,2.1729,2.348240613937378
0390,2.242,2.34798264503479
0390,2.255,2.34798264503479
0390,2.3029,2.3134195804595947
0390,2.3891,2.218919515609741
0390,2.4671,2.2859318256378174
0390,1.8699,1.8770370483398438
0390,2.652,2.550966739654541
0390,2.8894,2.367612600326538
0390,3.7673,4.0315260887146
0390,3.8212,4.015167236328125
0390,1.7045,2.1494297981262207
0390,1.7078,2.1342430114746094
0390,2.446,3.530935764312744
0390,2.9314,2.437974452972412
0390,4.0671,4.876192569732666
0390,4.1863,4.876192569732666
0390,4.2461,3.129531145095825
0390,4.3197,2.2674942016601562
0390,4.3197,4.7519001960754395
0390,4.5257,4.7519001960754395
0390,4.59,4.644054889678955
0390,4.7867,4.67975378036499
0390,4.9819,4.644054889678955
0390,6.3163,4.508546352386475
0390,1.2437,1.571010708808899
0390,1.5756,1.535362720489502
0390,2.0543,1.8490760326385498
0390,2.057,1.8779819011688232
0390,3.8846,3.880281925201416
0390,3.8897,3.0753540992736816
0390,3.8897,3.940918207168579
0390,1.4843,1.1937484741210938
0390,1.8174,1.960277795791626
0390,1.8662,1.9375954866409302
0390,4.8416,4.407093524932861
0390,1.6095,1.7049976587295532
0390,3.0794,2.506850242614746
0390,3.316,3.637408971786499
0390,3.4315,3.606008768081665
0390,3.5058,3.580110788345337
0390,3.6012,3.5809497833251953
0390,3.8666,3.580110788345337
0390,4.0606,3.5023229122161865
0390,3.1456,3.581631660461426
0390,3.388,3.5311906337738037
0390,3.5464,3.3109078407287598
0390,3.5564,3.4767775535583496
0390,4.1998,3.3109078407287598
0390,4.5791,4.835498809814453
0390,4.6843,4.7334489822387695
0390,4.6889,4.742187023162842
0390,5.6385,4.522373199462891
0390,1.6226,1.7782211303710938
0390,1.7667,1.7686127424240112
0390,2.0951,2.1191208362579346
0390,2.1352,2.047182321548462
0390,2.3051,2.3365159034729004
0390,2.0014,1.994386076927185
0390,2.1067,1.97562575340271
0390,2.11,2.033902406692505
0390,1.8179,1.548531413078308
0390,3.4833,3.654892921447754
0390,3.486,3.8112103939056396
0390,4.2902,3.4250216484069824
0390,4.6437,5.49614953994751
0390,5.0632,5.161992073059082
0390,5.2126,5.408504962921143
0390,5.2159,5.433199405670166
0390,5.7944,5.161992073059082
0390,6.0011,5.161992073059082
0390,6.0041,5.24621057510376
0390,1.2375,1.2697914838790894
0390,2.0581,5.218054294586182
0390,2.1011,2.19083833694458
0390,5.1435,3.1724090576171875
0390,1.4153,1.6398171186447144
0390,2.6288,2.762544631958008
0390,2.7984,2.693735122680664
0390,3.1381,3.729672908782959
0390,3.354,3.755756378173828
0390,3.6545,3.564990758895874
0390,3.7654,3.58659291267395
0390,3.9274,3.564990758895874
0390,5.1832,5.844669342041016
0390,6.2833,5.244583606719971
0390,1.7508,2.2056772708892822
0390,1.8541,1.8576462268829346
0390,2.2347,2.029019594192505
0390,3.3199,3.277080535888672
0390,4.4135,4.1087164878845215
0390,4.4177,4.1676483154296875
0390,4.4689,4.31480598449707
0390,5.0482,4.17208194732666
0390,1.5787,1.9230905771255493
0390,1.8217,2.138925075531006
0390,1.8498,1.8190423250198364
0390,1.8528,1.8851615190505981
0390,1.8578,1.8921685218811035
0390,1.9521,1.8404725790023804
0390,2.1126,1.8652770519256592
0390,2.4114,2.057227611541748
0390,1.8101,1.9347901344299316
0390,1.9296,1.9347901344299316
0390,2.1607,2.2620697021484375
0390,2.5405,2.2228212356567383
0390,2.3321,2.1933705806732178
0390,2.3355,2.1923742294311523
0390,2.3557,2.181912422180176
0390,1.4027,1.8367419242858887
0390,1.4358,1.7832165956497192
0390,1.5611,1.7746236324310303
0390,1.6191,1.7117078304290771
0390,1.6407,1.7700183391571045
0390,1.7147,1.7545843124389648
0390,1.8843,1.6920193433761597
0390,2.495,2.5282201766967773
0390,2.5422,2.5331411361694336
0390,2.547,2.5609283447265625
0390,3.2535,4.070919990539551
0390,3.6367,3.459512948989868
0390,3.679,3.451435089111328
0390,3.9172,3.824937582015991
0390,4.516,3.7285890579223633
0390,2.4658,2.907789468765259
0390,2.5636,2.907789468765259
0390,2.7201,2.907789468765259
0390,2.7558,2.704435348510742
0390,2.7842,2.7337265014648438
0390,2.8384,2.7176589965820312
0390,2.8842,3.1257855892181396
0390,2.941,2.830846071243286
0390,3.5086,3.5643832683563232
0390,3.5181,3.5400595664978027
0390,3.6004,3.557004928588867
0390,3.7043,3.5649731159210205
0390,3.7077,3.5643832683563232
0390,3.7585,3.722757339477539
0390,4.2617,3.722757339477539
0390,5.2665,4.640685081481934
0390,6.4228,5.484706878662109
0390,2.837,2.852363109588623
0390,2.8419,2.928523540496826
0390,3.0839,3.118786096572876
0390,3.1506,3.112875461578369
0390,4.511,4.331262111663818
0390,5.3947,4.478662014007568
0390,1.712,1.5288375616073608
0390,1.9671,2.440490245819092
0390,4.5684,4.2198615074157715
0390,5.0059,5.092949390411377
0390,5.0458,5.12825870513916
0390,1.1581,1.2013810873031616
0390,2.2351,2.371422529220581
0390,2.277,2.2678823471069336
0390,0.9154,1.587722897529602
0390,1.5445,2.3155860900878906
0390,1.633,1.7738075256347656
0390,1.8395,2.1882433891296387
0390,2.156,2.1175286769866943
0390,2.2002,2.0504250526428223
0390,2.2736,2.056366443634033
0390,2.3224,2.137798547744751
0390,1.0912,1.3085483312606812
0390,1.4479,1.7298393249511719
0390,1.7669,1.8376027345657349
0390,2.1343,2.3268351554870605
0390,4.6031,4.963726043701172
0390,4.6181,4.930150032043457
0390,4.9745,4.885759353637695
0390,5.1597,4.9415283203125
0390,1.2581,1.4703197479248047
0390,1.5659,2.176713466644287
0390,1.5692,2.1949424743652344
0390,1.6308,1.4703197479248047
0390,2.0505,2.094512462615967
0390,3.2039,3.1019558906555176
0390,3.2864,3.13392972946167
0390,4.7649,5.1864752769470215
0390,4.8433,4.553467273712158
0390,2.1509,2.1806347370147705
0390,2.2028,2.2251312732696533
0390,2.8594,2.7370717525482178
0390,2.9505,2.6266064643859863
0390,3.3587,3.931151866912842
0390,3.4225,3.931151866912842
0390,3.7406,3.6366097927093506
0390,3.7433,3.931151866912842
0390,4.423,3.930129051208496
0390,4.428,3.96490478515625
0390,6.8313,4.7421464920043945
0390,1.2877,1.204405665397644
0390,1.3531,1.2305922508239746
0390,1.4243,1.8966431617736816
0390,1.4835,1.8628482818603516
0390,2.9479,3.335822343826294
0390,2.9511,3.335822343826294
0390,3.0424,3.256418228149414
0390,3.1071,3.284109354019165
0390,3.1126,3.2858526706695557
0390,3.2118,3.277376890182495
0390,3.2174,3.2879226207733154
0390,3.3314,3.218470335006714
0390,3.609,4.040007591247559
0390,3.6326,3.259678840637207
0390,3.6926,3.256418228149414
0390,4.2017,3.8360347747802734
0390,4.205,3.8360347747802734
0390,2.195,2.503848075866699
0390,2.2598,3.7119596004486084
0390,2.5475,4.350959777832031
0390,2.9672,4.350959777832031
0390,3.936,4.350959777832031
0390,4.0006,3.645195722579956
0390,4.6204,4.926253318786621
0390,4.7365,5.009413242340088
0390,5.0274,5.191842079162598
0390,5.0328,5.027289867401123
0390,6.8293,2.503848075866699
0390,1.3846,1.7253707647323608
0390,1.4516,1.683550477027893
0390,2.1572,2.196763515472412
0390,2.2392,2.1899778842926025
0390,2.8518,2.8814351558685303
0390,3.2055,3.108705520629883
0390,3.2852,3.128251791000366
0390,2.1561,2.1077942848205566
0390,3.9205,3.7436583042144775
0390,4.1592,3.6113524436950684
0390,2.1576,1.8652114868164062
0390,4.3103,3.7873342037200928
0390,4.616,3.7873342037200928
0390,2.164,2.103571891784668
0390,2.424,2.4265308380126953
0390,3.8117,3.9842517375946045
0390,1.4855,1.6557608842849731
0390,1.9905,1.6225172281265259
0390,2.1254,1.968134880065918
0390,2.2518,2.3551900386810303
0390,2.296,2.3593170642852783
0390,2.2998,2.4308252334594727
0390,2.3659,2.3692634105682373
0390,2.4335,2.551567554473877
0390,2.5997,2.551567554473877
0390,3.4697,3.2617387771606445
0390,1.5179,1.562337875366211
0390,2.0003,2.0690455436706543
0390,2.0638,2.0200717449188232
0390,3.7026,3.9561867713928223
0390,3.706,3.9563751220703125
0390,3.8513,3.935295820236206
0390,4.2247,3.952501058578491
0390,2.4189,2.087571620941162
0390,1.5065,1.9249380826950073
0390,2.465,3.827991008758545
0390,2.468,3.887742280960083
0390,5.8514,2.4969570636749268
0390,2.1017,2.066790819168091
0390,2.5691,2.687865734100342
0390,2.6745,2.6803619861602783
0390,2.7486,2.6150662899017334
0390,2.7873,2.660529851913452
0390,4.2408,4.005376815795898
0390,4.5468,3.9976987838745117
0390,1.7293,1.818276047706604
0390,1.8003,1.8139184713363647
0390,1.8033,2.018197536468506
0390,1.9706,1.9836311340332031
0390,1.9923,1.7666888236999512
0390,2.7537,2.6301753520965576
0390,3.8589,3.4496665000915527
0390,3.9375,3.761972188949585
0390,3.0307,3.081857442855835
0390,2.4812,2.736060380935669
0390,2.5924,2.631232738494873
0390,3.2118,3.12762713432312
0390,3.4209,3.159341335296631
0390,3.5033,3.0585339069366455
0390,1.4015,1.5828509330749512
0390,2.5354,2.261791467666626
0390,3.6356,3.6623806953430176
0390,4.1243,4.272162437438965
0390,4.1825,4.131905555725098
0390,1.7907,1.7806514501571655
0390,2.2585,2.423462152481079
0390,2.3815,2.197028160095215
0390,2.3845,2.2181344032287598
0390,2.7646,2.555706024169922
0390,2.7673,2.555706024169922
0390,5.6145,5.2562360763549805
0390,1.5865,1.4580377340316772
0390,2.5871,2.288526773452759
0390,3.3465,3.585688352584839
0390,3.6781,3.4773638248443604
0390,3.6836,3.3577942848205566
0390,3.7454,3.4773638248443604
0390,3.7506,3.5637598037719727
0390,3.8279,3.4773638248443604
0390,3.9662,4.506198406219482
0390,5.8177,4.748772621154785
0390,2.0215,2.0400888919830322
0390,3.9005,3.9961624145507812
0390,3.9716,4.010677814483643
0390,3.9745,3.9144723415374756
0390,4.1421,3.9399282932281494
0390,1.1236,1.4093549251556396
0390,1.3393,1.3949573040008545
0390,1.4343,1.4185729026794434
0390,1.9599,2.1662094593048096
0390,2.5765,2.3884117603302
0390,2.5765,2.5063655376434326
0390,2.6676,2.437734842300415
0390,3.3428,3.8759074211120605
0390,3.6583,3.8759074211120605
0390,1.2565,1.169121265411377
0390,1.2565,1.171024203300476
0390,1.4297,1.1343823671340942
0390,1.4297,1.1947708129882812
0390,4.1504,4.242998123168945
0390,4.4111,4.242998123168945
0390,4.4773,4.167578220367432
0390,0.9279,1.5362859964370728
0390,2.4231,3.2370755672454834
0390,2.6713,2.6195321083068848
0390,2.675,2.562839984893799
0390,2.7707,2.562839984893799
0390,3.8679,3.8390204906463623
0390,3.8731,4.03809928894043
0390,4.6536,4.560268402099609
0390,4.6587,4.618396282196045
0390,1.3602,1.5092157125473022
0390,1.3962,1.4942710399627686
0390,1.9897,2.3056836128234863
0390,2.1855,2.2955105304718018
0390,2.2555,2.2229738235473633
0390,2.3074,2.3056836128234863
0390,3.1965,3.4936461448669434
0390,3.2605,3.411170244216919
0390,3.3499,3.106020450592041
0390,1.8133,1.8121596574783325
0390,1.8519,1.9245821237564087
0390,1.8519,1.747046709060669
0390,1.8549,1.735732913017273
0390,1.9974,2.0294394493103027
0390,2.703,2.9972307682037354
0390,2.706,2.951247453689575
0390,2.7157,2.06191086769104
0390,2.7796,2.990363359451294
0390,2.7851,2.9595723152160645
0390,2.9325,2.9837899208068848
0390,3.0539,2.9972307682037354
0390,3.059,2.9565553665161133
0390,3.4054,4.037596225738525
0390,3.7424,3.5939273834228516
0390,5.3452,5.800143718719482
0390,5.8037,5.617042064666748
0390,6.3505,5.475136756896973
0390,1.7017,1.9588961601257324
0390,2.0994,2.4170758724212646
0390,2.1106,3.06976056098938
0390,2.6237,2.41206693649292
0390,2.6336,2.256380796432495
0390,3.0799,3.684220552444458
0390,3.146,2.737290143966675
0390,3.2354,3.6279244422912598
0390,3.2824,3.684220552444458
0390,3.525,3.6312813758850098
0390,3.6488,3.585475206375122
0390,3.7649,3.684220552444458
0390,3.7649,1.9789537191390991
0390,3.8833,3.684220552444458
0390,3.9277,3.5783135890960693
0390,4.1,3.6279244422912598
0390,4.4928,4.220663547515869
0390,5.1871,4.899142742156982
0390,1.9225,1.821602702140808
0390,2.5759,2.5816519260406494
0390,2.812,2.944925546646118
0390,2.8563,2.8673293590545654
0390,2.8995,2.8314261436462402
0390,2.9504,2.862664222717285
0390,3.9611,3.658276319503784
0390,2.219,2.8960132598876953
0390,2.4641,2.9030659198760986
0390,2.6021,2.9030659198760986
0390,2.6783,2.7877554893493652
0390,2.6817,2.819831132888794
0390,2.8088,2.8299152851104736
0390,2.9155,2.8142600059509277
0390,2.9184,2.792733669281006
0390,2.9914,2.8085761070251465
0390,3.3372,3.82804799079895
0390,3.5873,4.414824962615967
0390,3.6565,3.7869298458099365
0390,3.827,4.414824962615967
0390,4.2199,4.51564884185791
0390,4.3141,4.486246585845947
0390,4.4272,4.391659259796143
0390,4.6436,4.506888389587402
0390,4.7409,4.414824962615967
0390,4.7447,4.363259315490723
0390,4.8223,4.391659259796143
0390,4.916,4.388428211212158
0390,1.1356,1.4800814390182495
0390,1.2947,1.5576958656311035
0390,1.3277,1.4985380172729492
0390,1.4679,1.4800814390182495
0390,1.4778,1.457297444343567
0390,1.6466,1.41029691696167
0390,2.6069,1.869423747062683
0390,3.5151,3.6914045810699463
0390,2.1507,1.979684829711914
0390,2.2609,1.979684829711914
0390,2.3782,2.2661170959472656
0390,2.4873,2.1885218620300293
0390,2.7929,3.5151615142822266
0390,2.9022,3.580343008041382
0390,3.4474,3.580343008041382
0390,2.2164,2.2423250675201416
0390,2.3441,2.1877574920654297
0390,2.3966,2.423576831817627
0390,3.2148,2.9439022541046143
0390,3.2197,2.9854962825775146
0390,4.3785,4.499094486236572
0390,0.6914,0.9456627368927002
0390,0.6966,0.9393836855888367
0390,1.0861,1.614166021347046
0390,1.0912,1.3891276121139526
0390,1.0943,1.4336634874343872
0390,2.1681,1.2776378393173218
0390,3.0106,3.3266894817352295
0390,3.0875,3.373793363571167
0390,3.8628,4.023959159851074
0390,4.042,3.9382452964782715
0390,4.7003,4.709701061248779
0390,4.7874,4.69612455368042
0390,4.9005,4.575897216796875
0390,1.1413,1.4415584802627563
0390,1.8346,2.193397045135498
0390,1.8697,2.9531099796295166
0390,2.064,3.0393447875976562
0390,2.3033,3.000514268875122
0390,2.6633,2.9806969165802
0390,2.6633,2.681856393814087
0390,2.7423,2.717435836791992
0390,2.8791,2.5425758361816406
0390,2.8946,2.970637083053589
0390,3.3164,2.738297939300537
0390,3.5971,4.163557052612305
0390,3.6401,2.738297939300537
0390,3.6401,3.5061304569244385
0390,3.6434,3.501011848449707
0390,3.8214,2.9531099796295166
0390,3.8442,2.824171543121338
0390,3.9664,4.059284687042236
0390,4.1481,4.057224750518799
0390,4.3431,4.005690097808838
0390,1.1859,2.8495121002197266
0390,1.1859,1.6068605184555054
0390,1.2818,1.5767992734909058
0390,1.4291,2.8258860111236572
0390,1.4291,1.6068605184555054
0390,2.5464,2.6172492504119873
0390,2.5875,2.680891990661621
0390,2.6922,2.63632869720459
0390,2.732,2.6172492504119873
0390,2.8996,2.539886713027954
0390,2.9048,3.1300344467163086
0390,2.9847,2.283662796020508
0390,3.0678,3.3635101318359375
0390,3.1204,2.9876413345336914
0390,3.1566,3.274951457977295
0390,3.5,2.4357998371124268
0390,3.557,2.283662796020508
0390,3.641,4.839033603668213
0390,4.0206,3.6205973625183105
0390,4.0242,3.570488691329956
0390,4.4042,4.517282962799072
0390,4.95,4.839033603668213
0390,4.9554,4.462431907653809
0390,1.7257,1.7507270574569702
0390,1.7293,1.7507270574569702
0390,3.3863,3.5168042182922363
0390,3.484,3.4429895877838135
0390,3.8973,3.26350998878479
0390,2.2979,3.02254056930542
0390,2.3408,2.763542890548706
0390,2.4613,2.6883955001831055
0390,2.8086,2.739034652709961
0390,2.9667,3.02254056930542
0390,3.0814,2.779167652130127
0390,3.2917,2.763542890548706
0390,3.2993,2.6883955001831055
0390,3.8035,3.5762171745300293
0390,3.8067,3.5853965282440186
0390,4.0445,4.36284065246582
0390,4.5541,4.0752482414245605
0390,2.2366,2.2837624549865723
0390,2.5613,2.1174747943878174
0390,2.6415,2.4232778549194336
0390,2.6963,2.3877503871917725
0390,2.731,2.5690841674804688
0390,3.2985,3.180651903152466
0390,4.2948,4.1222004890441895
0390,0.6327,1.0066701173782349
0390,1.1082,1.3415238857269287
0390,1.1114,1.2579431533813477
0390,2.6339,2.655505418777466
0390,2.6375,2.6192307472229004
0390,3.6275,3.740804672241211
0390,3.7455,3.7727198600769043
0390,1.6549,1.5518215894699097
0390,1.7455,1.504659652709961
0390,1.9163,2.036226272583008
0390,1.9163,2.098740577697754
0390,1.9195,2.026614189147949
0390,1.9195,2.116480827331543
0390,1.9351,2.1124980449676514
0390,1.9382,2.148829936981201
0390,2.1912,2.0303211212158203
0390,2.1912,2.049729824066162
0390,2.3594,2.0303211212158203
0390,2.3594,2.049729824066162
0390,2.3949,2.240933418273926
0390,2.4518,2.260483741760254
0390,3.1327,3.1501665115356445
0390,3.3102,2.688605546951294
0390,3.4843,3.6420040130615234
0390,3.5467,3.552170515060425
0390,3.6284,3.082720994949341
0390,3.4318,3.5260605812072754
0390,3.4367,3.5010130405426025
0390,3.5008,3.492415189743042
0390,3.5718,3.5357754230499268
0390,3.6852,3.5083696842193604
0390,3.7694,3.5010130405426025
0390,3.9846,3.4863171577453613
0390,5.1532,4.471214294433594
0390,5.3343,4.702795028686523
0390,1.5297,1.7722164392471313
0390,1.5297,1.7015830278396606
0390,1.6021,1.734075665473938
0390,1.6021,1.7400528192520142
0390,1.7432,1.710405945777893
0390,1.7432,1.7163033485412598
0390,2.3518,2.4927000999450684
0390,2.5075,2.457451105117798
0390,2.9462,3.003697156906128
0390,3.0139,2.9844582080841064
0390,4.504,4.115402698516846
0390,1.126,1.943098545074463
0390,2.062,2.6874639987945557
0390,2.1379,1.9996501207351685
0390,2.5738,2.7045340538024902
0390,2.6784,2.656189203262329
0390,2.754,2.656189203262329
0390,3.2514,3.519299268722534
0390,3.3494,3.5075275897979736
0390,1.6316,1.9168835878372192
0390,2.9927,3.260242223739624
0390,5.116,4.943778038024902
0390,5.3326,5.430509567260742
0390,1.9182,2.1227262020111084
0390,1.9971,2.2008283138275146
0390,2.0352,2.9133267402648926
0390,2.0849,2.2008283138275146
0390,2.1583,2.0968503952026367
0390,2.1636,2.101223945617676
0390,2.1636,2.905367851257324
0390,2.1689,2.039975166320801
0390,2.2721,2.117352247238159
0390,3.0873,2.4569509029388428
0390,2.6383,2.8158352375030518
0390,2.6863,2.734135150909424
0390,2.7479,2.5923147201538086
0390,3.3477,3.772939443588257
0390,3.5958,3.7300078868865967
0390,3.7654,3.6882994174957275
0390,3.8161,3.770193099975586
0390,3.822,3.7182979583740234
0390,4.2807,4.611341953277588
0390,4.2857,4.611341953277588
0390,5.2701,4.333973407745361
0390,5.4227,4.379284381866455
0390,5.5067,5.30472469329834
0390,5.5117,5.221217632293701
0390,1.3453,2.4975128173828125
0390,1.4112,1.4819210767745972
0390,1.6779,2.3759026527404785
0390,1.6779,2.368546724319458
0390,1.683,2.4569575786590576
0390,1.683,2.368546724319458
0390,1.7349,2.4975128173828125
0390,1.8419,2.3827900886535645
0390,1.8419,2.1886634826660156
0390,2.0207,2.4569575786590576
0390,2.0207,2.1886634826660156
0390,2.2195,1.970390796661377
0390,3.3112,2.087561845779419
0390,3.3112,1.9566032886505127
0390,3.1338,3.4554569721221924
0390,3.1366,3.475471258163452
0390,3.1501,4.013686656951904
0390,3.1501,4.107101917266846
0390,3.2995,4.0284905433654785
0390,3.2995,4.0882568359375
0390,3.378,3.2938461303710938
0390,3.4732,3.4090511798858643
0390,3.4787,3.4002699851989746
0390,3.5346,3.9527945518493652
0390,3.5346,4.0882568359375
0390,3.5879,3.342820882797241
0390,3.6363,3.2938461303710938
0390,3.8325,3.962141275405884
0390,3.8521,4.023116111755371
0390,3.8521,4.107101917266846
0390,3.908,3.869828701019287
0390,3.9108,3.870712995529175
0390,3.9688,3.8446125984191895
0390,3.9884,3.973374843597412
0390,3.9884,4.079155445098877
0390,4.085,3.8000118732452393
0390,4.085,4.107101917266846
0390,4.0885,3.8000118732452393
0390,4.0885,4.029756546020508
0390,4.1232,3.944566011428833
0390,4.1232,4.0087432861328125
0390,4.2747,3.944566011428833
0390,4.2747,4.029756546020508
0390,4.4832,3.9527945518493652
0390,4.4832,4.0882568359375
0390,4.5892,3.8000118732452393
0390,4.5892,3.902674674987793
0390,4.7878,3.8000118732452393
0390,4.7878,3.902674674987793
0390,1.6693,1.5833730697631836
0390,2.3545,2.689755439758301
0390,2.4195,2.6933329105377197
0390,2.5624,2.819687843322754
0390,2.6165,2.781578302383423
0390,2.6195,2.7639873027801514
0390,2.6293,2.7241790294647217
0390,2.6537,2.3513853549957275
0390,2.7046,2.3836026191711426
0390,2.7326,3.173226833343506
0390,2.7726,2.756833791732788
0390,2.7779,2.7862889766693115
0390,2.7989,2.7208333015441895
0390,3.2741,3.1565470695495605
0390,3.4766,3.173226833343506
0390,4.4788,5.011112689971924
0390,4.7782,4.9366374015808105
0390,4.825,4.9366374015808105
0390,4.9276,4.90380334854126
0390,5.1116,4.871352195739746
0390,5.3401,4.794197082519531
0390,1.8638,2.2122726440429688
0390,1.8671,3.37601900100708
0390,1.8671,2.231752634048462
0390,1.9149,3.3899924755096436
0390,1.9149,2.1611850261688232
0390,1.9183,2.1725332736968994
0390,2.0528,3.417207717895508
0390,2.0528,2.1565592288970947
0390,2.4977,2.8615472316741943
0390,2.7859,3.3360259532928467
0390,2.9678,3.1582436561584473
0390,3.2551,3.3899924755096436
0390,3.3255,3.309717893600464
0390,3.4728,3.3360259532928467
0390,3.5153,3.417207717895508
0390,3.5769,3.1582436561584473
0390,3.71,3.3899924755096436
0390,4.3383,3.184387683868408
0390,4.4566,3.1582436561584473
0390,5.0366,3.1650524139404297
0390,2.672,2.860532760620117
0390,2.855,2.8415937423706055
0390,3.3155,3.9665794372558594
0390,3.5658,3.0871636867523193
0390,3.5689,3.1210343837738037
0390,3.8303,3.9525113105773926
0390,3.892,3.8282783031463623
0390,3.9789,3.7732250690460205
0390,4.0209,3.7157506942749023
0390,7.2013,5.646456241607666
0390,1.6488,1.4842711687088013
0390,1.6718,1.808634877204895
0390,1.7773,1.76637864112854
0390,1.9581,1.7855631113052368
0390,2.2833,2.7633047103881836
0390,1.866,1.9983644485473633
0390,2.6029,2.721977710723877
0390,2.9371,3.103287696838379
0390,3.0706,3.170135259628296
0390,3.2176,3.0356366634368896
0390,3.3037,3.0356366634368896
0390,3.5771,3.96927547454834
0390,3.698,4.099218368530273
0390,4.0642,3.1952669620513916
0390,4.0831,3.9716625213623047
0390,4.0867,3.9943978786468506
0390,1.6035,1.4423937797546387
0390,4.0966,4.223362445831299
0390,4.1,4.2716803550720215
0390,4.2871,4.228909969329834
0390,4.5017,3.8182270526885986
0390,4.5151,4.226318836212158
0390,4.5201,4.228909969329834
0390,2.0067,1.9321136474609375
0390,2.4979,2.8651504516601562
0390,3.1619,3.259274959564209
0390,3.2056,3.1999757289886475
0390,2.0243,2.1787240505218506
0390,2.2993,2.640275001525879
0390,2.4456,2.6065707206726074
0390,2.5413,2.6065707206726074
0390,3.0115,5.359071731567383
0390,3.1062,3.2766849994659424
0390,3.7398,3.1704885959625244
0390,3.8245,2.998105764389038
0390,4.2458,4.187445163726807
0390,5.7361,3.968886613845825
0390,1.6574,1.9724764823913574
0390,2.2774,2.8460869789123535
0390,2.5329,2.716498613357544
0390,2.6907,2.881654739379883
0390,3.0604,2.7363898754119873
0390,3.2245,2.716498613357544
0390,3.781,4.147017002105713
0390,3.8665,4.045042037963867
0390,4.4029,4.0791425704956055
0390,4.4059,4.045042037963867
0390,1.2428,1.426314353942871
0390,1.6826,1.7731256484985352
0390,1.6861,1.7731256484985352
0390,1.7863,1.8205968141555786
0390,1.8318,1.7731256484985352
0390,1.8856,1.78774893283844
0390,1.9267,1.7393136024475098
0390,2.3563,2.6262691020965576
0390,2.4522,2.641572952270508
0390,2.5417,2.5960912704467773
0390,2.6828,2.5660834312438965
0390,2.7786,2.535811185836792
0390,3.1071,3.460404396057129
0390,3.2372,3.4159703254699707
0390,3.2819,3.493170976638794
0390,3.3821,2.773439645767212
0390,3.8179,4.005892276763916
0390,3.8848,3.3575780391693115
0390,3.9604,4.1515583992004395
0390,3.9653,4.248913288116455
0390,3.9885,4.0023417472839355
0390,1.5505,1.6655346155166626
0390,1.79,1.5506373643875122
0390,1.7953,1.5186381340026855
0390,3.1207,3.260234832763672
0390,3.4695,4.030237197875977
0390,3.7293,3.8634345531463623
0390,3.9594,3.9001080989837646
0390,3.9645,3.9001080989837646
0390,4.1148,3.8634345531463623
0390,4.1226,3.80254864692688
0390,4.1277,3.792630672454834
0390,5.0447,5.280304431915283
0390,5.4934,4.9948039054870605
0390,5.4986,5.005127906799316
0390,1.638,1.5553075075149536
0390,1.6464,1.8763558864593506
0390,1.7728,1.8712265491485596
0390,2.0793,2.1734211444854736
0390,2.1209,2.183974504470825
0390,2.1287,1.776916265487671
0390,2.1973,2.1395325660705566
0390,2.4259,2.8253157138824463
0390,2.6121,2.8565897941589355
0390,2.6885,2.7133400440216064
0390,3.3298,2.589355707168579
0390,4.0594,3.1543052196502686
0390,5.0719,5.922490119934082
0390,5.0751,5.922490119934082
0390,5.2485,5.7935285568237305
0390,5.4078,5.797532081604004
0390,5.4111,5.867162704467773
0390,5.5791,5.8503217697143555
0390,6.3085,5.640071868896484
0390,6.3593,5.7935285568237305
0390,6.4165,5.797532081604004
0390,6.7515,5.719793319702148
0390,6.8703,5.640071868896484
0390,1.4821,1.512291669845581
0390,1.668,2.116834878921509
0390,1.7367,1.6157313585281372
0390,3.1277,2.585524559020996
0390,3.1357,3.1015334129333496
0390,3.1788,3.1713039875030518
0390,3.8481,3.539166212081909
0390,0.5779,1.1384047269821167
0390,0.8084,1.1046477556228638
0390,1.3956,1.5147229433059692
0390,1.6286,1.5851490497589111
0390,1.7855,1.5629392862319946
0390,1.9288,1.9891108274459839
0390,2.0094,1.9405019283294678
0390,2.1952,2.4323716163635254
0390,1.2139,2.002763271331787
0390,2.3787,2.9345271587371826
0390,2.4393,2.9688308238983154
0390,3.0421,2.870711088180542
0390,3.4715,2.759389638900757
0390,4.7881,4.998889446258545
0390,4.8948,5.00156831741333
0390,5.0298,4.982375144958496
0390,1.1394,0.9157083034515381
0390,1.8792,1.5543872117996216
0390,2.762,3.3691349029541016
0390,3.1042,3.528616428375244
0390,3.2787,3.357983350753784
0390,3.2787,3.4361846446990967
0390,3.3629,3.421698570251465
0390,3.5597,3.7480082511901855
0390,4.8935,4.474201679229736
0390,3.7057,3.9652788639068604
0390,3.7089,3.8739781379699707
0390,2.8245,2.8783464431762695
0390,3.6324,3.6486258506774902
0390,3.714,3.6920723915100098
0390,3.8298,3.6634774208068848
0390,4.3263,4.644474983215332
0390,4.3844,4.301055431365967
0390,4.5849,4.582250118255615
0390,4.5901,4.567836284637451
0390,1.3531,1.8680610656738281
0390,1.682,1.941379189491272
0390,1.7274,1.8680610656738281
0390,1.7529,1.8191946744918823
0390,1.8967,1.8191946744918823
0390,2.0443,2.3102405071258545
0390,2.2762,2.0387604236602783
0390,2.3167,2.0806350708007812
0390,2.888,1.8680610656738281
0390,1.9781,2.084807872772217
0390,2.0121,2.173833131790161
0390,2.0638,2.0844695568084717
0390,3.0498,3.692607879638672
0390,3.053,3.243278741836548
0390,3.1056,2.7552897930145264
0390,3.1682,3.6260030269622803
0390,3.2553,3.2666478157043457
0390,3.3086,2.755810260772705
0390,3.4811,3.5082974433898926
0390,3.5129,3.692607879638672
0390,3.5572,3.614471912384033
0390,3.6739,3.5207619667053223
0390,3.8693,3.5082974433898926
0390,3.873,3.8866477012634277
0390,3.9798,3.807838201522827
0390,4.0398,4.14874267578125
0390,4.1595,4.0763373374938965
0390,5.3527,4.529845237731934
0390,1.6282,1.3600221872329712
0390,3.3486,2.6238577365875244
0390,4.4647,4.2190070152282715
0390,2.7756,2.8233282566070557
0390,2.8554,2.8384923934936523
0390,3.9764,4.03924560546875
0390,5.5953,5.234887599945068
0390,1.8582,2.1045591831207275
0390,1.8978,2.082981824874878
0390,2.0341,2.2718355655670166
0390,2.0807,2.143287420272827
0390,3.0826,3.0199742317199707
0390,3.2185,3.3225300312042236
0390,3.2238,3.358206033706665
0390,4.3199,3.8387720584869385
0390,4.3793,3.8387720584869385
0390,1.195,1.3405709266662598
0390,2.5063,3.0309526920318604
0390,3.2689,2.5831267833709717
0390,3.8303,2.729875326156616
0390,3.8352,3.7370998859405518
0390,5.3497,4.185016632080078
0390,5.5767,5.080536842346191
0390,1.6365,1.679743766784668
0390,2.2896,2.744126558303833
0390,2.3193,5.051812171936035
0390,2.7656,2.3756415843963623
0390,2.7708,2.453909158706665
0390,3.7398,4.180185794830322
0390,3.781,4.196629047393799
0390,4.2101,4.066281795501709
0390,4.27,4.172630310058594
0390,4.4011,4.066281795501709
0390,4.4669,4.138275623321533
0390,4.6008,3.8135385513305664
0390,5.1181,3.60432767868042
0390,1.8143,1.8043322563171387
0390,2.5935,4.055999279022217
0390,2.6972,4.055999279022217
0390,4.1114,4.2334723472595215
0390,5.2297,5.252398490905762
0390,5.3065,5.175615310668945
0390,5.3799,5.175615310668945
0390,1.1554,1.18557870388031
0390,1.1554,1.3794891834259033
0390,1.3465,1.1456222534179688
0390,3.227,3.705578327178955
0390,3.2582,3.750520706176758
0390,3.5087,3.403221845626831
0390,3.6746,4.280596733093262
0390,3.872,3.5440337657928467
0390,3.9357,4.138420104980469
0390,4.0086,4.150928974151611
0390,4.128,4.116515159606934
0390,4.2436,4.138420104980469
0390,5.7241,5.122892379760742
0390,2.7061,4.013796806335449
0390,2.711,4.013796806335449
0390,4.0036,5.752748012542725
0390,4.007,5.892131805419922
0390,4.4187,4.306391716003418
0390,5.3157,5.3356428146362305
0390,5.3206,5.374555587768555
0390,5.6117,5.684128284454346
0390,5.6876,5.752748012542725
0390,5.9728,5.709305286407471
0390,6.279,5.660867691040039
0390,6.2823,5.615259170532227
0390,6.3445,5.684128284454346
0390,7.3827,5.752748012542725
0390,2.6465,2.8476247787475586
0390,3.0757,3.31002140045166
0390,3.0789,2.993279457092285
0390,3.3165,3.7022101879119873
0390,3.8235,2.993279457092285
0390,4.3364,4.7346038818359375
0390,4.7938,6.34689998626709
0390,5.0357,6.3095502853393555
0390,5.0971,6.399170398712158
0390,7.245,5.9116973876953125
0390,7.305,5.846404075622559
0390,7.3756,5.8877787590026855
0390,2.6927,2.874703884124756
0390,2.8647,2.898416519165039
0390,2.9738,2.771202564239502
0390,4.102,3.2781639099121094
0390,1.5754,1.7030714750289917
0390,1.8559,1.9193909168243408
0390,1.9055,1.6711820363998413
0390,2.3777,2.3510844707489014
0390,2.3808,2.33064341545105
0390,4.3198,5.01663875579834
0390,4.6568,4.62263298034668
0390,4.8595,4.62263298034668
0390,5.0345,4.62263298034668
0390,5.5562,4.62263298034668
0390,1.4559,1.3919802904129028
0390,1.4612,1.451575517654419
0390,2.7119,3.0279059410095215
0390,3.1187,3.1806693077087402
0390,3.1187,3.3625705242156982
0390,3.5268,3.492682456970215
0390,3.6443,3.4418435096740723
0390,3.659,3.709151268005371
0390,3.7516,3.729661464691162
0390,4.2133,3.8378825187683105
0390,1.3191,1.5647236108779907
0390,2.5403,3.8643295764923096
0390,3.9716,4.115881443023682
0390,4.0507,4.189476013183594
0390,2.6698,2.8384923934936523
0390,2.7264,2.8498942852020264
0390,2.7753,2.8374478816986084
0390,2.868,2.845334768295288
0390,2.8766,3.195345640182495
0390,3.6824,4.0524582862854
0390,3.902,3.9371488094329834
0390,3.9884,3.9166743755340576
0390,3.9914,3.8910107612609863
0390,4.0077,3.441622495651245
0390,4.1087,3.8652994632720947
0390,4.1121,3.441622495651245
0390,1.0453,1.1442511081695557
0390,3.0044,3.1090617179870605
0390,1.4924,1.6021313667297363
0390,2.4452,1.9444140195846558
0390,2.9565,3.0799713134765625
0390,3.837,5.474186420440674
0390,4.8119,5.351333141326904
0390,5.1424,5.147772312164307
0390,5.5815,5.182497501373291
0390,5.8605,5.147772312164307
0390,5.8655,5.474186420440674
0390,1.1222,1.5304111242294312
0390,1.9867,2.3512370586395264
0390,2.2022,1.970861554145813
0390,3.8142,3.1563327312469482
0390,1.8061,1.7781459093093872
0390,1.9936,2.397897481918335
0390,2.343,3.319166421890259
0390,2.4525,2.624152898788452
0390,2.5887,2.5933008193969727
0390,2.7468,3.0360562801361084
0390,2.7504,2.5933008193969727
0390,2.8598,2.502375841140747
0390,3.5035,3.0360562801361084
0390,3.7684,4.014554977416992
0390,3.8645,4.078069686889648
0390,3.8841,3.940918207168579
0390,2.9854,2.639639377593994
0390,3.0665,3.9476702213287354
0390,3.4189,3.7792251110076904
0390,5.4937,4.887434959411621
0390,5.7886,5.834774017333984
0390,5.7919,5.7926836013793945
0390,1.3883,1.5220967531204224
0390,2.581,2.873060941696167
0390,2.7307,2.2325570583343506
0390,2.7811,2.9553232192993164
0390,2.839,2.821533203125
0390,2.9269,2.873060941696167
0390,3.0891,2.821533203125
0390,3.5358,3.781015634536743
0390,3.57,4.188807964324951
0390,3.8148,3.678403615951538
0390,3.8463,4.1055755615234375
0390,3.8839,3.606475591659546
0390,4.302,4.007423400878906
0390,4.3052,4.023736000061035
0390,4.3518,3.993605613708496
0390,2.7287,2.719513177871704
0390,2.7335,2.7502241134643555
0390,2.9618,3.07595157623291
0390,2.9768,3.2272889614105225
0390,3.0177,3.2069790363311768
0390,3.2755,3.4311718940734863
0390,3.4351,4.1822357177734375
0390,3.4351,3.3888354301452637
0390,3.9013,4.052285194396973
0390,5.2267,5.015594005584717
0390,5.2301,4.987891674041748
0390,1.481,2.1592354774475098
0390,2.1599,2.0450785160064697
0390,2.4896,2.2264206409454346
0390,3.2417,3.1432390213012695
0390,3.5878,3.147069215774536
0390,4.7832,5.468696594238281
0390,5.0606,5.453204154968262
0390,5.4421,5.3942742347717285
0390,5.5245,5.2993245124816895
0390,5.7862,5.315258026123047
0390,5.791,5.2993245124816895
0390,0.565,0.8646516799926758
0390,1.361,1.4965935945510864
0390,1.411,1.6370371580123901
0390,1.9633,1.5139449834823608
0390,3.6446,3.7823946475982666
0390,3.8414,3.7708470821380615
0390,3.8463,3.6978976726531982
0390,4.0244,3.6838324069976807
0390,4.4858,4.807445526123047
0390,5.9981,5.962206840515137
0390,1.2432,1.248647928237915
0390,1.6391,2.4379096031188965
0390,1.6669,2.4709877967834473
0390,2.3439,3.244051456451416
0390,3.3566,3.01240611076355
0390,4.0345,3.8962831497192383
0390,0.6877,1.3644094467163086
0390,1.924,1.7418102025985718
0390,1.9852,2.117982864379883
0390,2.1225,2.117982864379883
0390,2.3375,2.587857484817505
0390,2.4436,2.518913984298706
0390,2.4466,2.286986827850342
0390,2.6226,2.252868175506592
0390,3.1516,3.1950325965881348
0390,3.2044,3.1923131942749023
0390,2.0131,1.5969936847686768
0390,2.1633,2.3425238132476807
0390,2.1667,2.3700671195983887
0390,2.3326,2.495751142501831
0390,2.371,2.492128372192383
0390,2.7025,2.9980275630950928
0390,2.805,2.619738817214966
0390,2.805,3.032085657119751
0390,3.0778,2.9221365451812744
0390,3.1315,2.8917033672332764
0390,3.5368,2.755908489227295
0390,3.7435,3.6522324085235596
0390,3.9314,3.5189576148986816
0390,5.167,4.65523099899292
0390,2.1494,1.9634325504302979
0390,2.2756,2.106685161590576
0390,2.7772,3.052938938140869
0390,2.7944,3.0928549766540527
0390,2.7996,3.0908286571502686
0390,2.8762,3.008859395980835
0390,2.8762,2.976428508758545
0390,2.9161,3.0202016830444336
0390,2.9315,2.716977834701538
0390,3.0076,3.7712531089782715
0390,3.0873,3.0369749069213867
0390,3.3425,3.403261661529541
0390,3.42,3.478130578994751
0390,4.9081,4.743138790130615
0390,5.0132,4.723447799682617
0390,5.0449,4.662126541137695
0390,1.8728,1.5048199892044067
0390,1.9314,1.6168644428253174
0390,3.1044,3.190943956375122
0390,3.1189,3.163853645324707
0390,3.2462,3.48520565032959
0390,3.327,3.4830996990203857
0390,3.3947,3.464496374130249
0390,3.4001,4.381463527679443
0390,3.5212,3.48520565032959
0390,3.6576,4.381463527679443
0390,3.7726,4.204089641571045
0390,3.9304,4.121199607849121
0390,4.5691,4.0585856437683105
0390,4.6588,3.9647953510284424
0390,5.7296,5.312711715698242
0390,1.2406,1.0141496658325195
0390,1.6185,1.8824948072433472
0390,1.6657,1.8236712217330933
0390,1.6657,2.00662899017334
0390,1.8268,1.9861202239990234
0390,2.1843,2.2179479598999023
0390,2.2725,2.1873042583465576
0390,2.3619,2.1742961406707764
0390,2.4217,2.2286107540130615
0390,2.7134,3.0890469551086426
0390,2.7954,2.7990715503692627
0390,2.9635,2.9747731685638428
0390,2.9665,2.9321181774139404
0390,3.6048,3.30401349067688
0390,1.2936,1.3453117609024048
0390,3.36,3.9067492485046387
0390,3.36,3.610158681869507
0390,3.4025,3.187429189682007
0390,3.914,4.063499927520752
0390,4.2952,4.648929595947266
0390,4.3495,3.9765594005584717
0390,5.0646,4.29119873046875
0390,1.2096,1.2174781560897827
0390,1.3485,1.3781177997589111
0390,2.1616,2.0247015953063965
0390,2.3663,2.569286346435547
0390,3.2425,3.1447031497955322
0390,3.3117,3.19883131980896
0390,3.3445,3.1447031497955322
0390,3.3475,3.1627819538116455
0390,4.8287,4.87490701675415
0390,2.7441,3.8514442443847656
0390,3.5975,3.332059144973755
0390,3.8227,3.668294668197632
0390,3.8278,3.7867226600646973
0390,4.0442,5.4564995765686035
0390,4.4804,3.5194756984710693
0390,4.7861,5.226212501525879
0390,5.4384,4.751231670379639
0390,6.0603,6.466777801513672
0390,6.064,6.344333171844482
0390,6.9139,6.126626014709473
0390,2.0751,1.875144600868225
0390,2.3248,2.3326056003570557
0390,2.3635,2.4789702892303467
0390,2.5425,2.4716086387634277
0390,3.2037,3.1072380542755127
0390,3.2069,3.11531138420105
0390,3.6649,3.5294013023376465
0390,4.2804,3.9024016857147217
0390,4.7967,5.237164497375488
0390,2.5852,2.0136702060699463
0390,3.7129,3.7078187465667725
0390,3.78,3.7078187465667725
0390,4.0941,4.8547821044921875
0390,4.3827,4.8547821044921875
0390,4.4467,4.531359672546387
0390,0.9446,1.5737441778182983
0390,0.9552,1.235649824142456
0390,1.0285,1.1785002946853638
0390,1.0638,1.1024665832519531
0390,1.397,1.3031619787216187
0390,1.7916,1.747446894645691
0390,1.7916,1.7238472700119019
0390,1.8772,1.8143665790557861
0390,2.897,2.7801966667175293
0390,4.4825,4.746039867401123
0390,4.5576,4.844234943389893
0390,4.5975,4.512104034423828
0390,4.6132,4.801403045654297
0390,4.7224,4.771317958831787
0390,4.8139,4.801403045654297
0390,5.2137,4.746039867401123
0390,5.2137,5.1000776290893555
0390,5.2165,5.059241771697998
0390,5.2649,4.643457412719727
0390,5.2649,5.189390182495117
0390,4.0239,4.688831329345703
0390,4.1757,4.279808044433594
0390,4.2636,4.4662322998046875
0390,4.2929,4.314223766326904
0390,4.2966,4.385544776916504
0390,4.3479,4.515085697174072
0390,4.4881,4.387672424316406
0390,4.8579,4.385470867156982
0390,4.8628,4.3862409591674805
0390,1.7788,2.1431655883789062
0390,1.8194,2.128615379333496
0390,2.5924,1.9900754690170288
0390,2.7797,2.7124478816986084
0390,2.7829,2.6871304512023926
0390,2.8973,2.7820980548858643
0390,2.9227,2.7491276264190674
0390,3.2758,3.0329976081848145
0390,3.7308,3.8464057445526123
0390,1.4407,1.673337697982788
0390,1.484,1.5242981910705566
0390,1.4966,1.486763834953308
0390,1.6782,1.5242981910705566
0390,1.7998,1.5994662046432495
0390,2.9596,2.9941675662994385
0390,2.98,3.2214603424072266
0390,3.056,3.053347110748291
0390,3.4231,4.276167392730713
0390,4.2235,4.36981725692749
0390,4.4408,4.315332889556885
0390,1.756,1.7428604364395142
0390,1.7588,1.8375601768493652
0390,3.0701,3.3097996711730957
0390,3.2741,3.317946672439575
0390,3.3628,3.2850122451782227
0390,3.4099,3.2400317192077637
0390,3.4145,3.202972888946533
0390,3.4708,3.317946672439575
0390,3.6685,3.28395676612854
0390,3.9469,4.019703388214111
0390,4.0002,4.019703388214111
0390,4.003,4.019703388214111
0390,4.099,4.008542060852051
0390,1.3747,1.5246434211730957
0390,1.6878,1.5108256340026855
0390,1.878,1.3844391107559204
0390,2.3204,2.459946632385254
0390,2.3499,2.441014528274536
0390,2.353,2.3945083618164062
0390,2.4154,2.4335720539093018
0390,2.47,2.5019466876983643
0390,2.4803,2.3486244678497314
0390,2.5297,2.80861496925354
0390,2.6077,2.8411355018615723
0390,2.8434,2.9785165786743164
0390,2.8464,3.070269823074341
0390,2.8733,2.7513930797576904
0390,2.8778,2.7234137058258057
0390,2.9871,2.7234137058258057
0390,3.4928,3.5831470489501953
0390,3.5352,3.2390620708465576
0390,2.0762,2.5583643913269043
0390,2.0792,2.5492606163024902
0390,2.5739,2.4499294757843018
0390,3.4245,3.4218153953552246
0390,3.7792,4.273147106170654
0390,3.8591,4.273877143859863
0390,3.8849,4.144489288330078
0390,3.889,4.129306316375732
0390,4.042,4.284465789794922
0390,4.1208,4.286111354827881
0390,4.1539,4.286111354827881
0390,4.2082,4.243455410003662
0390,4.2876,4.171005725860596
0390,4.3274,3.9249484539031982
0390,4.3587,4.286111354827881
0390,4.8894,4.171005725860596
0390,1.9425,1.9914498329162598
0390,1.9513,1.9701423645019531
0390,1.9922,3.4092941284179688
0390,2.032,2.0072579383850098
0390,2.0663,2.025514841079712
0390,2.1368,2.022512197494507
0390,2.1411,2.04569411277771
0390,2.1455,1.8989231586456299
0390,3.3463,3.4092941284179688
0390,3.3806,3.374056339263916
0390,3.3836,3.5215821266174316
0390,3.6102,3.374056339263916
0390,3.7868,3.3717775344848633
0390,3.8262,3.4092941284179688
0390,3.8914,3.1898536682128906
0390,4.4104,4.784536838531494
0390,4.5039,4.7785491943359375
0390,4.9317,4.997307300567627
0390,5.046,4.903026580810547
0390,5.1642,4.903026580810547
0390,5.2167,4.875551700592041
0390,0.9006,1.0086919069290161
0390,0.9049,0.9854700565338135
0390,0.9803,1.0035419464111328
0390,1.0241,1.1818944215774536
0390,1.2381,1.4796513319015503
0390,1.2471,1.1569669246673584
0390,1.2731,1.458543300628662
0390,1.4051,1.1433030366897583
0390,1.4051,1.4225811958312988
0390,1.5071,1.3504655361175537
0390,2.7316,3.271456480026245
0390,3.6348,3.0422279834747314
0390,4.1064,3.6006267070770264
0390,5.2725,4.294816970825195
0390,5.2814,4.294816970825195
0390,1.7894,3.068161725997925
0390,1.7894,3.882030963897705
0390,2.2922,2.2235021591186523
0390,3.7215,3.70048451423645
0390,3.791,3.910153388977051
0390,3.9165,3.590184211730957
0390,4.0371,3.5104024410247803
0390,4.0371,1.9866591691970825
0390,4.5575,3.488363027572632
0390,1.286,1.7310024499893188
0390,1.5689,1.5979489088058472
0390,1.6049,1.572685956954956
0390,1.6112,1.595556616783142
0390,1.6171,1.9158722162246704
0390,1.657,1.6019012928009033
0390,1.6981,2.055058002471924
0390,2.1645,2.224745750427246
0390,2.2108,2.1296496391296387
0390,5.0238,4.289740562438965
0390,1.4805,1.716264247894287
0390,2.2796,2.3343892097473145
0390,2.3661,2.6045143604278564
0390,2.5141,2.688551187515259
0390,2.8513,2.886605978012085
0390,3.0025,3.2077836990356445
0390,3.0705,3.268317222595215
0390,1.2442,1.3055143356323242
0390,1.2979,1.3619498014450073
0390,1.3323,1.3055143356323242
0390,1.7183,1.5479483604431152
0390,2.2858,2.8165175914764404
0390,2.3276,2.7131190299987793
0390,3.3857,3.512378454208374
0390,3.39,3.6168038845062256
0390,3.4391,3.5667896270751953
0390,4.0324,3.5490477085113525
0390,4.0584,4.150424003601074
0390,4.1796,4.094844341278076
0390,4.6029,3.9708218574523926
0390,1.3343,1.318900465965271
0390,2.4503,2.0955748558044434
0390,2.9488,3.022136688232422
0390,3.0781,2.994302988052368
0390,3.2977,3.2101693153381348
0390,3.3006,3.122645378112793
0390,4.1025,4.276784896850586
0390,4.429,4.57459020614624
0390,4.4363,4.6793646812438965
0390,5.04,3.8260674476623535
0390,5.184,4.702795028686523
0390,1.5655,1.4956682920455933
0390,1.7257,2.1258656978607178
0390,1.9355,1.9302418231964111
0390,2.0428,1.9735356569290161
0390,2.0474,1.9810911417007446
0390,2.0835,1.9558320045471191
0390,3.7291,3.762625217437744
0390,3.8415,3.70650577545166
0390,4.1786,3.6740152835845947
0390,1.1269,1.3967320919036865
0390,1.2071,1.3967770338058472
0390,1.2101,1.4300235509872437
0390,2.1722,2.2172014713287354
0390,2.2449,2.224954843521118
0390,2.2492,2.1576175689697266
0390,2.2901,2.1129162311553955
0390,3.2064,3.40899658203125
0390,1.7852,3.092641592025757
0390,3.3069,3.461282968521118
0390,3.3116,3.4284677505493164
0390,3.4385,3.092641592025757
0390,3.9315,4.155762672424316
0390,4.0129,4.110219478607178
0390,4.1347,4.073468208312988
0390,4.2938,4.068332672119141
0390,4.3845,4.083101272583008
0390,0.4839,0.9925819039344788
0390,2.0304,2.191664218902588
0390,2.2044,2.6797096729278564
0390,2.64,2.981910467147827
0390,2.9765,3.0132558345794678
0390,3.7381,4.031671047210693
0390,4.5622,4.406360149383545
0390,1.1662,1.5597971677780151
0390,2.7282,3.174957036972046
0390,3.2725,3.1550590991973877
0390,3.3858,3.4492247104644775
0390,3.4756,3.107562780380249
0390,3.4787,3.540438175201416
0390,3.5776,3.5100789070129395
0390,3.6516,3.507993698120117
0390,4.258,3.6089351177215576
0390,4.2623,3.6282637119293213
0390,4.4677,4.232017993927002
0390,1.1396,1.3707820177078247
0390,1.6459,1.5998735427856445
0390,1.7296,1.6326061487197876
0390,1.9293,1.6991180181503296
0390,2.2968,2.474224328994751
0390,2.4825,2.4330203533172607
0390,2.4854,2.436493396759033
0390,2.581,2.4330203533172607
0390,6.1789,5.583378314971924
0390,1.6655,1.826165795326233
0390,1.6968,1.826165795326233
0390,2.1405,2.644376039505005
0390,2.3457,2.217918872833252
0390,2.3487,2.217918872833252
0390,2.4051,2.2254467010498047
0390,3.277,3.832397222518921
0390,3.3245,3.354292869567871
0390,3.374,3.9771409034729004
0390,4.7666,3.6567673683166504
0390,5.1565,5.33185338973999
0390,5.2326,5.216081619262695
0390,5.3487,5.269181728363037
0390,1.0399,1.203672170639038
0390,1.4826,1.6757640838623047
0390,1.6178,1.8624889850616455
0390,1.6209,1.866821527481079
0390,2.5784,2.324972152709961
0390,2.6675,2.2783236503601074
0390,4.4136,4.700183868408203
0390,4.5137,4.669370174407959
0390,0.7839,1.0974065065383911
0390,1.5121,1.951022744178772
0390,1.6105,1.7955814599990845
0390,1.6659,1.7565206289291382
0390,1.9291,1.7831636667251587
0390,2.0567,1.7129549980163574
0390,2.1792,2.2108664512634277
0390,2.2477,2.269899368286133
0390,2.2524,2.3171725273132324
0390,3.4724,3.2717127799987793
0390,0.5037,1.0278961658477783
0390,0.9924,1.6964495182037354
0390,1.2024,1.5549503564834595
0390,1.2505,1.5432324409484863
0390,1.2864,1.4059621095657349
0390,5.6109,5.721395969390869
0390,1.0462,1.2118475437164307
0390,1.1801,1.1055999994277954
0390,1.4815,1.5670981407165527
0390,1.4859,1.6757640838623047
0390,1.5449,1.849556803703308
0390,1.6162,1.821904182434082
0390,1.6192,1.7931872606277466
0390,2.4363,2.428071975708008
0390,2.5797,2.2546749114990234
0390,3.2695,1.6797637939453125
0390,4.4122,4.743216037750244
0390,4.5142,4.700183868408203
0390,1.0142,1.1665022373199463
0390,3.7952,3.7902743816375732
0390,3.8043,3.075007200241089
0390,4.785,4.146778583526611
0390,6.3902,6.409598350524902
0390,6.4652,6.274642467498779
0390,1.1379,1.5076313018798828
0390,1.7689,1.5825371742248535
0390,1.7721,1.523438572883606
0390,1.9696,1.8393200635910034
0390,2.7365,2.6846797466278076
0390,3.2665,3.5202536582946777
0390,1.2117,1.3746806383132935
0390,1.2191,1.4823119640350342
0390,2.39,2.3680665493011475
0390,3.5174,3.46950626373291
0390,4.5695,4.104696273803711
0390,4.933,4.652499198913574
0390,5.0845,5.0012006759643555
0390,5.1467,4.976327896118164
0390,1.3709,1.8406606912612915
0390,1.5688,1.6690272092819214
0390,1.6315,1.6690272092819214
0390,2.6479,2.6231534481048584
0390,3.3434,3.212329626083374
0390,3.3741,3.1315760612487793
0390,3.8772,3.9417660236358643
0390,3.8772,4.002941608428955
0390,4.0387,3.9545114040374756
0390,4.0387,3.9761595726013184
0390,4.0432,3.899627447128296
0390,4.0432,3.9333624839782715
0390,4.1421,4.09076452255249
0390,4.1867,4.003021240234375
0390,0.6257,1.7760155200958252
0390,0.6257,1.425692081451416
0390,0.9603,1.0658475160598755
0390,1.6564,1.7966554164886475
0390,1.8229,1.2416799068450928
0390,2.0982,1.9359992742538452
0390,2.1548,2.0521039962768555
0390,2.2755,2.282534599304199
0390,2.5389,2.2835755348205566
0390,6.0364,5.4854736328125
0390,6.1485,5.416203022003174
0390,1.1663,1.2932270765304565
0390,1.1693,1.261527180671692
0390,1.2161,1.7372874021530151
0390,1.4271,1.5685781240463257
0390,1.4628,1.4959930181503296
0390,2.8533,2.940201759338379
0390,2.9604,3.012209415435791
0390,2.9647,3.012209415435791
0390,3.1456,3.422128200531006
0390,3.1674,4.062658309936523
0390,3.223,3.2860944271087646
0390,3.6831,4.033024787902832
0390,3.7488,4.033024787902832
0390,3.887,3.927212953567505
0390,4.0186,3.871894359588623
0390,4.1242,3.904524803161621
0390,4.1272,3.927212953567505
0390,4.2581,3.9519455432891846
0390,4.6361,3.871894359588623
0390,1.1731,1.472190499305725
0390,2.7289,3.9553163051605225
0390,2.7319,3.150505542755127
0390,3.1816,3.893383264541626
0390,3.274,3.150505542755127
0390,3.3831,3.4308948516845703
0390,3.4779,3.1168441772460938
0390,3.4825,3.5374948978424072
0390,3.5765,3.5281622409820557
0390,3.6483,3.3485875129699707
0390,4.256,3.6440489292144775
0390,4.4661,4.190989017486572
0390,4.4704,4.276214599609375
0390,1.6662,1.6962149143218994
0390,2.1377,2.6655690670013428
0390,2.3435,2.2343382835388184
0390,2.4028,1.612557291984558
0390,2.4028,2.1775410175323486
0390,2.4297,2.1775410175323486
0390,2.4549,4.325197219848633
0390,3.2365,3.391141176223755
0390,3.2751,3.9771409034729004
0390,3.3191,3.391141176223755
0390,3.3235,3.350008726119995
0390,3.3743,3.832397222518921
0390,4.2487,3.832397222518921
0390,4.7639,3.5791871547698975
0390,4.9888,3.460571765899658
0390,5.1559,5.294677257537842
0390,5.2368,5.294677257537842
0390,5.3468,5.312025547027588
0390,3.8942,5.254610538482666
0390,4.0818,3.820359706878662
0390,5.6374,5.254610538482666
0390,1.2552,1.4229927062988281
0390,1.2999,1.4552462100982666
0390,1.7247,2.3481109142303467
0390,1.788,1.7166626453399658
0390,1.9079,2.1181583404541016
0390,1.9123,2.3317229747772217
0390,2.1139,2.6922607421875
0390,2.2464,2.6934292316436768
0390,2.7009,2.4157607555389404
0390,3.7106,3.504347324371338
0390,4.7285,4.398845672607422
0390,5.0399,4.421947956085205
0390,5.5029,5.6381707191467285
0390,0.9664,0.9118186831474304
0390,1.714,2.0672950744628906
0390,1.8217,1.7866781949996948
0390,1.9706,2.001014471054077
0390,2.031,2.0752878189086914
0390,2.3967,2.483137607574463
0390,3.1356,3.1019532680511475
0390,3.1772,3.071180820465088
0390,2.7696,2.455993175506592
0390,2.8104,2.685910224914551
0390,3.4755,3.627265691757202
0390,3.5492,3.609647512435913
0390,3.6165,3.545138120651245
0390,4.0022,4.002167224884033
0390,4.0055,3.9549384117126465
0390,4.0575,3.9833147525787354
0390,4.0619,4.052662372589111
0390,4.6551,4.662221908569336
0390,4.8855,4.919520854949951
0390,4.9255,4.879520416259766
0390,5.0274,4.887670040130615
0390,5.039,5.126980781555176
0390,1.5617,1.7334694862365723
0390,1.608,1.582242727279663
0390,3.1519,2.8716769218444824
0390,3.2686,3.2551863193511963
0390,3.2686,3.210413932800293
0390,3.2732,3.2908551692962646
0390,3.2732,3.2301764488220215
0390,4.3588,4.034078121185303
0390,4.6364,4.7390456199646
0390,2.0088,1.8220032453536987
0390,2.086,1.7870151996612549
0390,2.2814,2.8835489749908447
0390,2.636,3.1941235065460205
0390,3.0285,3.2958104610443115
0390,3.0352,3.3231260776519775
0390,3.2741,3.2820348739624023
0390,3.6901,3.154085159301758
0390,3.8074,3.8492438793182373
0390,4.8782,5.037330150604248
0390,4.9223,5.024395942687988
0390,5.0376,4.959992408752441
0390,1.0946,1.3184001445770264
0390,1.0978,1.2943073511123657
0390,3.3976,3.652475118637085
0390,3.6045,3.705296277999878
0390,3.6076,5.420246601104736
0390,3.8384,3.3760857582092285
0390,4.0165,3.4128432273864746
0390,5.2191,5.268631935119629
0390,5.5597,5.420246601104736
0390,5.6116,4.829926013946533
0390,5.6925,4.829926013946533
0390,5.697,4.829926013946533
0390,6.5948,6.4230637550354
0390,6.7885,6.545613765716553
0390,6.9647,6.481203079223633
0390,6.9736,6.4230637550354
0390,1.2805,1.6725125312805176
0390,2.0123,1.8255698680877686
0390,2.1733,2.2990498542785645
0390,2.4936,2.5369255542755127
0390,2.5332,2.5162081718444824
0390,3.504,3.759129285812378
0390,3.5072,3.7792716026306152
0390,3.6111,3.1313796043395996
0390,5.3032,5.397738933563232
0390,5.4847,5.190822601318359
0390,5.7631,5.679298400878906
0390,5.9112,5.591183185577393
0390,2.4075,2.3723437786102295
0390,2.768,2.3863487243652344
0390,2.768,2.2983574867248535
0390,2.7758,3.501802444458008
0390,3.0111,3.4418528079986572
0390,5.2736,4.953647613525391
0390,5.2779,5.499127388000488
0390,5.4169,5.516720294952393
0390,5.6224,5.503162384033203
0390,5.6682,5.450981140136719
0390,5.6712,5.484363555908203
0390,2.4428,2.877047300338745
0390,2.6991,2.877047300338745
0390,2.8252,2.881070852279663
0390,2.9468,2.8547439575195312
0390,3.2468,3.634232759475708
0390,3.2656,2.7530314922332764
0390,3.488,3.503157377243042
0390,3.5886,3.5052437782287598
0390,3.647,3.5662760734558105
0390,3.6604,3.5415971279144287
0390,3.6975,3.5657854080200195
0390,3.7615,3.5415971279144287
0390,3.7931,3.496168375015259
0390,4.1497,4.879683017730713
0390,4.2834,4.879683017730713
0390,5.0439,5.197933673858643
0390,5.4659,4.879683017730713
0390,5.5512,4.586066722869873
0390,5.7172,5.267981052398682
0390,1.6652,1.4855819940567017
0390,1.7942,1.438076138496399
0390,2.2527,2.022430658340454
0390,2.3777,2.1221752166748047
0390,2.8113,3.0394372940063477
0390,2.8904,2.9456875324249268
0390,3.1317,3.0280251502990723
0390,4.7249,4.658212661743164
0390,1.4497,1.6522505283355713
0390,1.522,1.6259368658065796
0390,2.4376,2.8918073177337646
0390,2.9441,2.7960567474365234
0390,3.2009,3.263969898223877
0390,3.2053,3.1227333545684814
0390,3.2097,2.8435862064361572
0390,3.6016,3.5422704219818115
0390,3.6986,3.584472417831421
0390,4.4295,4.464432716369629
0390,4.4342,4.429976463317871
0390,4.5551,4.429976463317871
0390,1.6592,1.4345357418060303
0390,2.1256,2.1320528984069824
0390,2.278,2.5042545795440674
0390,2.4068,2.346942186355591
0390,2.4097,2.375539779663086
0390,2.7508,2.6554949283599854
0390,2.8589,2.823448419570923
0390,3.0026,3.011747360229492
0390,4.5288,5.0271406173706055
0390,4.9657,4.893919467926025
0390,5.2448,4.867278575897217
0390,2.2445,2.9813506603240967
0390,2.2445,2.3300228118896484
0390,2.2519,2.7673938274383545
0390,2.2519,2.4565927982330322
0390,2.2849,2.5107288360595703
0390,2.2883,2.6683435440063477
0390,2.2883,2.6694960594177246
0390,2.3388,2.542593240737915
0390,2.3895,2.6921188831329346
0390,2.3895,2.6250979900360107
0390,2.5881,2.682783603668213
0390,2.5881,2.6250979900360107
0390,2.5918,2.5537607669830322
0390,2.5918,2.591667890548706
0390,2.6366,2.7673938274383545
0390,2.6366,2.4565927982330322
0390,2.9516,2.903672695159912
0390,3.8211,4.403799057006836
0390,4.2463,4.169188022613525
0390,4.3218,2.5537607669830322
0390,4.3218,2.4565927982330322
0390,2.0238,2.0594322681427
0390,2.5857,2.983405351638794
0390,2.7761,2.9018540382385254
0390,3.0972,3.130105495452881
0390,3.1003,3.0697481632232666
0390,4.5844,4.039941787719727
0390,0.9883,1.2217926979064941
0390,1.2026,1.410558819770813
0390,1.5138,1.4607353210449219
0390,1.9358,2.1766293048858643
0390,2.0279,2.0309722423553467
0390,2.0554,2.1766293048858643
0390,1.5281,3.5036559104919434
0390,2.9137,4.259496688842773
0390,3.0376,4.259496688842773
0390,3.749,3.5036559104919434
0390,4.9542,3.179642677307129
0390,0.9441,1.2470539808273315
0390,0.9969,1.3268951177597046
0390,1.1985,1.1552292108535767
0390,1.2325,2.213517427444458
0390,1.7792,1.751832127571106
0390,1.7835,1.9064337015151978
0390,1.8712,1.751832127571106
0390,1.8794,2.123654842376709
0390,1.9009,2.0170352458953857
0390,2.1514,2.055795192718506
0390,2.2234,1.751832127571106
0390,2.4425,1.9663945436477661
0390,2.7578,1.9200186729431152
0390,4.2569,4.034355163574219
0390,0.6634,0.9396213293075562
0390,0.6678,1.0282106399536133
0390,0.9428,1.0886720418930054
0390,0.9473,1.1029020547866821
0390,1.3293,1.732324481010437
0390,5.0252,4.829975605010986
0390,5.0331,4.822722434997559
0390,5.7762,5.294960021972656
0390,1.6545,2.008180856704712
0390,1.9388,1.9618289470672607
0390,1.9418,1.9739837646484375
0390,2.2367,2.4241621494293213
0390,2.2461,1.9969907999038696
0390,3.2777,3.3420538902282715
0390,3.2808,3.352806806564331
0390,3.363,3.305903196334839
0390,3.3878,3.3151657581329346
0390,3.4625,3.298274517059326
0390,3.4671,3.278329610824585
0390,3.9404,3.5405681133270264
0390,3.9446,3.6409857273101807
0390,4.5396,4.846928596496582
0390,1.88,4.633328914642334
0390,2.6673,2.38230562210083
0390,2.7219,2.4249184131622314
0390,2.8098,2.4281721115112305
0390,3.0448,2.896794319152832
0390,4.06,4.051820278167725
0390,4.233,4.009969711303711
0390,4.2842,3.9692487716674805
0390,4.502,3.8885810375213623
0390,1.4761,1.6033496856689453
0390,1.5435,1.6456156969070435
0390,1.6005,1.65188729763031
0390,2.7069,3.2557449340820312
0390,3.0388,3.2557449340820312
0390,3.1875,3.1272339820861816
0390,3.6643,3.6337966918945312
0390,3.674,4.000370502471924
0390,3.696,3.6254465579986572
0390,3.8021,3.6286325454711914
0390,3.8252,3.6788218021392822
0390,3.8299,3.6346423625946045
0390,3.8345,4.051602363586426
0390,4.0516,3.9265549182891846
0390,4.272,3.9406747817993164
0390,4.275,3.9237189292907715
0390,4.7192,4.674689292907715
0390,4.7234,4.72805118560791
0390,4.8494,4.693192481994629
0390,4.9446,4.713277816772461
0390,5.0114,4.6796393394470215
0390,1.2846,1.6484991312026978
0390,2.2271,2.116901397705078
0390,2.4013,2.0182852745056152
0390,2.9005,3.009680986404419
0390,2.9561,3.057128429412842
0390,3.0619,3.037630796432495
0390,3.1508,3.0131711959838867
0390,3.2637,3.004657030105591
0390,3.3665,2.9322171211242676
0390,3.3772,2.945889472961426
0390,3.4943,2.9322171211242676
0390,3.6961,3.8627851009368896
0390,4.5548,5.134188652038574
0390,4.7363,5.078298091888428
0390,4.837,5.134188652038574
0390,4.9094,5.134188652038574
0390,5.0736,5.039475917816162
0390,5.1977,4.993441581726074
0390,5.2766,4.993441581726074
0390,5.3906,5.021649360656738
0390,5.3948,5.134188652038574
0390,5.461,4.197068691253662
0390,5.4692,4.197068691253662
0390,1.1132,1.295409917831421
0390,1.2481,1.2418673038482666
0390,1.4997,1.5951193571090698
0390,2.3309,2.711219549179077
0390,2.3837,2.482043743133545
0390,2.5798,2.3659884929656982
0390,4.043,4.284799098968506
0390,4.043,4.056206226348877
0390,4.1431,4.253218650817871
0390,4.1431,4.074017524719238
0390,4.1957,4.253218650817871
0390,4.1957,4.019854545593262
0390,4.2003,4.102139472961426
0390,4.2003,4.030332565307617
0390,0.5744,0.8707585334777832
0390,1.7262,1.868372917175293
0390,1.8743,2.0488781929016113
0390,2.0831,2.331371307373047
0390,2.2045,2.1293580532073975
0390,2.2428,2.1293580532073975
0390,2.4529,2.743227481842041
0390,2.8147,3.172546625137329
0390,3.6349,4.196422576904297
0390,4.2353,3.951885223388672
0390,1.3155,1.5667041540145874
0390,1.3185,1.5599514245986938
0390,1.444,1.8769428730010986
0390,1.7732,1.5640082359313965
0390,2.0298,2.3338959217071533
0390,2.0326,2.3438827991485596
0390,2.3545,2.21425461769104
0390,3.1287,2.9904022216796875
0390,3.1681,2.9996511936187744
0390,5.4281,4.97726583480835
0390,3.7453,3.954436779022217
0390,3.891,3.9628994464874268
0390,3.8954,3.9641497135162354
0390,4.1601,3.9641497135162354
0390,4.207,3.954436779022217
0390,4.5897,3.8816654682159424
0390,5.0399,5.164519309997559
0390,1.9938,2.2093424797058105
0390,2.0388,2.3750107288360596
0390,2.0388,2.129042148590088
0390,2.042,2.046757221221924
0390,2.0642,2.252556324005127
0390,2.1984,2.252556324005127
0390,2.3101,2.1641252040863037
0390,2.843,2.7865283489227295
0390,2.8475,2.7687201499938965
0390,1.8491,2.336388349533081
0390,1.8797,4.5415239334106445
0390,2.1063,2.303438663482666
0390,2.1643,2.303438663482666
0390,2.2594,2.277435779571533
0390,3.3959,3.8283045291900635
0390,4.215,3.225593328475952
0390,4.3749,3.96248197555542
0390,4.6898,4.90970516204834
0390,4.9369,4.76039457321167
0390,5.4722,3.225593328475952
0390,1.3459,1.4409011602401733
0390,1.4345,3.4138524532318115
0390,2.5749,3.454946517944336
0390,2.5794,3.3688485622406006
0390,3.1309,3.0776138305664062
0390,3.3966,3.6937925815582275
0390,3.6398,3.7443554401397705
0390,3.6443,3.8151206970214844
0390,3.9538,1.618403673171997
0390,4.5986,4.549782752990723
0390,4.603,2.8623900413513184
0390,4.603,4.55453634262085
0390,5.1575,6.179320812225342
0390,6.3729,5.408447742462158
0390,1.6756,1.875564694404602
0390,1.8092,1.8670202493667603
0390,2.3635,3.28261661529541
0390,2.6145,3.24983549118042
0390,2.6865,3.1708531379699707
0390,2.8532,3.2322521209716797
0390,2.8966,3.216337203979492
0390,2.9587,3.1350436210632324
0390,3.1205,3.1913487911224365
0390,3.1814,3.1881141662597656
0390,3.1852,3.216337203979492
0390,3.2553,3.194291353225708
0390,3.3676,3.1732828617095947
0390,3.3923,3.1708531379699707
0390,3.435,3.1708531379699707
0390,3.5126,3.1350436210632324
0390,3.5995,3.140939235687256
0390,3.6299,3.155097007751465
0390,3.7306,3.1159112453460693
0390,1.5681,1.9921903610229492
0390,1.6562,2.0133771896362305
0390,1.6756,2.0024025440216064
0390,2.2838,1.7657685279846191
0390,2.486,2.3214290142059326
0390,2.6235,2.666203737258911
0390,2.6401,2.7576091289520264
0390,2.6797,2.9052720069885254
0390,2.7167,2.7032790184020996
0390,3.1492,3.492957830429077
0390,3.3802,3.555911064147949
0390,3.5645,3.5339810848236084
0390,1.455,1.5767992734909058
0390,1.5191,1.5611827373504639
0390,1.6512,1.5868711471557617
0390,2.2883,2.8998239040374756
0390,2.4662,2.4829134941101074
0390,2.5287,2.684861898422241
0390,3.1863,3.0338335037231445
0390,3.2657,2.4829134941101074
0390,3.314,2.9844274520874023
0390,5.412,4.915449619293213
0390,1.8138,1.8462748527526855
0390,2.5866,2.9953982830047607
0390,3.1076,2.9361536502838135
0390,3.1557,2.9588358402252197
0390,3.1933,3.0946686267852783
0390,3.1963,3.02524471282959
0390,3.3155,3.736055374145508
0390,3.4276,3.750260591506958
0390,3.5517,3.750260591506958
0390,3.6495,3.709191083908081
0390,3.7481,3.6551501750946045
0390,3.9129,3.661259651184082
0390,3.9776,3.420513391494751
0390,4.0927,4.4946088790893555
0390,4.0958,4.435131072998047
0390,2.1127,2.053866147994995
0390,2.3396,2.053866147994995
0390,2.5877,2.7697391510009766
0390,2.6276,2.422783851623535
0390,2.6523,2.736908435821533
0390,2.677,3.2908551692962646
0390,3.0849,2.961709499359131
0390,3.1965,3.0596814155578613
0390,3.2393,3.0596814155578613
0390,3.2927,3.2908551692962646
0390,3.2956,3.9654414653778076
0390,3.3536,3.275360345840454
0390,3.4026,3.3641390800476074
0390,3.6856,3.739211320877075
0390,2.4054,2.4914987087249756
0390,2.6992,2.8525800704956055
0390,2.845,2.958218812942505
0390,4.1952,4.186777114868164
0390,5.099,4.824113368988037
0390,5.2333,4.824113368988037
0390,5.5128,5.148505687713623
0390,5.7878,4.824113368988037
0390,3.8531,4.4856061935424805
0390,3.9078,3.6571319103240967
0390,4.1038,4.612965106964111
0390,4.4619,4.269028663635254
0390,4.4668,3.9931750297546387
0390,4.6333,5.173301696777344
0390,4.7515,5.2061920166015625
0390,4.8143,5.113248348236084
0390,4.8174,5.2061920166015625
0390,4.8907,4.153276443481445
0390,5.0653,4.956185817718506
0390,5.1666,4.956185817718506
0390,5.259,5.090139389038086
0390,5.9923,4.956185817718506
0390,2.7706,2.9252097606658936
0390,3.0023,2.837344169616699
0390,3.1692,2.880133867263794
0390,3.1847,4.460624694824219
0390,3.3116,3.577145576477051
0390,3.3155,3.5888495445251465
0390,3.3958,3.5824646949768066
0390,3.4002,3.5485928058624268
0390,3.4525,4.2644362449646
0390,3.5277,3.5485928058624268
0390,3.6101,3.4688918590545654
0390,3.8464,3.493138074874878
0390,4.0155,4.296693325042725
0390,4.1904,4.325240612030029
0390,4.1987,4.347474575042725
0390,4.4178,4.245171070098877
0390,4.7606,3.763247489929199
0390,5.4326,5.339207172393799
0390,5.5973,5.4235382080078125
0390,5.6014,5.467922210693359
0390,1.1094,1.4760836362838745
0390,3.2767,3.6569676399230957
0390,3.3524,3.623063564300537
0390,3.4143,3.667206287384033
0390,3.4987,3.667206287384033
0390,3.5766,3.6137547492980957
0390,3.623,3.587376117706299
0390,3.6274,3.575547695159912
0390,3.6617,4.7927961349487305
0390,3.7463,3.6115782260894775
0390,3.8274,3.623063564300537
0390,3.8833,3.575892925262451
0390,4.054,3.5425076484680176
0390,4.7945,4.556805610656738
0390,4.8852,4.581737995147705
0390,4.8899,4.519198894500732
0390,0.9357,1.186034917831421
0390,1.3749,1.4015554189682007
0390,1.4854,1.3118594884872437
0390,3.1981,3.076103925704956
0390,3.2821,3.2350473403930664
0390,3.8377,3.660519599914551
0390,4.0488,3.89666748046875
0390,4.0531,3.948845148086548
0390,6.0947,5.802914142608643
0390,1.4415,1.5234160423278809
0390,1.4935,1.4258716106414795
0390,1.8118,1.700804591178894
0390,1.8148,1.7133816480636597
0390,2.8378,2.586142063140869
0390,3.0664,2.72454571723938
0390,5.4635,5.345583915710449
0390,1.6011,1.4989283084869385
0390,3.0238,2.99522066116333
0390,3.6954,3.4166970252990723
0390,4.2107,4.0719780921936035
0390,4.4836,4.177619934082031
0390,4.4867,4.0719780921936035
0390,5.187,4.911350250244141
0390,5.2209,4.295008182525635
0390,5.2773,4.922933101654053
0390,5.4539,5.014593124389648
0390,1.1505,1.306057095527649
0390,1.418,1.2525091171264648
0390,1.5998,2.004045248031616
0390,1.683,2.0045690536499023
0390,2.3402,2.6399142742156982
0390,2.4333,2.8328027725219727
0390,2.4631,2.7686262130737305
0390,2.4722,2.868243932723999
0390,2.5276,2.738398790359497
0390,3.1393,3.2512123584747314
0390,3.2045,3.682032823562622
0390,3.2075,3.2512123584747314
0390,2.3477,2.7040791511535645
0390,2.4594,2.6944682598114014
0390,2.6338,2.0755813121795654
0390,2.6865,2.6341135501861572
0390,2.934,3.2015397548675537
0390,3.1938,3.0907812118530273
0390,3.2908,3.6090877056121826
0390,3.4946,3.6090877056121826
0390,3.5441,3.4922568798065186
0390,3.6545,3.461610794067383
0390,4.4392,4.152346611022949
0390,4.5865,4.281177043914795
0390,4.9832,5.088082790374756
0390,5.1175,5.053228378295898
0390,5.2182,5.053228378295898
0390,5.2255,5.059447288513184
0390,7.2499,6.075827121734619
0390,2.5477,2.7606000900268555
0390,2.7433,2.9285550117492676
0390,2.7605,2.6618282794952393
0390,2.828,3.0437064170837402
0390,3.0056,2.562061071395874
0390,3.0086,2.4774742126464844
0390,3.1943,3.209444284439087
0390,3.4124,3.446833848953247
0390,3.4154,3.3530004024505615
0390,3.5189,3.4162094593048096
0390,6.0279,5.832703113555908
0390,1.0304,0.9819079041481018
0390,1.1955,1.9771084785461426
0390,1.4692,1.8954386711120605
0390,1.5968,1.9771084785461426
0390,1.6348,2.0185751914978027
0390,1.6426,1.8835793733596802
0390,1.8116,1.7757481336593628
0390,1.9149,1.9771084785461426
0390,1.9575,1.8954386711120605
0390,1.9838,2.005890369415283
0390,2.0144,1.8954386711120605
0390,2.0554,3.689342975616455
0390,2.1058,1.7757481336593628
0390,2.2366,1.8297340869903564
0390,2.409,1.7757481336593628
0390,2.482,2.476027250289917
0390,2.4863,2.4676365852355957
0390,2.6077,2.4676365852355957
0390,3.7473,3.5605709552764893
0390,3.8209,3.5147595405578613
0390,3.8255,3.4773638248443604
0390,4.7581,4.404052734375
0390,4.7626,4.525456428527832
0390,3.6479,4.173403263092041
0390,3.8442,4.173403263092041
0390,3.9185,3.530191659927368
0390,3.9229,4.14730978012085
0390,4.1321,4.106595516204834
0390,4.2001,3.9946987628936768
0390,4.2978,4.353921413421631
0390,4.3021,4.287606716156006
0390,4.4145,3.852308750152588
0390,4.4412,4.0918684005737305
0390,4.4853,4.393563747406006
0390,4.5381,4.117025375366211
0390,4.5919,4.385563850402832
0390,4.6699,4.173403263092041
0390,4.6699,4.317341327667236
0390,4.6727,4.365717887878418
0390,6.1634,6.596158504486084
0390,1.9372,1.9639086723327637
0390,2.0209,1.9537725448608398
0390,2.1036,2.238004207611084
0390,2.2086,2.1658942699432373
0390,2.5342,2.4417734146118164
0390,2.6443,3.0320286750793457
0390,2.6534,2.43803334236145
0390,3.0916,2.6730756759643555
0390,3.0945,3.16191029548645
0390,1.2526,1.4477206468582153
0390,1.29,1.5548573732376099
0390,2.8528,3.1444153785705566
0390,3.0206,2.4836525917053223
0390,3.447,3.7640695571899414
0390,3.5921,3.7400975227355957
0390,3.7626,3.695233106613159
0390,3.8205,3.6882994174957275
0390,4.5019,4.248234748840332
0390,4.5463,4.287898063659668
0390,0.7105,1.0255954265594482
0390,0.7136,1.0150115489959717
0390,1.7962,2.084991693496704
0390,2.1916,2.0331552028656006
0390,2.5379,2.315124750137329
0390,2.6649,2.5675344467163086
0390,2.8811,3.5553596019744873
0390,3.5784,3.489025592803955
0390,3.5815,3.451092004776001
0390,1.4439,1.073194146156311
0390,2.8003,3.067739725112915
0390,3.6854,3.9097869396209717
0390,3.6902,3.9097869396209717
0390,1.2591,1.603979468345642
0390,1.5565,1.8809188604354858
0390,1.6342,1.48836350440979
0390,1.6522,2.027937650680542
0390,1.8722,1.9299821853637695
0390,1.9997,1.5686196088790894
0390,2.4395,2.311934471130371
0390,2.5452,2.9093899726867676
0390,2.6251,2.311934471130371
0390,2.7725,2.874135971069336
0390,2.7755,1.321405291557312
0390,2.9096,2.8056344985961914
0390,3.7113,3.7905943393707275
0390,3.7158,3.7630012035369873
0390,3.9679,4.140866756439209
0390,4.0224,4.122646808624268
0390,4.0725,4.149142265319824
0390,4.5944,3.9883031845092773
0390,1.8863,1.6893656253814697
0390,1.936,1.768504023551941
0390,2.3603,2.013310194015503
0390,2.4186,2.0317420959472656
0390,2.6634,2.9651143550872803
0390,2.7465,3.602886438369751
0390,2.7948,3.009877920150757
0390,3.4595,3.39462947845459
0390,3.4986,3.39462947845459
0390,3.5342,3.4320530891418457
0390,0.986,1.3544763326644897
0390,1.4969,1.2405725717544556
0390,1.8248,1.6043370962142944
0390,5.0199,5.106809616088867
0390,5.0772,5.108679294586182
0390,5.6419,5.729853630065918
0390,5.7581,5.515621662139893
0390,5.9479,5.515621662139893
0390,6.0447,5.541747570037842
0390,2.1299,1.6860448122024536
0390,2.3669,2.52651047706604
0390,2.3712,2.6022369861602783
0390,2.5157,2.5097787380218506
0390,2.9034,2.9682321548461914
0390,3.0112,3.0990335941314697
0390,3.1876,3.0370476245880127
0390,3.616,3.399437189102173
0390,4.1252,4.077382564544678
0390,4.1295,4.077382564544678
0390,5.1499,5.156528949737549
0390,5.315,5.129406929016113
0390,5.4214,5.102353572845459
0390,2.1742,1.83294677734375
0390,2.6172,2.779433012008667
0390,2.6217,2.781278610229492
0390,2.8387,3.4005110263824463
0390,3.0212,3.02339243888855
0390,3.1502,3.2480316162109375
0390,3.2053,3.469203233718872
0390,3.2893,3.4031035900115967
0390,3.2937,3.2988293170928955
0390,3.5466,3.3437607288360596
0390,4.5591,4.8300275802612305
0390,4.5634,4.814358711242676
0390,1.2488,1.9835882186889648
0390,1.2488,2.0654027462005615
0390,1.2488,1.8627562522888184
0390,1.3262,2.030506134033203
0390,1.3262,2.0695834159851074
0390,1.3262,1.9361834526062012
0390,2.3691,2.330592393875122
0390,2.404,2.3924906253814697
0390,2.5367,1.958805799484253
0390,2.5367,1.9549949169158936
0390,2.5367,1.6022779941558838
0390,2.5412,1.9835882186889648
0390,2.5412,1.9786574840545654
0390,2.5412,1.6512330770492554
0390,3.5789,2.8045156002044678
0390,4.6397,4.539717197418213
0390,1.6124,1.303796648979187
0390,1.9818,3.229259967803955
0390,2.0336,3.4049837589263916
0390,2.6009,2.188485622406006
0390,2.7555,2.964768171310425
0390,2.7585,3.008578062057495
0390,3.134,2.973991632461548
0390,3.186,4.994009494781494
0390,3.186,5.048399448394775
0390,3.189,3.0731751918792725
0390,3.2852,2.973991632461548
0390,3.3361,2.973991632461548
0390,3.3405,3.0707762241363525
0390,3.6755,3.942927837371826
0390,4.1468,3.86999249458313
0390,4.2803,3.8071742057800293
0390,4.3212,2.5371439456939697
0390,4.8763,4.271676063537598
0390,4.8763,4.596166133880615
0390,4.952,4.751827716827393
0390,4.952,5.048399448394775
0390,5.1988,4.271676063537598
0390,5.1988,4.596166133880615
0390,5.3025,4.271676063537598
0390,5.3025,4.599185466766357
0390,2.049,2.160360336303711
0390,2.3666,2.4827022552490234
0390,2.406,2.490985631942749
0390,2.5502,2.910364866256714
0390,3.1583,3.3540074825286865
0390,4.5271,4.800207138061523
0390,4.7364,4.777052402496338
0390,5.3957,4.671268463134766
0390,1.5364,1.5709296464920044
0390,1.5395,1.5171202421188354
0390,2.811,2.8440825939178467
0390,3.1956,3.4159247875213623
0390,3.9659,4.090003967285156
0390,3.9691,4.124605178833008
0390,1.7284,2.106374979019165
0390,3.3347,3.4190831184387207
0390,5.3251,4.972968578338623
0390,6.1395,5.274598121643066
0390,1.3534,1.5275970697402954
0390,1.3563,1.425837755203247
0390,1.474,1.419070839881897
0390,1.6186,2.080648183822632
0390,2.1582,2.2572827339172363
0390,2.2094,2.2853076457977295
0390,2.2388,2.1616148948669434
0390,2.2418,2.1815528869628906
0390,2.2666,2.2460474967956543
0390,4.2904,3.734520673751831
0390,5.1311,4.686370849609375
0390,5.2492,4.616028785705566
0390,5.7155,6.050105094909668
0390,5.9086,5.923099994659424
0390,6.1666,5.866044521331787
0390,1.1359,1.5300754308700562
0390,2.1274,1.9497404098510742
0390,2.1304,1.9651768207550049
0390,2.4267,2.2711215019226074
0390,2.4312,2.1737678050994873
0390,2.5899,2.562577486038208
0390,2.646,1.5300754308700562
0390,2.6525,2.6005666255950928
0390,3.188,2.882246255874634
0390,1.2679,1.4425288438796997
0390,1.2752,1.7380876541137695
0390,1.2797,1.5695408582687378
0390,1.3186,1.9190901517868042
0390,1.498,1.9149181842803955
0390,1.6461,1.7577627897262573
0390,2.1472,1.7337696552276611
0390,2.9018,2.741210460662842
0390,3.592,3.488255023956299
0390,3.5952,3.422154188156128
0390,4.0325,3.8896801471710205
0390,4.0357,3.9259963035583496
0390,1.2663,1.4410563707351685
0390,1.4093,2.218008041381836
0390,1.6605,1.8886370658874512
0390,3.3603,3.3705780506134033
0390,3.3648,3.2464566230773926
0390,4.089,4.291643142700195
0390,4.2503,4.165400981903076
0390,4.2913,4.168765544891357
0390,4.9514,4.79791784286499
0390,4.956,4.79791784286499
0390,5.0847,4.778902053833008
0390,2.3248,3.0060174465179443
0390,2.3248,2.784144163131714
0390,2.9554,2.8927226066589355
0390,3.0947,3.2949907779693604
0390,4.8336,5.2480645179748535
0390,4.8366,5.132419586181641
0390,1.2096,1.943297266960144
0390,2.81,2.84352970123291
0390,3.0441,2.949843645095825
0390,6.0587,6.1165571212768555
0390,6.149,6.089303970336914
0390,6.2188,6.14044713973999
0390,6.3056,5.969717025756836
0390,1.5173,1.4013627767562866
0390,1.6395,1.3742895126342773
0390,1.6395,1.409058928489685
0390,2.7404,2.7317326068878174
0390,2.8339,3.038973569869995
0390,3.0827,2.8656437397003174
0390,3.6062,3.3778300285339355
0390,4.0502,4.217275619506836
0390,4.0536,4.305801868438721
0390,4.3751,4.305801868438721
0390,1.6669,2.2660813331604004
0390,1.702,2.0078928470611572
0390,1.7051,2.053929567337036
0390,1.778,2.022545576095581
0390,1.8872,1.9751417636871338
0390,4.004,4.150056838989258
0390,4.1309,4.150056838989258
0390,4.2496,3.932877540588379
0390,4.4665,4.958903789520264
0390,4.6748,4.906182289123535
0390,4.8757,4.86802339553833
0390,4.8801,4.7866058349609375
0390,4.9564,4.863799095153809
0390,5.049,5.205728054046631
0390,5.0524,5.205728054046631
0390,5.1653,5.205728054046631
0390,5.17,5.1975507736206055
0390,5.3143,4.7866058349609375
0390,5.3464,5.205728054046631
0390,5.3824,5.133489608764648
0390,5.425,4.799801826477051
0390,5.4772,5.133489608764648
0390,5.4805,5.205728054046631
0390,5.7619,5.539008617401123
0390,1.4391,1.4271152019500732
0390,1.6577,1.3708724975585938
0390,2.6054,2.693220376968384
0390,2.6804,2.6523444652557373
0390,3.2005,3.74464750289917
0390,3.5145,2.998854637145996
0390,3.5414,3.695706844329834
0390,3.7407,3.6386964321136475
0390,3.7441,3.6266374588012695
0390,3.9633,3.5704963207244873
0390,1.4343,1.311341404914856
0390,2.3391,2.6636962890625
0390,2.4701,3.0556881427764893
0390,2.8365,2.8465733528137207
0390,2.9494,2.728961229324341
0390,3.0779,2.7887277603149414
0390,3.884,3.8452436923980713
0390,3.8874,3.9436285495758057
0390,3.9716,3.8530964851379395
0390,1.3332,1.040303111076355
0390,2.5434,3.3085110187530518
0390,2.9821,2.8468973636627197
0390,4.3853,4.331836700439453
0390,0.7653,1.4192014932632446
0390,1.9368,1.9025838375091553
0390,3.5804,3.443014621734619
0390,3.6584,3.3994204998016357
0390,4.7989,5.186379432678223
0390,5.5404,4.842956066131592
0390,1.0773,1.2996606826782227
0390,1.3673,1.4221632480621338
0390,1.4131,1.4806480407714844
0390,1.4605,1.3852834701538086
0390,1.77,2.4886837005615234
0390,2.3389,1.6123806238174438
0390,2.9995,2.5383589267730713
0390,4.9706,4.883816719055176
0390,5.2454,4.754951477050781
0390,1.8605,1.8728848695755005
0390,1.912,1.808739423751831
0390,1.915,1.7375515699386597
0390,1.924,2.5915541648864746
0390,2.0429,2.8633432388305664
0390,2.082,1.910101294517517
0390,2.1662,2.2599008083343506
0390,2.1707,2.2409071922302246
0390,3.4547,2.5915541648864746
0390,0.5639,0.8521613478660583
0390,0.5681,0.8345325589179993
0390,1.4165,1.1819090843200684
0390,2.1374,2.0725784301757812
0390,2.432,2.9844112396240234
0390,2.7059,2.1840081214904785
0390,3.06,3.908940315246582
0390,3.1453,3.878805637359619
0390,3.3955,3.6613800525665283
0390,3.5038,3.775038003921509
0390,4.5056,3.6625471115112305
0390,4.8303,3.6613800525665283
0390,5.0859,5.076059341430664
0390,5.1444,5.026889801025391
0390,5.5297,4.953597068786621
0390,1.3896,1.5862666368484497
0390,1.4722,1.5862666368484497
0390,1.9971,2.1718947887420654
0390,2.0,2.140273094177246
0390,2.2756,1.9956045150756836
0390,2.5601,2.3500237464904785
0390,2.638,2.384404420852661
0390,3.4905,3.731452703475952
0390,3.8188,3.6031408309936523
0390,3.8633,3.6725120544433594
0390,3.9191,3.643766403198242
0390,2.2367,2.16813063621521
0390,2.3064,2.2857353687286377
0390,2.5033,2.246901512145996
0390,2.9044,3.4058408737182617
0390,2.9074,3.4031035900115967
0390,3.8456,4.149526596069336
0390,3.9579,4.091529369354248
0390,4.3601,4.511817455291748
0390,4.5413,4.552169322967529
0390,4.5457,3.8663785457611084
0390,4.5457,4.520542144775391
0390,2.9677,2.929630756378174
0390,3.2083,3.2031967639923096
0390,4.6855,4.302089691162109
0390,4.8409,5.360123634338379
0390,5.1376,5.220771312713623
0390,5.2283,5.202643871307373
0390,5.5084,5.840587139129639
0390,5.5084,5.742905139923096
0390,5.9953,5.710861682891846
0390,5.9953,5.742905139923096
0390,5.9997,5.733565807342529
0390,5.9997,5.752466201782227
0390,1.8308,1.5654983520507812
0390,1.9159,1.6603518724441528
0390,2.484,2.2782459259033203
0390,2.4871,2.307947874069214
0390,2.8359,2.8819572925567627
0390,2.8483,2.8012216091156006
0390,3.2492,5.085845470428467
0390,4.2205,4.191831588745117
0390,4.8443,4.8164472579956055
0390,4.967,4.801983833312988
0390,5.0678,4.8164472579956055
0390,5.148,4.788376331329346
0390,5.1564,5.085845470428467
0390,1.0069,1.3190207481384277
0390,1.1054,1.1734232902526855
0390,1.1169,1.1565346717834473
0390,1.8963,1.7769004106521606
0390,2.0419,1.8443056344985962
0390,2.1075,1.8984273672103882
0390,4.3266,5.521965980529785
0390,5.4978,4.98150110244751
0390,1.1351,1.8817527294158936
0390,1.1622,1.3399217128753662
0390,1.2521,1.3363360166549683
0390,1.6277,1.7771133184432983
0390,1.8499,1.7438112497329712
0390,1.9064,1.7846280336380005
0390,1.9104,1.7771133184432983
0390,2.0628,1.71422278881073
0390,2.673,2.866029739379883
0390,2.7232,2.3483455181121826
0390,4.1793,3.986050844192505
0390,6.4387,5.862936973571777
0390,2.0835,2.5988214015960693
0390,3.7532,3.9132473468780518
0390,3.9287,3.902355909347534
0390,3.9332,4.0834527015686035
0390,3.99,3.857276678085327
0390,3.9989,4.035619735717773
0390,4.062,3.8227715492248535
0390,4.1535,4.088407516479492
0390,5.7627,5.860708236694336
0390,5.9942,5.699575424194336
0390,0.7416,1.2720061540603638
0390,0.7704,1.3328531980514526
0390,0.9502,1.1499041318893433
0390,1.1324,1.1854205131530762
0390,1.1768,1.2720061540603638
0390,1.2502,1.3328531980514526
0390,1.3253,1.1499041318893433
0390,1.593,1.6627931594848633
0390,1.76,1.6485159397125244
0390,1.9161,2.056025981903076
0390,1.9877,1.9276520013809204
0390,2.0723,2.3614346981048584
0390,3.3237,4.122715473175049
0390,3.9947,3.934203624725342
0390,4.0615,4.122715473175049
0390,4.7879,4.354562282562256
0390,4.8664,4.571815013885498
0390,1.0751,1.0791195631027222
0390,1.445,1.564357042312622
0390,3.3074,2.8743343353271484
0390,3.4442,3.2941577434539795
0390,3.4472,3.3841731548309326
0390,3.7622,3.5793302059173584
0390,4.5692,4.601222515106201
0390,4.5736,4.690299034118652
0390,4.6349,5.0120320320129395
0390,4.8998,4.847860813140869
0390,4.9542,4.80442476272583
0390,4.9737,5.0120320320129395
0390,5.1491,4.9055070877075195
0390,0.5059,0.7655026912689209
0390,1.3143,1.8771328926086426
0390,1.4692,1.8771328926086426
0390,1.4936,2.191009521484375
0390,1.5369,1.740444302558899
0390,1.5727,1.6448358297348022
0390,1.6062,2.637800931930542
0390,1.7307,2.1065256595611572
0390,2.038,2.0426292419433594
0390,2.0926,1.740444302558899
0390,2.0968,1.6448358297348022
0390,2.2302,2.2900938987731934
0390,2.3757,2.2900938987731934
0390,2.444,2.2753076553344727
0390,2.5733,2.787710428237915
0390,3.5381,3.551616668701172
0390,3.547,3.7538092136383057
0390,2.0336,2.271223306655884
0390,2.0835,2.208486318588257
0390,2.2752,2.1869235038757324
0390,2.3527,2.2134673595428467
0390,3.367,3.5438735485076904
0390,3.5074,3.5438735485076904
0390,3.6687,3.4778196811676025
0390,4.2559,4.618138313293457
0390,4.3741,4.82674503326416
0390,4.4692,4.787470817565918
0390,4.6145,4.69647216796875
0390,4.6175,4.730201244354248
0390,4.6939,4.82674503326416
0390,4.7322,4.723883152008057
0390,4.8378,5.154993057250977
0390,4.9214,4.890102863311768
0390,4.9763,5.182326793670654
0390,4.9926,5.0051188468933105
0390,5.0381,5.154993057250977
0390,5.1426,5.156212329864502
0390,5.9864,5.0051188468933105
0390,2.2313,2.1697394847869873
0390,2.2344,2.1170177459716797
0390,2.2903,2.1095268726348877
0390,2.3695,2.3789846897125244
0390,3.6909,3.5482733249664307
0390,5.5012,4.965540409088135
0390,1.6371,1.7344330549240112
0390,2.2093,2.755974054336548
0390,3.4379,3.6309356689453125
0390,3.4407,3.5143322944641113
0390,4.1036,4.009195327758789
0390,4.107,3.9993808269500732
0390,4.1797,3.988103151321411
0390,1.8484,1.767511248588562
0390,2.0553,2.1788880825042725
0390,2.0553,2.046203374862671
0390,2.292,2.6823534965515137
0390,2.2991,2.7237346172332764
0390,2.5831,2.0163800716400146
0390,2.5831,1.9272319078445435
0390,2.6041,2.7237346172332764
0390,2.8677,2.7730863094329834
0390,0.7497,1.1138523817062378
0390,0.9415,0.9477829933166504
0390,2.0282,2.0856831073760986
0390,4.0373,3.474881172180176
0390,4.04,3.474881172180176
0390,4.583,5.020977020263672
0390,5.0022,4.853046417236328
0390,5.1959,4.753387928009033
0390,1.3128,1.4479010105133057
0390,2.0893,2.288259506225586
0390,2.1477,2.240097999572754
0390,2.1991,2.5374581813812256
0390,2.308,2.302574872970581
0390,2.3585,2.233044147491455
0390,2.3615,2.288259506225586
0390,2.3952,2.4609885215759277
0390,2.4847,2.4188647270202637
0390,2.9049,2.131824016571045
0390,2.9401,3.631572961807251
0390,3.0178,2.131824016571045
0390,3.7387,3.452691078186035
0390,4.9439,2.95084810256958
0390,5.684,5.14585542678833
0390,1.7978,2.1798503398895264
0390,1.8367,2.1472949981689453
0390,1.9009,2.1414616107940674
0390,1.9678,2.1414616107940674
0390,2.2518,2.0709855556488037
0390,2.2939,2.0958316326141357
0390,3.7174,3.921576499938965
0390,3.7216,3.806083917617798
0390,3.7684,3.8490824699401855
0390,4.8006,4.5353007316589355
0390,4.8051,4.5871453285217285
0390,5.1982,5.261177062988281
0390,5.3305,5.097900867462158
0390,5.3351,5.155686855316162
0390,1.2938,1.4307401180267334
0390,1.7811,1.9371882677078247
0390,2.0433,2.020402669906616
0390,2.8953,2.4500935077667236
0390,3.0551,2.6548683643341064
0390,3.2112,2.6548683643341064
0390,4.0746,3.7146363258361816
0390,4.1783,3.8864011764526367
0390,1.4376,1.5714799165725708
0390,1.5565,1.433146357536316
0390,2.6229,2.1095104217529297
0390,3.3236,3.441364049911499
0390,3.328,3.468015670776367
0390,3.3927,3.4232451915740967
0390,1.5435,1.399599552154541
0390,1.9702,1.8868979215621948
0390,2.2395,2.6078312397003174
0390,3.7781,4.149636268615723
0390,4.2006,4.0263352394104
0390,4.2051,4.149636268615723
0390,1.7817,2.3891079425811768
0390,2.1991,2.4063267707824707
0390,2.7741,2.7397589683532715
0390,3.1951,3.416083574295044
0390,3.218,3.099076271057129
0390,3.2365,3.39534068107605
0390,3.2653,3.4188740253448486
0390,3.3061,3.390246868133545
0390,3.4383,3.450505256652832
0390,3.4416,3.5528905391693115
0390,3.4541,3.394024133682251
0390,3.4961,3.613651990890503
0390,3.5516,4.381390571594238
0390,3.7098,3.3070335388183594
0390,3.9697,4.277103424072266
0390,4.1478,3.7957046031951904
0390,4.7073,4.041472434997559
0390,1.065,1.3879966735839844
0390,1.7765,1.6298739910125732
0390,2.6812,2.8280842304229736
0390,2.7138,2.74314284324646
0390,2.7964,2.8354690074920654
0390,3.0051,4.057921886444092
0390,3.0081,3.3956563472747803
0390,3.045,3.8942654132843018
0390,3.452,3.9835081100463867
0390,3.4805,3.362231731414795
0390,3.7225,3.543118953704834
0390,3.7225,3.7704355716705322
0390,3.7256,3.5642902851104736
0390,3.8188,3.743928909301758
0390,3.9062,3.7077882289886475
0390,3.9096,3.7686240673065186
0390,4.0444,3.9256112575531006
0390,4.0488,3.838179111480713
0390,1.8199,2.0777199268341064
0390,1.8537,1.8995766639709473
0390,2.4316,1.8737211227416992
0390,2.4767,2.7548184394836426
0390,2.8571,2.0053162574768066
0390,3.3414,3.549612283706665
0390,3.4996,3.452181816101074
0390,3.762,3.811234951019287
0390,3.8856,3.931424379348755
0390,1.389,1.7833954095840454
0390,1.4353,1.7971705198287964
0390,3.6236,4.40588903427124
0390,3.7602,4.070846080780029
0390,4.1181,4.250051975250244
0390,4.2567,4.228760242462158
0390,4.4064,4.208283424377441
0390,0.6144,1.0599327087402344
0390,2.5616,1.9634829759597778
0390,3.1506,2.9741361141204834
0390,3.1536,2.94577956199646
0390,3.3069,3.4718663692474365
0390,3.9409,4.563142776489258
0390,4.1387,3.770167589187622
0390,4.3568,4.521874904632568
0390,0.5262,0.7943745851516724
0390,1.874,2.1212456226348877
0390,2.065,1.9521126747131348
0390,2.5592,1.8311461210250854
0390,3.2864,2.954000234603882
0390,3.3718,3.065490484237671
0390,3.4887,3.2547826766967773
0390,3.4917,3.221425771713257
0390,4.4831,4.387132167816162
0390,1.4878,1.5303754806518555
0390,1.4947,2.151654005050659
0390,1.7307,1.639332890510559
0390,1.748,1.790416955947876
0390,1.8141,1.8459714651107788
0390,1.8776,1.6865522861480713
0390,3.8913,4.188584804534912
0390,3.8942,4.122175693511963
0390,4.0738,4.201413154602051
0390,6.4095,5.614258289337158
0390,1.8172,1.9254764318466187
0390,1.8202,1.9287666082382202
0390,2.5695,2.8840184211730957
0390,2.6159,2.4136104583740234
0390,3.3314,3.397144079208374
0390,3.335,2.7483761310577393
0390,3.335,3.3691599369049072
0390,3.8002,3.5882906913757324
0390,3.8053,3.6034069061279297
0390,0.6731,1.1822513341903687
0390,2.0622,2.2946152687072754
0390,2.0622,2.347499370574951
0390,2.1541,3.098896026611328
0390,2.1814,2.347499370574951
0390,2.1814,2.2873265743255615
0390,2.1849,2.374009847640991
0390,2.1849,2.343947649002075
0390,2.6622,2.2946152687072754
0390,2.6622,2.26615571975708
0390,2.7763,2.9124655723571777
0390,2.7791,2.9347522258758545
0390,3.0309,3.098896026611328
0390,3.7218,3.8426930904388428
0390,3.8767,3.923891305923462
0390,3.8798,4.053061008453369
0390,3.9848,4.042786121368408
0390,4.2612,3.923891305923462
0390,0.9551,0.880041778087616
0390,1.2039,1.1338835954666138
0390,1.4971,1.8237509727478027
0390,1.6893,1.773789644241333
0390,1.8905,2.1212456226348877
0390,1.9383,2.1212456226348877
0390,3.3288,3.276430606842041
0390,3.4784,3.6411046981811523
0390,4.234,4.078702926635742
0390,1.7998,1.758920669555664
0390,1.8513,1.7147982120513916
0390,2.735,3.696970224380493
0390,2.7395,2.7457687854766846
0390,2.7439,2.6997368335723877
0390,3.7633,3.8262157440185547
0390,3.7633,3.8574864864349365
0390,3.7663,3.812547445297241
0390,3.7663,3.822521209716797
0390,3.7663,3.4934701919555664
0390,3.8154,3.8262157440185547
0390,3.8154,3.7788684368133545
0390,3.8606,3.810297727584839
0390,3.8606,3.8574864864349365
0390,4.0025,3.2088539600372314
0390,4.0659,3.79628586769104
0390,4.0659,3.795865774154663
0390,1.3606,1.7336623668670654
0390,1.5685,2.990999937057495
0390,1.7684,2.7744996547698975
0390,1.8741,3.1406729221343994
0390,1.9768,2.107853412628174
0390,1.9801,2.1118364334106445
0390,2.0113,2.960949659347534
0390,2.0698,2.128133773803711
0390,2.1622,3.1406729221343994
0390,2.9993,2.8491463661193848
0390,3.0129,3.0234768390655518
0390,3.1594,2.861421585083008
0390,3.2329,2.850667715072632
0390,3.9259,2.703021287918091
0390,4.1433,3.912275791168213
0390,4.1476,3.91719651222229
0390,4.7126,4.876001834869385
0390,4.7155,4.8057541847229
0390,4.7624,4.543594837188721
0390,4.7968,2.6260640621185303
0390,4.8011,2.7744996547698975
0390,1.151,1.6667907238006592
0390,1.5611,1.5842784643173218
0390,1.7116,1.5218064785003662
0390,1.8092,1.5927321910858154
0390,1.8121,1.6130625009536743
0390,2.3846,2.629598379135132
0390,2.4262,2.648782253265381
0390,2.9787,3.282489538192749
0390,3.0138,3.282489538192749
0390,4.0307,4.465413570404053
0390,4.3691,4.355779647827148
0390,4.416,4.379568099975586
0390,4.5485,4.379568099975586
0390,2.0067,2.0521209239959717
0390,2.762,2.7187273502349854
0390,2.8035,2.741849660873413
0390,2.8589,2.7524728775024414
0390,2.9228,3.910153388977051
0390,2.9228,3.971222162246704
0390,2.9228,2.8328235149383545
0390,3.13,3.0557684898376465
0390,3.2807,4.221330165863037
0390,3.2839,4.133906841278076
0390,3.4688,4.260887145996094
0390,3.7632,3.6902716159820557
0390,4.4311,4.967113494873047
0390,4.5187,4.924676418304443
0390,4.5834,4.876199245452881
0390,4.7499,4.859067440032959
0390,4.8769,4.747321605682373
0390,4.9044,4.813784122467041
0390,5.7966,4.747321605682373
0390,6.0859,3.971222162246704
0390,1.4488,1.5628340244293213
0390,1.5084,1.521392822265625
0390,2.0812,2.3205223083496094
0390,2.1394,2.2367448806762695
0390,2.1801,2.49303936958313
0390,2.2121,2.2510719299316406
0390,4.4211,4.311468124389648
0390,5.4842,4.133872032165527
0390,1.6357,1.8975749015808105
0390,1.6593,2.137331247329712
0390,2.2971,1.6807591915130615
0390,2.3006,3.387855052947998
0390,2.3006,2.339273452758789
0390,2.4425,1.6807591915130615
0390,2.4454,2.399813175201416
0390,2.5797,2.2857704162597656
0390,2.7934,2.807873249053955
0390,2.7964,2.662672519683838
0390,3.2788,2.8645737171173096
0390,3.3206,3.5003957748413086
0390,3.4641,3.6276516914367676
0390,3.4689,3.6445415019989014
0390,0.9008,1.0006548166275024
0390,1.4458,1.9152213335037231
0390,1.5601,1.9402209520339966
0390,1.9584,2.2954981327056885
0390,2.2835,2.3556437492370605
0390,4.8649,4.162207126617432
0390,1.8245,1.9956196546554565
0390,1.913,1.9513287544250488
0390,2.1147,2.613727569580078
0390,2.1561,2.513803005218506
0390,2.3356,2.5290207862854004
0390,2.9348,3.0459022521972656
0390,2.9377,3.0086073875427246
0390,3.0236,3.0327067375183105
0390,3.177,4.01451301574707
0390,3.2289,2.329496383666992
0390,3.8322,4.020190238952637
0390,3.8776,4.041763782501221
0390,3.8809,3.9680166244506836
0390,3.8855,4.037898540496826
0390,5.1359,5.181129455566406
0390,5.1497,5.184422016143799
0390,5.2486,5.0823259353637695
0390,5.3812,5.118032932281494
0390,1.2754,2.567533254623413
0390,1.5619,2.001824378967285
0390,1.8401,2.266244888305664
0390,2.2718,1.8161813020706177
0390,2.4602,2.5371901988983154
0390,2.5672,2.420642614364624
0390,2.5721,2.3681631088256836
0390,2.7094,2.43803334236145
0390,3.1621,3.245817184448242
0390,4.7501,4.885234832763672
0390,4.9707,4.9285430908203125
0390,1.3868,1.703788161277771
0390,1.9517,1.7826015949249268
0390,2.2013,1.7210437059402466
0390,2.2013,2.2098262310028076
0390,2.2064,2.426985263824463
0390,3.2504,3.2554264068603516
0390,3.284,3.247589588165283
0390,4.7237,4.499331474304199
0390,4.727,4.536192417144775
0390,5.9062,5.676486492156982
0390,1.5958,2.200272798538208
0390,1.5986,2.2350668907165527
0390,1.6152,1.762986421585083
0390,1.6757,2.3115384578704834
0390,1.6799,2.295668363571167
0390,2.192,1.8616645336151123
0390,2.2198,2.3562707901000977
0390,2.34,1.762986421585083
0390,2.34,2.096691608428955
0390,2.3858,2.1002895832061768
0390,2.4002,2.107032537460327
0390,2.5174,1.8616645336151123
0390,2.8353,1.8616645336151123
0390,2.9728,1.8058710098266602
0390,3.3239,3.3018269538879395
0390,1.1937,1.2034934759140015
0390,1.4291,1.4900094270706177
0390,1.4318,1.5004512071609497
0390,1.5621,1.417868971824646
0390,2.1413,2.0948166847229004
0390,2.1895,2.0147817134857178
0390,2.3247,2.270934820175171
0390,2.3278,2.270934820175171
0390,2.3857,2.248943328857422
0390,2.4964,3.2435808181762695
0390,3.0547,3.1682705879211426
0390,3.0602,3.1672825813293457
0390,3.1183,3.136308431625366
0390,3.2281,3.072004795074463
0390,4.1516,4.693885326385498
0390,4.4983,4.454714298248291
0390,6.5863,5.963754653930664
0390,1.4759,1.290871024131775
0390,1.8245,1.7794992923736572
0390,2.2002,1.7442950010299683
0390,3.347,4.412288665771484
0390,3.5465,3.2265548706054688
0390,3.7749,3.4534993171691895
0390,3.7781,3.4916908740997314
0390,4.1905,3.9938971996307373
0390,0.491,0.9047372937202454
0390,2.8786,3.4712488651275635
0390,3.0636,2.801190137863159
0390,3.3003,3.6676740646362305
0390,3.353,5.35179328918457
0390,3.3866,3.373079776763916
0390,4.1235,4.097657680511475
0390,4.2426,4.119345664978027
0390,5.2296,4.875433921813965
0390,5.4125,4.875433921813965
0390,5.5432,4.955172538757324
0390,5.6139,4.966235160827637
0390,2.0806,2.4062411785125732
0390,2.2708,2.354799509048462
0390,2.5165,3.042501211166382
0390,2.5743,3.029838800430298
0390,2.6291,2.4955217838287354
0390,2.769,2.64900279045105
0390,2.9313,2.6004905700683594
0390,2.9878,3.042501211166382
0390,3.094,3.029838800430298
0390,3.217,2.9073033332824707
0390,4.2477,4.002649307250977
0390,1.5953,2.178744077682495
0390,1.8758,1.7377349138259888
0390,2.4279,2.4187018871307373
0390,2.4838,2.402893543243408
0390,2.5191,2.3511037826538086
0390,2.9138,2.861271619796753
0390,3.2916,3.428858995437622
0390,3.3308,3.4749557971954346
0390,3.334,3.4464595317840576
0390,3.8767,3.6513993740081787
0390,3.8818,3.775785446166992
0390,6.6532,5.815246105194092
0390,2.9457,2.9170444011688232
0390,3.3389,3.549612283706665
0390,3.3441,3.5191709995269775
0390,3.8263,3.752124309539795
0390,4.0944,5.018797397613525
0390,4.1011,4.158027172088623
0390,4.2761,2.7075605392456055
0390,5.1595,5.000495910644531
0390,5.1624,4.986961364746094
0390,5.3618,4.7733330726623535
0390,5.4515,4.736876487731934
0390,2.2983,4.155857086181641
0390,3.1416,4.106255531311035
0390,3.2912,4.055013656616211
0390,3.3174,3.705132484436035
0390,3.4201,4.106255531311035
0390,3.4636,4.010546684265137
0390,3.4636,3.9365575313568115
0390,3.5523,3.983644962310791
0390,3.6244,4.033170223236084
0390,3.6938,3.500843048095703
0390,3.7038,3.0883514881134033
0390,3.7038,3.7889811992645264
0390,3.7855,3.927541971206665
0390,3.7935,3.537278652191162
0390,3.9686,4.010546684265137
0390,3.9967,3.855093002319336
0390,4.0001,3.840723752975464
0390,4.3097,3.7889811992645264
0390,4.5844,4.033170223236084
0390,4.5877,4.055013656616211
0390,4.7534,4.519641876220703
0390,4.9464,4.106255531311035
0390,5.3635,4.010546684265137
0390,6.0166,3.983644962310791
0390,1.0943,1.0857807397842407
0390,2.014,2.2251975536346436
0390,2.0169,2.1976308822631836
0390,2.3694,2.446364164352417
0390,2.7645,5.884877681732178
0390,2.7645,3.7776901721954346
0390,2.7645,2.7785630226135254
0390,2.8856,3.021846294403076
0390,3.7066,3.4679908752441406
0390,3.7108,3.4679908752441406
0390,4.1111,4.1260199546813965
0390,5.8574,5.088832378387451
0390,5.862,5.145345211029053
0390,6.0015,5.884877681732178
0390,0.6279,1.1017086505889893
0390,0.8243,1.1114778518676758
0390,0.9442,1.1114778518676758
0390,1.0079,1.0651572942733765
0390,3.7457,3.243431329727173
0390,3.8512,5.08725118637085
0390,3.9889,5.101412773132324
0390,5.0724,5.174162864685059
0390,5.2413,5.1396403312683105
0390,5.3102,5.0999274253845215
0390,5.5653,4.567903995513916
0390,5.5697,4.619094371795654
0390,1.3402,1.3216383457183838
0390,2.08,2.069654941558838
0390,2.9996,3.0679707527160645
0390,3.5397,3.4491734504699707
0390,3.5427,3.545839309692383
0390,3.7814,3.5881361961364746
0390,4.3503,4.741546154022217
0390,4.3503,4.670125484466553
0390,4.549,4.644706726074219
0390,4.549,4.718322277069092
0390,0.9271,1.5413427352905273
0390,1.0578,1.3029139041900635
0390,1.1787,1.6452534198760986
0390,1.2589,1.5952098369598389
0390,1.4545,1.5952098369598389
0390,1.7245,1.6701865196228027
0390,3.0683,2.921588897705078
0390,3.1897,2.9582359790802
0390,3.7915,3.975729465484619
0390,3.9901,3.93863844871521
0390,4.0944,4.022053241729736
0390,1.3721,1.4770106077194214
0390,1.422,1.938489556312561
0390,2.4107,2.6405301094055176
0390,2.5569,2.4924113750457764
0390,3.0406,2.6553890705108643
0390,4.1129,2.8479790687561035
0390,2.0459,2.094989061355591
0390,2.3435,2.052718162536621
0390,2.558,2.5407299995422363
0390,2.6126,3.0776174068450928
0390,2.6622,2.657623052597046
0390,2.8238,2.902778387069702
0390,2.8268,2.884742259979248
0390,2.8371,2.3985416889190674
0390,3.7182,4.483127117156982
0390,4.75,4.836166858673096
0390,4.934,4.746464729309082
0390,0.9415,2.089165210723877
0390,1.5055,1.740781307220459
0390,1.5921,1.7200590372085571
0390,1.6594,1.9994782209396362
0390,1.8603,1.908315896987915
0390,2.4036,1.852844476699829
0390,3.4262,4.0873870849609375
0390,3.5232,4.05032205581665
0390,3.5805,4.032994270324707
0390,3.6409,4.03430700302124
0390,3.8183,4.037350177764893
0390,3.9476,4.032994270324707
0390,3.9959,4.016471862792969
0390,4.3252,4.014983654022217
0390,4.3338,4.002231597900391
0390,4.4545,4.03430700302124
0390,4.4573,4.05032205581665
0390,4.6124,3.9615519046783447
0390,5.3084,4.9754157066345215
0390,2.4643,2.8998167514801025
0390,2.9105,2.710094928741455
0390,3.3515,3.2693734169006348
0390,3.3547,3.1721885204315186
0390,3.956,3.7431750297546387
0390,4.2042,3.747744560241699
0390,2.0837,2.0267446041107178
0390,4.8897,4.701197624206543
0390,4.8947,4.626542568206787
0390,7.3664,4.839709281921387
0390,1.3236,2.530224561691284
0390,2.2382,2.2193379402160645
0390,2.2858,3.136791467666626
0390,2.38,2.530224561691284
0390,2.7123,1.992018699645996
0390,2.7874,3.1009507179260254
0390,2.808,3.037432909011841
0390,2.808,3.1080920696258545
0390,3.2757,2.9253251552581787
0390,3.3308,3.136791467666626
0390,3.3308,3.014657735824585
0390,3.4615,2.866222620010376
0390,4.8734,5.113439559936523
0390,4.9551,4.725579261779785
0390,5.0393,5.0554938316345215
0390,5.1942,4.927238464355469
0390,5.2402,4.576066970825195
0390,4.3429,4.188529014587402
0390,1.585,1.803740382194519
0390,1.5882,1.803740382194519
0390,3.1893,3.164647340774536
0390,3.6055,4.005256175994873
0390,3.6295,3.470612049102783
0390,3.6549,3.970616102218628
0390,3.7716,3.8859877586364746
0390,3.8729,4.014214992523193
0390,3.9488,2.9458627700805664
0390,4.147,3.990281820297241
0390,0.7126,0.8403089046478271
0390,1.4717,1.854607105255127
0390,2.3213,3.515001058578491
0390,2.4085,2.2832982540130615
0390,2.7958,2.7669994831085205
0390,3.3151,3.2412333488464355
0390,3.4114,3.203159809112549
0390,6.3639,6.5414719581604
0390,6.7124,6.263552188873291
0390,2.8028,3.0172643661499023
0390,2.8765,3.0369749069213867
0390,2.9512,3.003865957260132
0390,3.0899,3.0172643661499023
0390,3.2822,2.7535831928253174
0390,3.7245,3.4235165119171143
0390,3.9732,3.398639440536499
0390,5.3262,4.227254390716553
0390,1.1068,1.5649125576019287
0390,1.3246,1.6732646226882935
0390,1.7034,1.809110403060913
0390,1.9367,1.9935520887374878
0390,3.0705,3.109251022338867
0390,3.143,3.0585336685180664
0390,3.5351,5.035024642944336
0390,3.989,4.771992206573486
0390,4.1057,5.035024642944336
0390,4.1109,4.329486846923828
0390,4.8757,4.985037326812744
0390,5.556,4.295898914337158
0390,1.1391,1.0745362043380737
0390,2.897,2.906597375869751
0390,2.9795,2.5289053916931152
0390,3.0304,3.3936715126037598
0390,3.0355,3.3936715126037598
0390,3.4701,4.180581569671631
0390,3.7648,3.7289068698883057
0390,6.0869,3.81278133392334
0390,0.6571,0.8378154039382935
0390,1.289,1.1808816194534302
0390,1.6585,1.7676118612289429
0390,4.1758,4.077038764953613
0390,4.1811,4.0413618087768555
0390,5.3481,5.202520847320557
0390,5.3511,5.202520847320557
0390,5.4597,5.2596116065979
0390,5.5535,5.271039009094238
0390,6.379,6.970207214355469
0390,6.6095,7.189791202545166
0390,6.8396,6.927518844604492
0390,6.9108,6.865270614624023
0390,6.9535,6.858277320861816
0390,7.0241,6.811779499053955
0390,7.0586,6.842711448669434
0390,7.0586,6.87766170501709
0390,7.1541,7.06655216217041
0390,7.2863,6.986154079437256
0390,7.4299,6.87766170501709
0390,0.6807,0.8285173773765564
0390,0.7303,0.9298316836357117
0390,1.4446,1.7529855966567993
0390,1.541,1.7905815839767456
0390,3.0286,2.9599311351776123
0390,3.1441,2.990203857421875
0390,4.5024,4.952167987823486
0390,2.096,2.3253371715545654
0390,2.1815,2.349682569503784
0390,2.7804,2.643282413482666
0390,3.8224,4.330901622772217
0390,1.3425,2.2630369663238525
0390,1.7322,1.7957557439804077
0390,1.7373,1.8450974225997925
0390,1.8414,1.756967306137085
0390,2.2461,1.8175908327102661
0390,3.2625,3.3612709045410156
0390,3.4585,3.345411777496338
0390,3.4618,3.3515827655792236
0390,3.5748,3.533412456512451
0390,1.456,1.934098243713379
0390,1.9038,1.819131851196289
0390,2.1516,2.956132173538208
0390,2.6152,3.3050971031188965
0390,2.8237,2.7973809242248535
0390,2.9442,2.735917568206787
0390,3.013,2.7637007236480713
0390,3.1224,2.735917568206787
0390,3.1867,3.1955723762512207
0390,3.3656,2.7497920989990234
0390,3.6274,3.190277576446533
0390,4.1797,3.8650875091552734
0390,4.1841,3.8924849033355713
0390,4.4467,4.24440336227417
0390,4.4982,4.212116718292236
0390,2.9142,2.999272346496582
0390,2.9285,3.011244535446167
0390,1.5022,1.5760565996170044
0390,1.5519,1.5451149940490723
0390,2.1917,2.1961894035339355
0390,2.2604,2.205545425415039
0390,4.8087,4.750943183898926
0390,4.8801,5.678576469421387
0390,2.7863,3.168093204498291
0390,2.914,3.1082212924957275
0390,3.3505,3.1082212924957275
0390,3.4131,2.4738850593566895
0390,3.488,4.48752498626709
0390,4.4284,4.338217258453369
0390,4.7063,4.17849588394165
0390,4.7804,4.216099739074707
0390,4.9319,4.302203178405762
0390,2.4061,3.070848226547241
0390,2.4561,3.0363850593566895
0390,2.7343,2.989832639694214
0390,2.9939,2.9427239894866943
0390,3.0038,3.0363850593566895
0390,3.4717,2.8677477836608887
0390,3.6143,4.242786407470703
0390,3.8549,4.013547897338867
0390,4.3303,3.9318056106567383
0390,6.4724,6.135185718536377
0390,6.5821,5.872622966766357
0390,2.923,4.076878547668457
0390,3.1824,3.393125534057617
0390,3.4858,3.722261905670166
0390,3.618,3.344604730606079
0390,3.6216,4.151360988616943
0390,3.6216,3.5682930946350098
0390,3.6637,4.288353443145752
0390,3.749,4.288353443145752
0390,3.7713,3.622182846069336
0390,3.8216,3.753140687942505
0390,4.0801,3.490924119949341
0390,4.0801,3.7918827533721924
0390,4.0847,3.7392630577087402
0390,4.1379,4.040665149688721
0390,4.8788,4.821972370147705
0390,4.9536,3.907313108444214
0390,5.0335,4.702154636383057
0390,5.0407,4.788547039031982
0390,6.3791,6.540034770965576
0390,6.576,6.3587646484375
0390,1.9793,3.509718894958496
0390,3.326,2.9187726974487305
0390,3.674,3.8136327266693115
0390,0.6765,0.9739404320716858
0390,1.7227,2.687591075897217
0390,2.9118,2.053936004638672
0390,3.3191,4.083377838134766
0390,3.9098,3.3940110206604004
0390,4.9558,3.3940110206604004
0390,2.1526,2.334024429321289
0390,2.5247,2.2520995140075684
0390,2.5247,1.9738960266113281
0390,2.5568,1.9989664554595947
0390,2.7465,2.4010791778564453
0390,2.8119,2.4010791778564453
0390,3.0486,2.9931576251983643
0390,4.7347,4.439191818237305
0390,1.1181,1.6030113697052002
0390,1.1211,1.4695422649383545
0390,1.8104,1.4979524612426758
0390,2.8899,2.336578369140625
0390,2.8931,4.401028156280518
0390,4.0214,3.8124074935913086
0390,4.0251,3.91182017326355
0390,4.093,3.6109259128570557
0390,4.2686,3.7364165782928467
0390,4.608,4.00645637512207
0390,4.8463,3.7364165782928467
0391,2.551,2.6675474643707275
0391,3.0545,3.540112018585205
0391,3.2697,3.3013033866882324
0391,3.3656,3.3361105918884277
0391,4.0408,3.9965710639953613
0391,4.5152,4.034553050994873
0391,2.6452,2.823111057281494
0391,3.0234,2.6617560386657715
0391,3.0234,3.294116735458374
0391,3.0917,3.356832265853882
0391,4.1989,4.321865081787109
0391,2.1432,1.9068340063095093
0391,2.7466,2.742912530899048
0391,3.5673,3.311187744140625
0391,3.5705,3.238687515258789
0391,3.6679,3.219454288482666
0391,1.8914,2.763632297515869
0391,2.691,3.432750701904297
0391,2.7954,3.155123233795166
0391,3.609,2.763632297515869
0391,3.6797,3.155123233795166
0391,3.8358,3.155123233795166
0391,3.8913,3.1612398624420166
0391,1.9618,1.7456200122833252
0391,1.9645,1.7085614204406738
0391,2.7446,3.460872173309326
0391,3.4681,4.2021307945251465
0391,3.5505,2.9769163131713867
0391,4.0995,4.112620830535889
0391,4.2925,4.5842485427856445
0391,4.4006,3.9556632041931152
0391,4.4033,4.00816011428833
0391,4.5208,5.033593654632568
0391,4.718,4.7829203605651855
0391,4.7231,4.840980052947998
0391,4.7694,4.681418418884277
0391,3.0722,3.4376931190490723
0391,3.1867,3.2849361896514893
0391,2.0187,1.6392802000045776
0391,3.1938,3.197089433670044
0391,4.9379,5.2152910232543945
0391,4.9945,4.710812091827393
0391,5.1217,4.742383003234863
0391,5.4372,5.100002765655518
0391,1.4885,2.3590147495269775
0391,2.0803,1.9728889465332031
0391,2.372,2.7688653469085693
0391,1.5719,2.2846219539642334
0391,2.4362,2.7655622959136963
0391,2.6031,2.7236292362213135
0391,2.6569,2.693868637084961
0391,2.6598,2.710570812225342
0391,2.7297,2.6313209533691406
0391,4.6778,4.368046760559082
0391,3.746,6.022891521453857
0391,4.5804,4.462399482727051
0391,4.6343,4.535201549530029
0391,4.8244,4.406576156616211
0391,7.162,4.116527557373047
0391,3.1855,3.3443973064422607
0391,3.3701,3.139902353286743
0391,3.3728,3.5064024925231934
0391,3.3776,3.5129201412200928
0391,3.9213,4.083298206329346
0391,3.9722,4.126199722290039
0391,4.0286,4.112724781036377
0391,4.2112,4.1225690841674805
0391,2.5926,2.3588943481445312
0391,4.2432,4.261324405670166
0391,1.2497,1.868132472038269
0391,1.3444,1.868132472038269
0391,4.2032,4.129796504974365
0391,7.2251,6.0621466636657715
0391,2.4948,2.0922439098358154
0391,3.0732,3.1339809894561768
0391,2.1722,2.512803792953491
0391,2.6685,2.8211917877197266
0391,2.9518,2.7703678607940674
0391,3.1494,3.635730028152466
0391,2.6462,2.751572608947754
0391,2.7229,2.6942179203033447
0391,2.7261,2.772265672683716
0391,4.2356,4.593893527984619
0391,4.4922,4.4450883865356445
0391,4.6511,4.4621195793151855
0391,4.7601,4.4450883865356445
0391,0.8835,2.2843568325042725
0391,1.0458,2.2843568325042725
0391,2.7762,2.8948051929473877
0391,4.9632,5.030852317810059
0391,0.9209,1.4020475149154663
0391,2.9905,2.4251632690429688
0391,3.2026,2.9027280807495117
0391,3.2508,2.9527838230133057
0391,1.9747,2.3626296520233154
0391,2.2087,2.1979362964630127
0391,2.9573,4.134777069091797
0391,3.6813,4.456169605255127
0391,5.1389,3.2005858421325684
0391,1.8004,1.5556000471115112
0391,1.9177,2.3210391998291016
0391,2.0137,2.4183237552642822
0391,4.0554,3.8047266006469727
0391,1.9245,2.567694664001465
0391,2.1008,2.546410083770752
0391,2.2227,2.5575900077819824
0391,2.3417,2.52146053314209
0391,2.6239,2.812824249267578
0391,2.8799,2.4058499336242676
0391,2.8861,3.092592477798462
0391,2.9995,3.1107370853424072
0391,1.8405,1.8132209777832031
0391,2.3588,2.7796449661254883
0391,2.3636,2.6452527046203613
0391,2.8471,2.650606870651245
0391,3.844,2.8310329914093018
0391,4.037,4.1328654289245605
0391,4.0917,4.105723857879639
0391,1.9795,2.3081600666046143
0391,2.2656,2.2118053436279297
0391,2.8399,2.6739742755889893
0391,2.8427,2.6580629348754883
0391,3.5076,3.593256711959839
0391,3.7389,3.259052038192749
0391,0.7958,1.2884352207183838
0391,1.1804,1.1188277006149292
0391,5.8493,6.631694793701172
0391,6.7091,6.558151721954346
0391,6.791,6.480713844299316
0391,7.016,6.550468921661377
0391,2.0412,3.350379705429077
0391,2.4049,3.1388843059539795
0391,2.9141,2.2380144596099854
0391,3.1308,2.361699104309082
0391,3.5081,2.8169848918914795
0391,4.1744,3.2192578315734863
0391,1.7384,1.3497898578643799
0391,3.5092,3.9601991176605225
0391,3.6208,3.9601991176605225
0391,3.8805,3.8827579021453857
0391,3.8839,3.8181474208831787
0391,3.9477,3.9321951866149902
0391,3.9926,3.8416900634765625
0391,3.9961,3.8772714138031006
0391,4.0369,4.172876834869385
0391,4.0944,4.07310676574707
0391,1.4818,2.0635149478912354
0391,1.5686,1.9571799039840698
0391,1.8935,2.7584035396575928
0391,2.1735,2.100827932357788
0391,2.1763,2.100827932357788
0391,3.6343,3.9751014709472656
0391,3.5216,3.6757895946502686
0391,3.5955,2.9468576908111572
0391,2.6368,2.367995262145996
0391,2.8767,3.2896194458007812
0391,3.154,2.651803970336914
0391,4.516,3.79040265083313
0391,2.0888,2.06343150138855
0391,2.1777,2.0991485118865967
0391,2.5025,3.1659891605377197
0391,2.5426,3.1659891605377197
0391,3.2081,3.2008283138275146
0391,3.2954,2.6213996410369873
0391,3.7358,3.9070653915405273
0391,2.5202,2.2770419120788574
0391,2.5239,2.2531015872955322
0391,2.5996,2.45629620552063
0391,6.5952,6.603815078735352
0391,6.6736,6.613327503204346
0391,6.8101,6.58483362197876
0391,6.8138,6.606835842132568
0391,1.999,3.281355857849121
0391,2.2356,2.1680212020874023
0391,3.2997,3.273449182510376
0391,2.101,2.8606820106506348
0391,2.101,3.278578042984009
0391,2.9524,3.439649820327759
0391,3.1819,3.477668285369873
0391,3.3627,3.241826295852661
0391,3.4501,4.063899517059326
0391,3.5141,3.2944958209991455
0391,3.6469,3.4218099117279053
0391,3.7995,3.439649820327759
0391,0.6337,0.7796539068222046
0391,0.6373,0.7905982732772827
0391,1.3045,1.6253249645233154
0391,2.3353,2.4474687576293945
0391,2.338,2.4916765689849854
0391,3.0596,2.683347225189209
0391,4.9279,4.418107509613037
0391,3.0241,2.9238691329956055
0391,4.207,3.7386269569396973
0391,4.21,3.6499691009521484
0391,4.362,4.321826457977295
0391,1.7246,2.800053119659424
0391,2.4644,2.3293309211730957
0391,3.2811,3.0560860633850098
0391,3.6982,3.1427390575408936
0391,3.1517,3.0507102012634277
0391,1.9062,1.7941043376922607
0391,3.0657,3.4148902893066406
0391,3.2514,3.4047021865844727
0391,3.6433,3.749917507171631
0391,3.9468,3.1580891609191895
0391,4.2075,4.323063850402832
0391,3.1116,3.4177420139312744
0391,3.4045,3.472555637359619
0391,1.4456,1.4986813068389893
0391,3.2293,3.1618752479553223
0391,3.5685,3.225806713104248
0391,3.6708,4.513956069946289
0391,4.096,4.351736545562744
0391,0.8578,1.0883079767227173
0391,1.3615,1.8786131143569946
0391,1.7457,1.8939979076385498
0391,1.9201,2.019179344177246
0391,1.9201,1.8187273740768433
0391,2.1611,1.8017069101333618
0391,2.2067,2.3104445934295654
0391,2.3229,2.3382046222686768
0391,2.9595,2.904484272003174
0391,2.5742,3.1466691493988037
0391,2.7077,2.819920539855957
0391,2.7104,2.819920539855957
0391,2.9495,3.114710807800293
0391,3.1265,3.0414788722991943
0391,3.1953,3.1466691493988037
0391,3.5706,3.652902603149414
0391,0.9603,1.0668972730636597
0391,2.1464,2.469245195388794
0391,3.1533,2.6817893981933594
0391,3.5432,3.436244487762451
0391,2.5205,3.40229868888855
0391,3.8646,4.4109578132629395
0391,4.5074,4.462347984313965
0391,4.515,4.370053768157959
0391,2.5621,2.6789987087249756
0391,2.8058,2.854275703430176
0391,2.8558,2.902890205383301
0391,2.8586,2.9143872261047363
0391,3.1448,2.888810396194458
0391,3.4418,3.131126642227173
0391,3.7523,4.668152332305908
0391,4.1973,3.835501194000244
0391,4.2421,3.813631296157837
0391,4.3891,3.2076752185821533
0391,6.8531,6.900877475738525
0391,6.8988,6.734957218170166
0391,7.0529,6.734957218170166
0391,2.855,3.1292426586151123
0391,3.3699,3.2773704528808594
0391,2.1741,2.2835445404052734
0391,2.6935,3.0119545459747314
0391,2.8635,2.9656121730804443
0391,3.0356,2.9618136882781982
0391,3.6703,2.620048999786377
0391,4.084,4.0823211669921875
0391,4.2249,4.168268203735352
0391,5.5588,5.160635471343994
0391,5.6393,5.019552707672119
0391,5.4541,5.218112468719482
0391,5.4575,5.304684162139893
0391,0.5185,0.6060990691184998
0391,1.454,3.2154183387756348
0391,1.8487,2.269019603729248
0391,2.4581,2.267072916030884
0391,2.4631,2.1264488697052
0391,2.9593,3.2154183387756348
0391,3.2762,2.713209629058838
0391,3.2794,2.803344488143921
0391,2.1566,2.233224391937256
0391,4.0211,3.941511869430542
0391,4.0211,3.9429328441619873
0391,2.2361,2.3118650913238525
0391,2.3668,2.47633695602417
0391,2.4669,2.556201219558716
0391,2.6437,2.5261659622192383
0391,2.7211,2.578411817550659
0391,6.2377,5.705658435821533
0391,2.3883,2.826655149459839
0391,2.3911,2.726848602294922
0391,1.0434,1.3847808837890625
0391,1.2957,1.6888535022735596
0391,1.6004,0.8948807716369629
0391,2.553,3.1208736896514893
0391,2.9372,3.2240841388702393
0391,2.9835,3.2240841388702393
0391,2.9835,3.036240577697754
0391,2.9863,3.02358078956604
0391,3.1072,3.192763090133667
0391,3.1807,3.2062363624572754
0391,3.2353,3.198870897293091
0391,3.5068,3.1507272720336914
0391,5.0918,4.606348514556885
0391,1.5291,1.6857995986938477
0391,1.6428,1.539804458618164
0391,3.7405,3.915712594985962
0391,6.1259,5.760700225830078
0391,6.169,5.972867488861084
0391,6.1723,6.0640645027160645
0391,3.8386,4.645994663238525
0391,3.8448,4.146489143371582
0391,3.8481,4.075958251953125
0391,3.9181,3.7938883304595947
0391,4.8327,4.315430164337158
0391,2.4939,2.5839428901672363
0391,2.704,3.0105488300323486
0391,3.1275,3.000171422958374
0391,3.4189,3.4890830516815186
0391,3.4216,3.462873935699463
0391,0.8996,1.2205092906951904
0391,1.0117,0.8815891146659851
0391,1.0152,0.807056725025177
0391,1.7973,1.8502553701400757
0391,2.1489,2.4324119091033936
0391,2.3034,2.4033725261688232
0391,4.1682,4.005475997924805
0391,5.4248,5.382030487060547
0391,5.4913,5.37011194229126
0391,3.6461,3.4627158641815186
0391,4.5186,3.5566699504852295
0391,4.5216,3.5566699504852295
0391,1.0316,2.500913619995117
0391,2.4989,2.404580593109131
0391,2.5022,2.237429141998291
0391,2.6606,2.6893482208251953
0391,1.8955,2.7584035396575928
0391,2.2951,2.4671630859375
0391,2.7613,2.860426187515259
0391,2.8515,2.9310455322265625
0391,3.1443,3.0599193572998047
0391,3.2083,3.7581236362457275
0391,3.7647,3.6293580532073975
0391,0.5391,0.8803487420082092
0391,3.1184,2.980701208114624
0391,3.8508,4.6492414474487305
0391,4.5738,4.356729984283447
0391,4.7685,4.116350173950195
0391,5.1012,4.116350173950195
0391,3.0612,3.2011878490448
0391,5.1142,6.292899131774902
0391,0.626,1.39107346534729
0391,2.5455,2.7598047256469727
0391,2.5503,2.865325927734375
0391,3.5104,3.981931209564209
0391,3.6382,3.865694046020508
0391,3.8042,3.880159616470337
0391,4.2428,4.080417633056641
0391,2.2356,2.0692973136901855
0391,2.4963,2.3883872032165527
0391,1.3756,0.9874702095985413
0391,3.9813,3.2485830783843994
0391,4.6747,3.4937024116516113
0391,0.8613,3.661456346511841
0391,2.7401,2.3546183109283447
0391,3.3975,3.260014295578003
0391,4.3184,2.3912768363952637
0391,2.0895,2.4474711418151855
0391,2.9718,3.172945022583008
0391,3.021,3.1500985622406006
0391,6.5706,6.580295562744141
0391,6.7092,6.360821723937988
0391,6.7169,6.360821723937988
0391,6.776,6.521166801452637
0391,1.5974,1.6985151767730713
0391,1.6001,1.6583763360977173
0391,0.7544,0.9225366711616516
0391,3.8795,5.32296085357666
0391,4.6166,4.076712608337402
0391,5.4805,4.221615791320801
0391,1.1714,1.739242434501648
0391,1.5131,1.6841392517089844
0391,1.6518,1.6841392517089844
0391,2.2226,2.2997019290924072
0391,2.9612,2.8836076259613037
0391,4.167,4.689069747924805
0391,4.2872,4.660813331604004
0391,4.2901,4.680768966674805
0391,4.3813,3.896578311920166
0391,2.8481,2.844061851501465
0391,3.0267,2.682321786880493
0391,3.4495,3.2981531620025635
0391,1.9154,2.653262138366699
0391,2.1815,2.973477602005005
0391,5.5655,5.119426727294922
0391,1.0266,0.8691846132278442
0391,1.219,1.958686113357544
0391,3.4148,3.6163220405578613
0391,3.565,3.5465247631073
0391,3.6562,3.6562256813049316
0391,4.7231,4.958090782165527
0391,1.9153,2.0568196773529053
0391,2.267,2.095532178878784
0391,3.029,2.9042112827301025
0391,3.0318,2.9653167724609375
0391,3.2927,3.8478410243988037
0391,4.0887,4.204217910766602
0391,1.4835,1.7902888059616089
0391,1.5325,1.8686000108718872
0391,1.6264,1.8686000108718872
0391,2.7861,2.8415634632110596
0391,3.0702,2.8839588165283203
0391,3.3247,3.0884814262390137
0391,4.5817,4.320414066314697
0391,4.7585,4.028599739074707
0391,2.1405,2.532621145248413
0391,2.223,3.18060564994812
0391,3.3034,2.799248218536377
0391,4.0296,3.9376702308654785
0391,5.2788,5.0683770179748535
0391,5.2816,5.0683770179748535
0391,2.5124,2.5633316040039062
0391,3.174,3.234762191772461
0391,3.474,3.088986873626709
0391,4.6031,4.792288780212402
0391,2.0305,1.9353770017623901
0391,2.0332,1.9747674465179443
0391,2.3105,2.7938578128814697
0391,2.5768,2.387794017791748
0391,3.2063,3.3601114749908447
0391,3.3575,3.3601114749908447
0391,1.8137,2.381709337234497
0391,2.259,2.381709337234497
0391,3.2029,2.9546308517456055
0391,3.327,2.9061684608459473
0391,2.125,1.9777911901474
0391,3.3566,3.5815837383270264
0391,2.7741,3.1086573600769043
0391,3.0683,3.050245523452759
0391,3.071,3.1063477993011475
0391,3.6185,3.8419313430786133
0391,3.6644,4.095369338989258
0391,3.8379,3.797689437866211
0391,1.2155,1.6997219324111938
0391,1.3136,1.5592854022979736
0391,1.6361,1.6821402311325073
0391,2.2536,1.8962513208389282
0391,3.6442,3.063756227493286
0391,3.8092,3.0023770332336426
0391,1.571,2.3760952949523926
0391,2.6023,2.8041763305664062
0391,3.3673,2.695209503173828
0391,4.1482,3.624441623687744
0391,4.2556,3.4926061630249023
0391,6.8733,4.960455417633057
0391,2.1739,3.8343706130981445
0391,3.6465,3.386875867843628
0391,3.8318,3.3389110565185547
0391,4.6643,2.861464262008667
0391,1.968,2.967005491256714
0391,2.178,2.886711597442627
0391,2.3944,2.5850508213043213
0391,2.3978,2.8307955265045166
0391,2.6737,3.135761260986328
0391,3.0946,2.6824467182159424
0391,3.0979,2.7161877155303955
0391,3.3579,2.690382719039917
0391,3.675,4.0541815757751465
0391,3.7668,2.5850508213043213
0391,4.3011,3.832665205001831
0391,4.6489,4.683596134185791
0391,0.5619,1.0198612213134766
0391,0.5655,1.049636721611023
0391,2.3376,2.544050693511963
0391,2.715,2.9164047241210938
0391,3.8742,4.186972618103027
0391,1.7294,2.434006452560425
0391,1.8666,2.235318899154663
0391,5.5773,4.969786643981934
0391,0.7185,0.8579238653182983
0391,0.7234,0.9915483593940735
0391,1.6745,1.77570378780365
0391,2.8303,2.91117262840271
0391,3.0288,3.1787374019622803
0391,2.7909,3.0608022212982178
0391,3.364,3.5050015449523926
0391,3.6292,3.6842167377471924
0391,3.7185,4.22039270401001
0391,4.32,3.831005573272705
0391,3.5757,2.7137014865875244
0391,4.0035,3.9155969619750977
0391,4.0065,3.976696491241455
0391,2.7891,3.3585433959960938
0391,2.7924,3.277315616607666
0391,2.9581,4.104928970336914
0391,3.1685,3.1976380348205566
0391,3.4162,3.399535894393921
0391,4.3293,5.129452228546143
0391,4.625,5.041511535644531
0391,4.6287,4.737481594085693
0391,4.8614,4.948157787322998
0391,4.9387,5.129452228546143
0391,5.261,3.496225357055664
0391,6.3674,4.737481594085693
0391,0.4674,0.7523525953292847
0391,0.4705,0.7530744671821594
0391,3.0977,3.3155648708343506
0391,3.5494,4.645070552825928
0391,1.4991,2.056295156478882
0391,2.5303,2.9879345893859863
0391,2.6802,2.4806325435638428
0391,3.011,2.916851758956909
0391,3.064,3.060499906539917
0391,3.7157,3.3071961402893066
0391,4.6176,4.3128342628479
0391,4.6205,4.3128342628479
0391,4.892,4.418494701385498
0391,5.8215,5.1818084716796875
0391,1.6105,1.5840092897415161
0391,2.0585,2.0655269622802734
0391,4.5124,2.6974031925201416
0391,1.1893,0.8347432017326355
0391,3.8954,4.267426490783691
0391,4.3895,4.117169380187988
0391,1.2203,1.4168699979782104
0391,1.2235,1.5923134088516235
0391,3.2825,2.999544858932495
0391,0.9285,2.570484161376953
0391,1.7106,1.0451016426086426
0391,2.2871,2.3082082271575928
0391,5.4845,4.859979629516602
0391,5.8441,4.859979629516602
0391,2.8739,3.697770357131958
0391,3.2011,3.451009511947632
0391,3.2059,3.697770357131958
0391,4.2715,4.164135456085205
0391,3.5068,3.1675026416778564
0391,3.5776,3.7870712280273438
0391,3.8699,3.65891170501709
0391,4.202,4.197085380554199
0391,4.202,4.206360816955566
0391,4.2072,4.2088518142700195
0391,4.2072,4.222845554351807
0391,4.9456,4.835596084594727
0391,5.1649,5.277125835418701
0391,5.1756,5.273325443267822
0391,5.2633,5.229699611663818
0391,6.3245,4.915624618530273
0391,2.1987,4.62690544128418
0391,2.6598,2.761963129043579
0391,4.972,4.808526515960693
0391,2.3357,2.899125814437866
0391,2.3833,3.172633647918701
0391,2.4252,2.5168540477752686
0391,2.4302,2.5410780906677246
0391,3.3505,2.8156614303588867
0391,3.2372,3.973252773284912
0391,4.0376,4.089152812957764
0391,4.2748,4.060757637023926
0391,2.9493,2.8160810470581055
0391,3.1685,2.7680325508117676
0391,2.0001,2.110262393951416
0391,2.4901,2.679877519607544
0391,2.7311,2.969097852706909
0391,2.8924,2.9386990070343018
0391,3.3623,3.7593910694122314
0391,3.6616,3.6681292057037354
0391,4.2641,3.647477149963379
0391,7.4626,6.895444869995117
0391,2.4079,2.1751487255096436
0391,4.0898,3.7859160900115967
0391,4.1527,3.6362786293029785
0391,4.8844,4.467588901519775
0391,2.8258,3.6989593505859375
0391,3.3736,3.3746719360351562
0391,3.3768,3.3033339977264404
0391,3.5609,2.9113552570343018
0391,3.7845,2.9113552570343018
0391,3.9165,4.747312545776367
0391,5.469,5.4870781898498535
0391,5.6895,5.381262302398682
0391,0.4903,1.204302191734314
0391,0.9414,1.7439305782318115
0391,3.0227,3.211329460144043
0391,3.0598,3.1777560710906982
0391,3.0625,3.21931791305542
0391,3.3056,3.2146084308624268
0391,3.4138,3.1247823238372803
0391,3.8752,3.034930944442749
0391,0.5043,0.9435217380523682
0391,3.8986,2.6409645080566406
0391,2.4662,2.7200088500976562
0391,3.2817,3.020986557006836
0391,5.057,4.046874046325684
0391,5.7093,5.662996292114258
0391,2.2772,2.0098390579223633
0391,2.3942,2.493323564529419
0391,2.5827,2.3508198261260986
0391,2.6282,2.983153820037842
0391,2.6344,2.5324437618255615
0391,1.1148,1.2199214696884155
0391,1.2849,1.1118355989456177
0391,1.8142,1.6486337184906006
0391,2.0179,2.2394611835479736
0391,3.8726,3.2718656063079834
0391,1.3016,1.5525469779968262
0391,3.3851,3.3694090843200684
0391,3.4308,3.286168098449707
0391,5.2416,4.478945732116699
0391,0.516,0.6776630282402039
0391,1.1958,1.3689608573913574
0391,2.3192,2.4004130363464355
0391,2.3247,2.367312431335449
0391,2.4236,2.368208885192871
0391,2.5274,2.4004130363464355
0391,2.7159,2.681326150894165
0391,3.7308,3.2793288230895996
0391,1.9644,1.9859153032302856
0391,2.2233,2.2831602096557617
0391,4.5402,4.3056769371032715
0391,3.5142,3.2914459705352783
0391,3.8151,3.960615396499634
0391,1.1543,1.1931824684143066
0391,3.0915,3.326002597808838
0391,3.2545,3.4696621894836426
0391,3.3622,3.5025475025177
0391,0.8935,1.7724781036376953
0391,1.797,1.8286399841308594
0391,3.5027,6.566582202911377
0391,3.8914,4.420973777770996
0391,4.1128,4.173350811004639
0391,4.2663,3.6082022190093994
0391,4.6369,4.797304630279541
0391,4.645,4.744709491729736
0391,6.9589,5.013381004333496
0391,7.05,4.990453243255615
0391,2.0719,2.0872464179992676
0391,2.0957,3.12208890914917
0391,3.7394,4.232598304748535
0391,4.8502,5.008457183837891
0391,5.1322,4.6502814292907715
0391,1.449,1.5181856155395508
0391,3.1428,3.188857078552246
0391,3.1846,2.878753423690796
0391,5.5761,5.819290637969971
0391,1.352,1.3139877319335938
0391,1.5465,1.0774911642074585
0391,1.9219,1.9579360485076904
0391,4.7903,4.496079921722412
0391,4.9753,4.688307762145996
0391,2.417,1.8811498880386353
0391,3.7346,3.8981149196624756
0391,3.7662,3.8296213150024414
0391,4.4952,3.8699328899383545
0391,3.1083,3.6139848232269287
0391,3.178,2.8872501850128174
0391,3.606,3.753807306289673
0391,3.0234,3.398468255996704
0391,3.211,3.9340617656707764
0391,3.2586,3.9436423778533936
0391,3.3039,3.925921678543091
0391,3.3419,3.2676749229431152
0391,3.3458,3.3425559997558594
0391,3.4819,3.7414653301239014
0391,3.5363,3.9436423778533936
0391,3.6511,3.851304054260254
0391,4.7482,3.7414653301239014
0391,4.8487,3.637632369995117
0391,4.8876,3.637632369995117
0391,4.9643,3.9558050632476807
0391,2.5303,3.538961410522461
0391,2.6763,2.700960397720337
0391,2.8627,2.7460758686065674
0391,2.8661,2.700960397720337
0391,3.4281,3.101422071456909
0391,4.0265,4.417515754699707
0391,4.7974,3.9968574047088623
0391,4.9465,4.139542579650879
0391,1.773,2.822073221206665
0391,2.6135,2.5669920444488525
0391,3.3007,3.4787182807922363
0391,4.5747,4.169700622558594
0391,2.0233,2.034290313720703
0391,2.6876,2.769061326980591
0391,2.6904,2.7730963230133057
0391,2.921,3.1279001235961914
0391,3.2374,3.121239423751831
0391,3.7654,3.7581236362457275
0391,4.7777,4.779458522796631
0391,1.3227,1.698832631111145
0391,1.3558,1.2406588792800903
0391,2.7756,2.8355183601379395
0391,3.4534,4.403010368347168
0391,3.5366,4.403010368347168
0391,3.6644,4.235020637512207
0391,3.9566,4.244641304016113
0391,4.5603,4.373432159423828
0391,4.7446,4.0177812576293945
0391,4.8058,4.0177812576293945
0391,4.9617,3.9894700050354004
0391,5.0362,3.9894700050354004
0391,3.6472,5.382455348968506
0391,3.6472,3.6421520709991455
0391,3.6502,3.7021303176879883
0391,5.141,4.352688312530518
0391,5.3799,6.2895731925964355
0391,6.0037,5.517428398132324
0391,6.1148,5.269167900085449
0391,1.0352,1.666964054107666
0391,2.0323,1.9464280605316162
0391,2.0353,1.8954088687896729
0391,2.2878,2.15002179145813
0391,3.0716,3.592574119567871
0391,3.3321,3.2444005012512207
0391,3.3353,3.282214879989624
0391,3.4057,3.4076480865478516
0391,4.0278,3.307546377182007
0391,4.2896,3.592574119567871
0391,2.8879,2.8243918418884277
0391,2.8879,2.836430072784424
0391,4.0707,3.9659335613250732
0391,4.0737,3.933438539505005
0391,6.9451,6.447964191436768
0391,7.1445,6.340264320373535
0391,2.9921,3.6872670650482178
0391,3.0229,3.150151252746582
0391,5.0652,5.125452518463135
0391,1.1832,1.4488403797149658
0391,1.7435,2.0313007831573486
0391,2.048,1.919467568397522
0391,2.7971,3.5035862922668457
0391,2.9664,3.2779531478881836
0391,3.3817,3.044957160949707
0391,2.1511,1.6233060359954834
0391,2.5194,3.22627329826355
0391,3.326,3.4478225708007812
0391,3.3293,3.418911933898926
0391,3.8827,4.127753734588623
0391,3.8875,4.170492649078369
0391,4.8509,5.8681511878967285
0391,5.9168,5.396040916442871
0391,3.0572,3.710205316543579
0391,3.4825,3.786050796508789
0391,4.0437,4.215695858001709
0391,4.1255,4.251739501953125
0391,4.6016,4.470073699951172
0391,3.7661,3.8755128383636475
0391,5.4736,5.460442543029785
0391,5.4767,5.3790602684021
0391,4.4383,4.0863356590271
0391,4.4685,3.9411518573760986
0391,2.6357,2.634854555130005
0391,2.6909,2.6735827922821045
0391,3.1483,3.908909320831299
0391,3.6514,3.9592628479003906
0391,4.0797,3.803518772125244
0391,4.1016,3.7079906463623047
0391,4.321,3.6613314151763916
0391,4.3992,3.5904223918914795
0391,5.8362,5.245090484619141
0391,1.693,2.157301902770996
0391,2.48,2.4278604984283447
0391,3.2906,3.319253444671631
0391,4.209,4.004958629608154
0391,2.6555,2.742727041244507
0391,2.6582,2.8317806720733643
0391,2.7297,2.941072940826416
0391,2.8677,2.844726085662842
0391,3.1832,2.4771885871887207
0391,3.6486,3.9229836463928223
0391,3.6486,2.742727041244507
0391,4.7016,2.5871925354003906
0391,7.382,3.9229836463928223
0391,0.6918,0.6820440292358398
0391,2.0971,2.2549245357513428
0391,2.4088,2.552581787109375
0391,3.57,4.109317779541016
0391,4.1493,3.939467668533325
0391,4.8824,4.095608234405518
0391,1.7732,2.0866589546203613
0391,1.778,2.160121202468872
0391,1.9591,2.0457239151000977
0391,2.3502,2.9133994579315186
0391,2.6116,2.7868778705596924
0391,5.5554,5.5236496925354
0391,3.5656,3.0608839988708496
0391,1.6212,2.0070641040802
0391,3.7783,3.980475664138794
0391,3.8444,4.3279805183410645
0391,4.7863,3.7718417644500732
0391,2.2746,2.5057759284973145
0391,2.3223,2.538818120956421
0391,2.4624,2.413503885269165
0391,2.4657,2.505204200744629
0391,2.5497,2.4523630142211914
0391,2.6631,2.6069178581237793
0391,2.6687,2.5915424823760986
0391,2.787,2.7314791679382324
0391,2.7897,2.6998820304870605
0391,3.1543,2.979855537414551
0391,3.1575,2.97456431388855
0391,3.439,3.482733726501465
0391,3.4418,3.4611284732818604
0391,3.93,3.593853712081909
0391,4.1889,3.564694404602051
0391,2.46,2.2209665775299072
0391,4.2341,3.5123941898345947
0391,6.5156,5.630710601806641
0391,1.6299,2.0145583152770996
0391,1.6337,2.0231664180755615
0391,1.7408,2.2817373275756836
0391,2.0007,2.9259109497070312
0391,3.0663,3.316145181655884
0391,3.3469,3.627021312713623
0391,3.7854,3.9048547744750977
0391,3.7883,3.9397013187408447
0391,3.7995,3.4881491661071777
0391,3.9323,3.866520881652832
0391,3.9947,3.443547248840332
0391,4.2675,3.588566780090332
0391,4.4032,3.588566780090332
0391,2.2693,2.203758716583252
0391,4.0602,3.298323392868042
0391,4.0634,3.334270715713501
0391,4.0988,3.970421314239502
0391,4.1017,3.9012486934661865
0391,4.1139,3.9540066719055176
0391,4.3466,3.8241429328918457
0391,6.0387,5.868969917297363
0391,2.6045,3.0919222831726074
0391,3.1315,3.1741697788238525
0391,3.2231,2.7701494693756104
0391,3.6382,3.0693273544311523
0391,1.5612,1.7030240297317505
0391,2.7298,3.2236592769622803
0391,3.3366,4.04854154586792
0391,3.7723,4.04854154586792
0391,3.8195,3.125166416168213
0391,4.6939,4.540318489074707
0391,4.7064,4.718867301940918
0391,4.7699,4.540318489074707
0391,2.4109,2.5872855186462402
0391,2.4137,2.5303306579589844
0391,2.7009,3.1271214485168457
0391,3.1351,2.9620566368103027
0391,3.512,3.401967763900757
0391,3.5475,3.284095048904419
0391,4.0352,3.1010541915893555
0391,3.0381,3.3286266326904297
0391,3.5627,3.7747983932495117
0391,3.6262,3.690784215927124
0391,3.8418,3.70607328414917
0391,2.5588,2.9231953620910645
0391,3.1906,3.338768720626831
0391,3.6281,3.081256151199341
0391,5.3924,5.074830532073975
0391,2.2156,1.846651315689087
0391,2.7924,3.125415325164795
0391,3.1946,3.125415325164795
0391,3.3889,3.087557315826416
0391,3.5198,3.5661747455596924
0391,4.0045,3.4004757404327393
0391,5.5669,5.136490345001221
0391,1.6791,2.0678510665893555
0391,1.6821,2.057915687561035
0391,2.8012,2.7639541625976562
0391,2.9953,2.4932098388671875
0391,2.6895,2.7112765312194824
0391,3.7522,3.7602739334106445
0391,4.1572,3.9228317737579346
0391,4.1861,4.3355889320373535
0391,4.1894,4.346535682678223
0391,1.5296,1.4838553667068481
0391,1.5325,1.5109750032424927
0391,3.886,4.1710686683654785
0391,4.2213,4.035380840301514
0391,1.699,2.0804669857025146
0391,2.7686,2.592421293258667
0391,2.7714,2.47694730758667
0391,2.8825,3.499143600463867
0391,3.7612,3.667978525161743
0391,4.8733,3.219752311706543
0391,2.107,2.418161153793335
0391,2.1298,3.20456600189209
0391,2.4096,2.2801780700683594
0391,2.8732,2.858423948287964
0391,2.9114,2.9434385299682617
0391,4.4528,4.227828502655029
0391,6.039,5.798780918121338
0391,2.557,2.513420343399048
0391,2.5603,2.622993230819702
0391,2.8717,2.9784603118896484
0391,4.4272,3.939091205596924
0391,2.2385,2.3469200134277344
0391,3.0816,2.914510726928711
0391,3.7536,4.255767822265625
0391,4.5286,3.2639949321746826
0391,1.4556,2.2161455154418945
0391,3.0258,2.960286855697632
0391,3.0356,2.939809799194336
0391,2.0488,3.571817398071289
0391,2.0936,2.0945677757263184
0391,2.0985,2.1836118698120117
0391,2.3141,1.906416654586792
0391,3.0802,2.413177251815796
0391,5.1858,4.268872261047363
0391,1.6818,1.7786896228790283
0391,1.9274,1.593252420425415
0391,4.0921,2.8115692138671875
0391,4.132,4.02739953994751
0391,3.7683,3.2618610858917236
0391,2.3341,2.556918144226074
0391,2.6687,2.6201798915863037
0391,2.7155,2.5808634757995605
0391,3.3197,3.3958277702331543
0391,3.4065,3.4721755981445312
0391,4.1879,4.204690456390381
0391,4.3949,4.127841472625732
0391,4.3995,4.121829986572266
0391,5.5468,5.403000354766846
0391,2.4471,2.6920390129089355
0391,2.4498,2.8879122734069824
0391,3.6881,3.1461446285247803
0391,3.7505,3.1229026317596436
0391,5.5083,4.992417812347412
0391,1.9025,1.9986555576324463
0391,2.0138,2.434221029281616
0391,2.1195,1.8514577150344849
0391,2.2943,2.360457420349121
0391,2.4216,1.9460374116897583
0391,3.9082,4.68776798248291
0391,4.2864,4.303338050842285
0391,0.6666,0.8706410527229309
0391,2.5909,3.4882538318634033
0391,2.6378,2.7834486961364746
0391,2.6795,3.4677021503448486
0391,2.758,3.4583678245544434
0391,3.0175,3.4882538318634033
0391,3.0224,3.4583678245544434
0391,3.0952,3.3918063640594482
0391,3.2244,3.4677021503448486
0391,3.3928,3.3438174724578857
0391,3.6548,3.389035224914551
0391,3.7152,3.1470139026641846
0391,3.7863,3.1470139026641846
0391,3.858,3.1470139026641846
0391,3.9729,3.3438174724578857
0391,3.9763,3.1470139026641846
0391,4.0992,3.869029998779297
0391,2.0009,2.164576292037964
0391,2.9107,2.8596861362457275
0391,2.9484,2.658133029937744
0391,2.4067,3.175455093383789
0391,2.8178,3.020226001739502
0391,3.13,3.162048578262329
0391,3.2226,2.9244003295898438
0391,3.7841,3.7418417930603027
0391,4.5111,4.174201488494873
0391,2.3414,2.249898672103882
0391,2.5761,3.515778064727783
0391,2.7134,2.918962240219116
0391,3.4596,3.2117185592651367
0391,3.4625,3.1751136779785156
0391,5.0146,5.222890377044678
0391,5.9134,4.581820964813232
0391,2.8002,2.1466448307037354
0391,3.8051,4.01467752456665
0391,4.1765,4.020636558532715
0391,4.4243,3.9806675910949707
0391,4.8567,4.866705417633057
0391,4.8608,4.772313594818115
0391,5.6277,6.123977184295654
0391,6.0624,5.880918979644775
0391,6.3051,5.886903762817383
0391,1.8985,2.808839797973633
0391,2.9703,3.1815993785858154
0391,3.5761,4.049314022064209
0391,3.7323,3.320368766784668
0391,3.783,3.8707010746002197
0391,3.9778,3.320368766784668
0391,4.2786,4.049314022064209
0391,2.9027,3.1129021644592285
0391,3.9126,3.456989288330078
0391,3.1999,2.9794819355010986
0391,3.7596,2.900545597076416
0391,0.739,1.1258213520050049
0391,2.5192,2.2269656658172607
0391,2.563,2.0401999950408936
0391,4.1192,3.891873836517334
0391,1.1846,1.798069715499878
0391,1.6172,1.6669026613235474
0391,1.7843,1.6439858675003052
0391,3.1994,3.2629806995391846
0391,3.9658,3.9036567211151123
0391,2.5196,2.6476705074310303
0391,3.5731,3.88458251953125
0391,3.5764,3.9749653339385986
0391,3.9593,3.9658939838409424
0391,3.9621,3.847771644592285
0391,2.0397,2.0037856101989746
0391,2.0459,1.918082594871521
0391,3.1416,3.0772440433502197
0391,5.5504,5.335038185119629
0391,2.5496,3.677105665206909
0391,2.6024,2.6577839851379395
0391,2.67,2.610816240310669
0391,3.7544,4.224089622497559
0391,4.3065,4.089926719665527
0391,5.307,4.681028366088867
0391,2.248,4.322859764099121
0391,3.9958,4.144749641418457
0391,4.2475,4.149565696716309
0391,4.3337,3.9705870151519775
0391,4.413,4.322859764099121
0391,2.0406,2.087648630142212
0391,2.0439,2.041168451309204
0391,2.1164,2.3230743408203125
0391,2.2171,2.215195655822754
0391,4.0378,4.252835273742676
0391,5.1696,3.975651741027832
0391,2.6388,2.698786497116089
0391,4.6163,4.015202045440674
0391,5.9097,5.845609188079834
0391,1.6976,2.500537872314453
0391,1.8113,2.4309794902801514
0391,2.469,2.492344379425049
0391,3.4009,2.5516180992126465
0391,4.4965,3.8626937866210938
0391,1.1647,1.052997350692749
0391,4.9181,4.711416244506836
0391,0.6748,0.8650152683258057
0391,2.2906,2.5792853832244873
0391,2.2938,2.4447789192199707
0391,2.8202,3.4470956325531006
0391,4.4862,3.496025323867798
0391,5.1366,5.037281036376953
0391,5.3001,4.990358829498291
0391,3.1853,3.206573009490967
0391,3.3839,3.2819836139678955
0391,3.7711,3.024367570877075
0391,3.7994,5.2113542556762695
0391,4.2985,4.681839942932129
0391,4.3817,4.621135711669922
0391,5.0676,4.480014324188232
0391,5.5699,5.2113542556762695
0391,0.7048,0.7554564476013184
0391,3.6714,3.028735637664795
0391,4.9379,5.218379974365234
0391,5.4445,5.114130973815918
0391,1.5897,1.7038602828979492
0391,3.0715,3.271345615386963
0391,3.1361,3.271345615386963
0391,4.5143,3.947360038757324
0391,1.1789,1.3323711156845093
0391,2.3463,3.7009971141815186
0391,2.8912,3.4769556522369385
0391,3.0577,3.3647868633270264
0391,1.4222,1.4367247819900513
0391,3.4591,4.014749526977539
0391,4.3236,3.6867384910583496
0391,2.7866,3.0128533840179443
0391,2.9889,2.9471054077148438
0391,3.072,2.9369277954101562
0391,3.0769,2.958892822265625
0391,3.2719,3.457669496536255
0391,3.7506,3.694925308227539
0391,3.7545,3.725917339324951
0391,4.9526,4.374261856079102
0391,1.6772,2.6659371852874756
0391,2.3345,2.8344674110412598
0391,2.7987,2.729480266571045
0391,3.2831,3.403135061264038
0391,4.1367,3.1093087196350098
0391,5.4562,4.956167697906494
0391,1.7355,1.9488288164138794
0391,2.5726,2.718151569366455
0391,2.5755,2.6342828273773193
0391,3.9105,4.124401092529297
0391,3.9841,4.169154167175293
0391,4.289,4.062129974365234
0391,2.693,3.0129659175872803
0391,3.0042,3.1533687114715576
0391,3.007,3.1143205165863037
0391,3.3132,3.288127899169922
0391,3.3164,3.270723581314087
0391,3.4318,3.0838284492492676
0391,5.013,4.714367389678955
0391,5.062,4.6201863288879395
0391,1.1269,1.0731252431869507
0391,1.8988,2.132253885269165
0391,2.184,2.6195061206817627
0391,2.3444,2.4498729705810547
0391,3.6386,3.7203476428985596
0391,4.9781,4.537487983703613
0391,3.6067,3.434752941131592
0391,5.6632,5.508714199066162
0391,5.8325,5.531954765319824
0391,5.8369,5.492912769317627
0391,2.4253,2.4983341693878174
0391,2.7853,2.833498001098633
0391,2.7886,2.8312790393829346
0391,3.017,3.5711169242858887
0391,3.2619,2.8990092277526855
0391,3.3056,2.8349781036376953
0391,3.6182,3.4739394187927246
0391,4.4225,3.860388994216919
0391,2.8155,2.919339656829834
0391,2.8187,3.0232632160186768
0391,3.0798,3.3760011196136475
0391,3.3986,3.1625173091888428
0391,2.0718,2.3398852348327637
0391,3.6025,3.092447280883789
0391,3.8246,4.295922756195068
0391,4.8255,4.096303462982178
0391,5.1813,5.231664180755615
0391,5.365,5.043444633483887
0391,2.8006,2.795675039291382
0391,4.1444,3.4476747512817383
0391,1.2839,2.031435489654541
0391,1.9883,1.830346703529358
0391,2.1672,1.8278968334197998
0391,2.2035,3.106346607208252
0391,3.5859,3.6822495460510254
0391,1.1317,1.7390648126602173
0391,1.4667,1.5895992517471313
0391,1.9686,2.3271777629852295
0391,3.4396,3.3733572959899902
0391,0.9362,1.794952154159546
0391,2.2402,2.613224506378174
0391,2.2451,2.5375194549560547
0391,1.6751,1.9590157270431519
0391,1.6778,1.8702623844146729
0391,1.8017,1.6635770797729492
0391,2.6428,3.205472707748413
0391,2.7021,3.167102575302124
0391,2.9093,2.725041627883911
0391,3.3177,3.205472707748413
0391,3.321,2.9713616371154785
0391,4.1158,4.015796661376953
0391,2.9565,3.346531867980957
0391,3.116,3.3901994228363037
0391,3.1373,3.8308730125427246
0391,3.8227,3.701347589492798
0391,3.8255,3.7528231143951416
0391,4.2448,4.419154167175293
0391,4.7138,4.620879650115967
0391,1.9306,2.3698859214782715
0391,2.0528,2.299283266067505
0391,2.0558,2.2209036350250244
0391,3.8394,3.607619047164917
0391,4.3762,4.639755725860596
0391,4.3817,4.56532621383667
0391,6.3051,5.253564357757568
0391,1.9411,4.034553050994873
0391,2.4204,3.9965710639953613
0391,2.6423,2.6406774520874023
0391,3.1245,3.2711713314056396
0391,4.5113,3.9965710639953613
0391,4.5145,3.713970184326172
0391,5.9641,5.601816654205322
0391,6.1295,5.540865421295166
0391,6.3153,6.4469075202941895
0391,2.9888,3.0959014892578125
0391,3.5304,2.674899101257324
0391,2.8316,3.0396673679351807
0391,3.1055,3.62255597114563
0391,3.1765,3.6368672847747803
0391,3.2389,3.3744451999664307
0391,3.3258,3.402212142944336
0391,1.3623,1.9353193044662476
0391,2.4864,3.213146924972534
0391,2.6895,2.7393229007720947
0391,3.0139,2.6853177547454834
0391,1.8276,2.8563122749328613
0391,2.462,2.6893482208251953
0391,2.9148,3.0055549144744873
0391,3.2384,3.0055549144744873
0391,4.7965,4.922215938568115
0391,4.8499,3.750730037689209
0391,4.9067,4.9328227043151855
0391,4.91,4.9325995445251465
0391,5.0275,4.919546127319336
0391,1.581,2.3048927783966064
0391,2.7295,3.168132781982422
0391,3.8747,3.115142822265625
0391,2.5856,3.0999362468719482
0391,2.6526,2.702744483947754
0391,3.0003,3.0934581756591797
0391,3.7028,3.856494188308716
0391,3.7716,3.828122854232788
0391,3.8933,2.5606863498687744
0391,4.2218,4.055427551269531
0391,4.2809,4.122766017913818
0391,5.2711,5.2191057205200195
0391,5.5119,5.00021505355835
0391,2.2413,4.859849452972412
0391,3.1442,2.950514554977417
0391,3.147,3.0591955184936523
0391,3.4992,3.383089065551758
0391,3.5045,3.302550792694092
0391,4.6012,4.178919792175293
0391,6.0048,6.250789165496826
0391,6.0781,6.223667144775391
0391,6.1554,6.264310359954834
0391,6.1554,2.087345838546753
0391,6.2069,6.195209503173828
0391,6.2708,6.181701183319092
0391,3.6158,3.7346158027648926
0391,4.1048,4.025396347045898
0391,2.7657,2.9236838817596436
0391,3.292,3.4530539512634277
0391,3.7063,3.2848095893859863
0391,4.4628,4.640235900878906
0391,4.6071,4.439650058746338
0391,1.9011,2.255797863006592
0391,3.1341,3.201357364654541
0391,3.2274,3.1084392070770264
0391,2.0236,2.8538095951080322
0391,2.8206,3.057596445083618
0391,3.2963,3.6184818744659424
0391,3.3144,2.644418716430664
0391,3.7262,3.549433708190918
0391,3.7291,3.589104175567627
0391,1.6037,2.056164264678955
0391,2.1846,1.986861228942871
0391,1.7635,1.9787988662719727
0391,2.4689,2.5715391635894775
0391,2.5281,2.543238401412964
0391,2.7247,2.5715391635894775
0391,3.0449,3.071619749069214
0391,3.0856,3.6395010948181152
0391,3.3214,3.023602247238159
0391,3.3214,3.0794644355773926
0391,4.3827,3.8035125732421875
0391,2.1363,2.941659450531006
0391,3.4426,3.09714674949646
0391,3.7617,3.6640186309814453
0391,4.4547,4.972912311553955
0391,4.9726,4.638966083526611
0391,5.1681,4.638966083526611
0391,2.6927,3.242952585220337
0391,3.2216,3.2152371406555176
0391,3.293,3.1991422176361084
0391,3.3479,2.9471898078918457
0391,2.7284,2.803056478500366
0391,2.8612,2.676661252975464
0391,2.5889,2.900228261947632
0391,3.2694,3.133601188659668
0391,3.2743,3.2141177654266357
0391,1.2344,1.0860368013381958
0391,4.0522,3.6100282669067383
0391,4.314,4.179760932922363
0391,4.3189,3.959132194519043
0391,5.1884,4.375030517578125
0391,2.4413,2.766975164413452
0391,2.6066,2.712085485458374
0391,3.1439,3.5183093547821045
0391,3.2961,3.4985146522521973
0391,3.8902,3.529984474182129
0391,4.8552,5.008238792419434
0391,5.1477,4.934674263000488
0391,1.17,1.290972113609314
0391,2.6087,2.747893810272217
0391,3.5137,3.05092191696167
0391,3.8614,3.8326663970947266
0391,3.9257,3.7930784225463867
0391,4.1962,3.70857834815979
0391,2.8001,2.804295063018799
0391,3.7384,3.2128870487213135
0391,4.0702,4.2319111824035645
0391,4.4848,3.6902334690093994
0391,5.4263,5.368869781494141
0391,5.7633,4.994349002838135
0391,3.1105,3.280754327774048
0391,3.3882,3.167221784591675
0391,3.3912,3.4778378009796143
0391,3.9707,3.601212978363037
0391,3.9734,3.7019400596618652
0391,4.1467,3.630897283554077
0391,4.1805,3.791416883468628
0391,4.3172,4.2240190505981445
0391,2.091,2.914073944091797
0391,2.3559,3.6739439964294434
0391,2.5294,3.6739439964294434
0391,3.1615,3.175438165664673
0391,3.2404,3.275212049484253
0391,4.2931,4.573866367340088
0391,2.2954,2.440030336380005
0391,2.3358,2.449887752532959
0391,3.0595,2.887502431869507
0391,3.1179,2.8531124591827393
0391,2.9567,2.8027384281158447
0391,3.3103,3.3376238346099854
0391,2.5502,2.7097156047821045
0391,2.7355,2.5651488304138184
0391,2.9384,3.1196205615997314
0391,3.1717,4.086585998535156
0391,3.7871,3.965282678604126
0391,1.2836,2.1117184162139893
0391,1.7253,1.8402626514434814
0391,3.2906,3.38826322555542
0391,3.662,3.3883957862854004
0391,2.4648,2.1791093349456787
0391,4.0403,4.128368854522705
0391,4.1159,4.209090232849121
0391,4.6753,4.576444625854492
0391,2.1854,1.536156177520752
0391,3.8548,2.8156824111938477
0391,4.0793,3.8486390113830566
0391,4.9739,4.438994884490967
0391,3.5743,3.9221675395965576
0391,3.6368,4.103302001953125
0391,4.4316,3.9221675395965576
0391,4.438,3.7867071628570557
0391,4.4428,3.7852251529693604
0391,2.2503,2.1301753520965576
0391,4.2802,4.308791160583496
0391,4.2857,4.301455974578857
0391,4.3169,4.341933727264404
0391,4.3199,4.308791160583496
0391,4.795,4.166689872741699
0391,4.9951,4.977801322937012
0391,4.998,5.016027927398682
0391,5.6445,4.773116111755371
0391,0.9897,1.730363368988037
0391,1.0648,1.575094223022461
0391,2.7,1.8494160175323486
0391,3.3292,3.6975035667419434
0391,4.456,4.683278560638428
0391,4.6838,4.544620037078857
0391,2.4703,2.166141986846924
0391,3.1503,3.356313467025757
0391,3.4352,3.5054445266723633
0391,3.4384,3.5575263500213623
0391,3.5012,3.3633980751037598
0391,3.5044,3.302550792694092
0391,1.7309,2.2258331775665283
0391,2.1817,2.0774853229522705
0391,2.2267,3.5315158367156982
0391,2.7107,2.802499294281006
0391,3.1836,3.269122362136841
0391,3.1864,3.2507646083831787
0391,3.2857,3.308445930480957
0391,3.364,3.3028485774993896
0391,3.3672,3.281207323074341
0391,3.4169,3.156090497970581
0391,3.4198,3.1103599071502686
0391,3.556,3.238960027694702
0391,3.8166,3.2466986179351807
0391,1.9095,2.088029384613037
0391,1.9941,1.9984230995178223
0391,2.0558,1.965903878211975
0391,2.6793,2.4647865295410156
0391,2.6977,2.586613893508911
0391,3.3541,3.862630605697632
0391,3.515,4.018013000488281
0391,3.7093,3.846090793609619
0391,3.8906,3.8885252475738525
0391,4.0498,3.890812635421753
0391,4.1238,3.862630605697632
0391,4.3484,4.089752674102783
0391,4.3534,4.104854583740234
0391,3.1102,3.3157591819763184
0391,2.1543,2.048725128173828
0391,2.9151,3.496225357055664
0391,2.9565,4.104928970336914
0391,2.9598,3.8824398517608643
0391,5.2609,3.3348677158355713
0391,0.5128,1.099990725517273
0391,2.7762,2.700932502746582
0391,2.7789,2.7350680828094482
0391,4.0063,3.858914852142334
0391,1.1013,1.72867751121521
0391,1.3471,1.0243498086929321
0391,2.9602,2.5488975048065186
0391,3.0509,3.313504457473755
0391,3.1953,3.2244739532470703
0391,3.4352,3.2590532302856445
0391,3.6316,3.1534829139709473
0391,4.0469,4.0835371017456055
0391,4.0513,3.9850833415985107
0391,1.6236,2.6098248958587646
0391,1.709,2.120698928833008
0391,1.7117,2.2853167057037354
0391,2.9772,2.0066654682159424
0391,2.9172,3.022472381591797
0391,3.0278,3.2014095783233643
0391,3.0759,3.152430534362793
0391,3.0797,3.167527437210083
0391,3.2391,2.992992877960205
0391,3.5428,3.3467462062835693
0391,3.7299,3.022472381591797
0391,4.3753,4.995184898376465
0391,2.3029,2.7072205543518066
0391,3.5069,3.880159616470337
0391,3.6337,3.981931209564209
0391,3.6385,3.981931209564209
0391,3.8044,3.866072177886963
0391,5.088,4.247717380523682
0391,5.4918,5.838746547698975
0391,5.5387,5.462798595428467
0391,5.5794,5.745341777801514
0391,6.3944,5.3804240226745605
0391,1.637,1.7655359506607056
0391,3.0603,3.2397093772888184
0391,3.0652,3.300198793411255
0391,3.1131,3.1494460105895996
0391,3.8093,3.6730051040649414
0391,4.4694,5.02021598815918
0391,5.9661,3.9019410610198975
0391,6.029,6.389978885650635
0391,1.5019,1.8237427473068237
0391,1.6891,1.5494718551635742
0391,2.0774,2.476848602294922
0391,4.6234,4.168397426605225
0391,4.6262,4.273143768310547
0391,0.4974,1.206782341003418
0391,3.3156,2.943391799926758
0391,1.4775,1.776082992553711
0391,2.664,2.798476219177246
0391,2.668,2.8338735103607178
0391,3.508,3.939892292022705
0391,3.5729,3.9420523643493652
0391,3.8376,3.8725147247314453
0391,4.5601,3.7636561393737793
0391,4.652,3.7595956325531006
0391,6.0128,5.351040840148926
0391,6.0177,5.404725551605225
0391,1.1064,1.3333985805511475
0391,1.235,1.2766237258911133
0391,1.7237,1.818677306175232
0391,4.0348,4.424254417419434
0391,4.1032,3.8343684673309326
0391,5.1418,4.951511383056641
0391,1.822,2.8440308570861816
0391,2.1251,1.491613507270813
0391,2.1985,2.403740406036377
0391,0.9636,1.6059637069702148
0391,1.4789,1.3794617652893066
0391,1.5903,1.1014691591262817
0391,2.6908,3.0461924076080322
0391,2.6935,3.1795361042022705
0391,3.2001,2.9689462184906006
0391,2.636,2.8632583618164062
0391,2.8063,3.175532817840576
0391,3.1847,3.0581071376800537
0391,3.9472,3.9487392902374268
0391,4.0217,3.7923409938812256
0391,1.9432,2.1851537227630615
0391,2.1564,2.041614532470703
0391,2.5913,2.334749937057495
0391,2.6423,2.9941039085388184
0391,3.396,3.879136800765991
0391,1.3573,1.780808448791504
0391,1.5193,1.6370807886123657
0391,5.8181,5.599493980407715
0391,4.3457,4.201903820037842
0391,4.5529,4.158591270446777
0391,1.6051,2.0740742683410645
0391,2.1672,1.9971671104431152
0391,2.2394,1.9688421487808228
0391,2.3345,1.9509552717208862
0391,5.2693,5.083915710449219
0391,5.272,5.109765529632568
0391,1.3177,1.9752012491226196
0391,1.9874,2.155398368835449
0391,3.2881,4.121691703796387
0391,3.5975,4.016912937164307
0391,3.8088,3.3445067405700684
0391,3.9306,4.016912937164307
0391,4.2,3.8527517318725586
0391,5.161,3.7784783840179443
0391,4.5469,4.926498889923096
0391,1.4536,1.4234321117401123
0391,2.7602,2.8575382232666016
0391,4.0321,4.207899570465088
0391,4.3226,4.05483865737915
0391,2.0832,2.2700159549713135
0391,2.3885,2.1198196411132812
0391,6.6116,6.826376438140869
0391,6.7436,6.822807788848877
0391,7.3032,6.645257949829102
0391,2.1091,2.2332961559295654
0391,2.3417,2.3615219593048096
0391,2.3467,2.858198404312134
0391,3.4175,3.3678622245788574
0391,3.6433,2.3615219593048096
0391,3.8643,3.4621124267578125
0391,3.9855,3.4621124267578125
0391,0.4701,0.8962557911872864
0391,3.5767,3.5908327102661133
0391,5.2651,4.644812107086182
0391,2.035,2.2442245483398438
0391,3.1432,2.863706588745117
0391,4.2801,3.8452439308166504
0391,5.2928,4.9961090087890625
0391,1.2384,1.5884898900985718
0391,1.5705,1.314399003982544
0391,2.2212,2.6740541458129883
0391,2.2686,2.298335313796997
0391,2.4248,3.4633915424346924
0391,3.4599,3.3919923305511475
0391,3.4645,3.4488704204559326
0391,3.7165,2.298335313796997
0391,0.6751,1.1344664096832275
0391,0.9899,1.1344664096832275
0391,3.0054,3.5944344997406006
0391,3.0087,3.5764687061309814
0391,3.1242,3.512854814529419
0391,3.4516,3.3873398303985596
0391,3.8097,3.225733995437622
0391,1.9292,2.014328718185425
0391,2.0811,1.966023564338684
0391,1.393,2.077519416809082
0391,2.7801,2.5489773750305176
0391,1.7537,1.91110098361969
0391,2.0086,1.91110098361969
0391,2.0978,5.255666255950928
0391,2.1625,2.1974899768829346
0391,2.2321,2.1974899768829346
0391,2.8738,3.3111205101013184
0391,3.2732,3.3368895053863525
0391,3.3624,3.3368895053863525
0391,5.0106,3.5842344760894775
0391,0.4676,1.7731364965438843
0391,3.3749,3.6141715049743652
0391,3.6271,3.4055240154266357
0391,4.5835,4.302951335906982
0391,4.8172,4.808842658996582
0391,3.403,3.4177420139312744
0391,1.316,2.7017085552215576
0391,3.3033,2.5547475814819336
0391,4.5612,4.368782043457031
0391,1.7342,2.647444725036621
0391,2.0596,2.333202838897705
0391,2.0628,2.346501111984253
0391,2.4181,2.248107671737671
0391,4.5615,5.260344505310059
0391,1.9269,2.5449886322021484
0391,2.3381,2.352607250213623
0391,3.0234,2.929370164871216
0391,3.9337,3.826420783996582
0391,3.9629,3.889153242111206
0391,3.9684,3.8968493938446045
0391,4.1655,4.073334217071533
0391,5.3263,4.704151153564453
0391,5.5653,5.371082782745361
0391,5.874,5.257349014282227
0391,1.4536,1.0546925067901611
0391,1.7105,1.6855887174606323
0391,3.1472,2.804818630218506
0391,3.5116,3.995454788208008
0391,3.9021,4.706040382385254
0391,3.9923,3.8045787811279297
0391,4.664,4.706040382385254
0391,4.7278,4.544155597686768
0391,4.8645,4.5042219161987305
0391,4.9328,4.427182197570801
0391,1.2932,1.1876152753829956
0391,3.1654,3.2070279121398926
0391,3.1687,3.2661023139953613
0391,3.2001,3.074154853820801
0391,3.4746,2.9206507205963135
0391,4.351,5.028323650360107
0391,4.354,4.8546576499938965
0391,6.1039,4.300246238708496
0391,1.9494,2.5495028495788574
0391,3.5543,3.5168561935424805
0391,4.9792,4.458249568939209
0391,3.0623,3.1252212524414062
0391,3.1766,3.1760401725769043
0391,3.5195,3.901674509048462
0391,1.4038,2.040592908859253
0391,1.9709,1.849979043006897
0391,2.2447,2.545441150665283
0391,2.7964,2.682361602783203
0391,4.1856,4.183311939239502
0391,6.1467,5.451444149017334
0391,6.1517,5.5116190910339355
0391,3.4237,4.711073875427246
0391,4.3631,4.441418170928955
0391,5.7349,3.6203856468200684
0391,3.5813,4.039091110229492
0391,3.8635,3.8231077194213867
0391,4.1041,3.697335958480835
0391,4.258,3.7125754356384277
0391,5.8508,6.623175144195557
0391,6.3795,6.54035758972168
0391,6.7088,6.480713844299316
0391,6.7863,6.543389320373535
0391,6.925,6.555476188659668
0391,7.015,6.54035758972168
0391,1.6637,1.9556043148040771
0391,1.6788,2.4753005504608154
0391,2.0793,2.0264787673950195
0391,2.3302,3.558818817138672
0391,3.175,3.631223678588867
0391,4.1698,3.810237169265747
0391,2.7714,3.271993398666382
0391,4.1799,4.1939592361450195
0391,6.5376,5.9492621421813965
0391,1.3141,1.8824000358581543
0391,2.1056,2.541353464126587
0391,3.6258,3.398202657699585
0391,3.7501,3.2964155673980713
0391,4.428,4.4880452156066895
0391,4.5212,4.406397342681885
0391,4.5987,4.177517890930176
0391,1.7876,1.819547176361084
0391,3.0106,3.0853066444396973
0391,3.126,3.6405744552612305
0391,3.4174,3.7966248989105225
0391,3.6313,3.7379705905914307
0391,2.7745,3.237778663635254
0391,4.2608,4.215404987335205
0391,4.4586,4.1932244300842285
0391,5.0443,4.42213249206543
0391,2.3576,2.7190260887145996
0391,2.6647,3.0280938148498535
0391,4.3545,3.9156157970428467
0391,5.1668,3.982428789138794
0391,1.4786,1.8070300817489624
0391,2.4164,3.6786341667175293
0391,2.9124,2.1492671966552734
0391,2.9537,3.4517831802368164
0391,3.0749,3.393653631210327
0391,3.2714,3.1956560611724854
0391,3.2746,3.195763111114502
0391,3.2773,3.335465669631958
0391,3.285,2.999871015548706
0391,3.2897,3.075793504714966
0391,3.4152,3.0070223808288574
0391,3.7148,3.23866868019104
0391,3.8289,3.233220338821411
0391,3.9569,3.414872646331787
0391,3.9596,3.507816791534424
0391,2.4853,3.664691686630249
0391,3.7324,3.875777006149292
0391,3.9202,3.842261552810669
0391,3.9231,3.8133270740509033
0391,1.8802,1.737365484237671
0391,1.935,1.7305033206939697
0391,1.9378,1.6586663722991943
0391,2.0784,2.474139928817749
0391,3.0665,3.2062032222747803
0391,3.3764,3.37906551361084
0391,4.1294,4.048062324523926
0391,0.9946,1.070818305015564
0391,2.5306,2.429880380630493
0391,2.8259,2.7428598403930664
0391,1.8881,2.4278860092163086
0391,3.4277,3.4135286808013916
0391,3.9508,4.595825672149658
0391,5.2252,4.542363166809082
0391,1.617,2.684638738632202
0391,5.071,4.905780792236328
0391,5.1527,4.803211212158203
0391,5.2699,4.640255928039551
0391,2.0808,1.7895737886428833
0391,2.2543,2.9998364448547363
0391,2.257,2.9998364448547363
0391,5.396,4.983536720275879
0391,2.4292,4.321774005889893
0391,2.4944,2.7848901748657227
0391,2.9006,3.4402945041656494
0391,3.2039,2.679933547973633
0391,3.4279,3.3221681118011475
0391,3.57,4.249217510223389
0391,4.5436,4.0076985359191895
0391,4.9198,3.920675754547119
0391,4.9226,3.852783203125
0391,2.0084,3.032118558883667
0391,3.0689,3.6630568504333496
0391,3.265,3.6470444202423096
0391,3.4411,3.467210531234741
0391,3.5098,3.5126726627349854
0391,3.5147,3.5414624214172363
0391,3.5381,3.5357882976531982
0391,3.6066,3.5357882976531982
0391,3.9484,3.410200357437134
0391,4.0318,3.400722026824951
0391,4.3587,3.3719639778137207
0391,3.5279,3.5340654850006104
0391,3.6331,3.4494407176971436
0391,3.6581,4.329681873321533
0391,4.1873,4.217565059661865
0391,4.1912,4.370483875274658
0391,1.2407,1.2877408266067505
0391,1.3466,2.6531760692596436
0391,2.9468,3.200448989868164
0391,5.0977,5.404140472412109
0391,6.4847,4.0019145011901855
0391,1.6155,1.58574378490448
0391,1.6631,2.4027483463287354
0391,3.9898,3.4320240020751953
0391,3.0,2.8021326065063477
0391,3.6776,3.68377947807312
0391,4.8641,3.4137089252471924
0391,4.0215,5.130543231964111
0391,3.268,2.9535534381866455
0391,3.77,3.642082452774048
0391,3.7733,3.5687663555145264
0391,3.8685,3.508700132369995
0391,2.6342,3.3948986530303955
0391,2.7902,3.31880521774292
0391,0.8241,1.4922209978103638
0391,0.9341,1.3355557918548584
0391,0.9494,1.2793476581573486
0391,3.1028,2.764800548553467
0391,3.4335,3.5247247219085693
0391,0.9694,0.6342940330505371
0391,1.9546,1.369850516319275
0391,2.6633,2.805854558944702
0391,3.0372,3.421536684036255
0391,3.2743,3.157802104949951
0391,3.2776,3.0219104290008545
0391,4.1425,4.391953945159912
0391,0.613,0.7830512523651123
0391,0.6169,0.7344846725463867
0391,1.9729,1.9980387687683105
0391,2.0593,4.913845539093018
0391,3.9692,3.7150673866271973
0391,4.0056,3.7150673866271973
0391,5.0199,3.318789005279541
0391,1.6665,1.8180556297302246
0391,2.0048,2.625478744506836
0391,2.9404,3.040179491043091
0391,0.9642,1.6323057413101196
0391,3.0159,2.995558977127075
0391,3.0219,2.956773042678833
0391,3.0934,2.9020137786865234
0391,3.6633,4.1401777267456055
0391,4.3122,4.65580940246582
0391,4.935,4.5212507247924805
0391,1.8072,2.543257713317871
0391,2.4652,3.628753423690796
0391,2.5221,2.4384727478027344
0391,2.6317,2.8030707836151123
0391,3.1182,3.421251058578491
0391,3.1182,2.1745595932006836
0391,3.2204,2.8983633518218994
0391,3.3303,3.3022773265838623
0391,3.3332,3.242494583129883
0391,3.3332,2.509099245071411
0391,0.4974,0.8403454422950745
0391,1.2526,1.941145896911621
0391,1.8642,2.09328556060791
0391,2.2507,2.2666051387786865
0391,2.3246,2.3176705837249756
0391,2.46,2.2122881412506104
0391,3.3091,3.368464231491089
0391,1.7522,1.617053747177124
0391,4.3826,3.7091383934020996
0391,5.0186,4.753985404968262
0391,1.6779,2.9436843395233154
0391,2.6886,3.0244662761688232
0391,2.7795,2.700932502746582
0391,4.5886,4.555397987365723
0391,6.4781,5.948574542999268
0391,1.7447,2.022616386413574
0391,2.0557,1.9691638946533203
0391,2.9344,3.192763090133667
0391,3.1773,3.1819000244140625
0391,5.0002,3.665637731552124
0391,2.3607,2.5917978286743164
0391,2.9934,3.2322046756744385
0391,3.3917,3.068556070327759
0391,3.5041,3.072190761566162
0391,3.5089,3.072190761566162
0391,2.2522,2.1894619464874268
0391,3.738,4.1719841957092285
0391,4.1612,3.9647650718688965
0391,3.1022,3.904716968536377
0391,3.8508,3.661935329437256
0391,4.0983,4.144156455993652
0391,4.1317,3.32621431350708
0391,5.4753,4.3007378578186035
0391,5.8703,5.851678848266602
0391,5.8737,5.846126556396484
0391,6.0682,5.774560451507568
0391,1.6994,2.7627875804901123
0391,2.1133,2.381218671798706
0391,2.1161,2.3381149768829346
0391,2.291,2.407982587814331
0391,2.3425,2.51362681388855
0391,3.6756,3.4991118907928467
0391,3.825,4.374650001525879
0391,4.3984,4.117158889770508
0391,4.4831,3.9996440410614014
0391,2.0281,2.3119795322418213
0391,3.1443,2.9746007919311523
0391,3.2074,3.378593921661377
0391,3.4803,3.310875654220581
0391,4.1691,4.064934730529785
0391,4.1724,4.106448173522949
0391,0.6672,0.7380419969558716
0391,0.8948,1.225136399269104
0391,3.624,2.904564142227173
0391,5.5832,5.492067337036133
0391,1.7499,2.308701276779175
0391,2.3807,2.7561585903167725
0391,3.3485,3.2043917179107666
0391,3.3515,3.138108730316162
0391,4.498,4.31877326965332
0391,4.5007,4.334132194519043
0391,2.1791,3.2375707626342773
0391,4.0567,4.15144681930542
0391,4.5014,4.335206508636475
0391,1.5974,1.7684069871902466
0391,2.162,2.676333427429199
0391,2.9724,2.54526424407959
0391,3.1123,3.260549783706665
0391,0.8632,1.5575931072235107
0391,3.6629,4.223076343536377
0391,3.9544,4.13917350769043
0391,2.0331,2.341150999069214
0391,2.5556,2.465153455734253
0391,4.8293,3.9536447525024414
0391,5.7903,4.510457515716553
0391,2.6892,3.095573902130127
0391,3.1921,3.3284103870391846
0391,4.1507,4.062010765075684
0391,2.4753,2.630507707595825
0391,2.5442,2.7320632934570312
0391,6.6899,6.152053356170654
0391,6.8132,6.157079219818115
0391,1.7522,1.4868037700653076
0391,3.9892,2.89848256111145
0391,5.0047,4.399744510650635
0391,1.3426,1.1793467998504639
0391,1.5709,1.772296667098999
0391,1.5709,2.0335512161254883
0391,1.8394,1.772296667098999
0391,2.2778,1.7731660604476929
0391,3.4513,3.5772905349731445
0391,3.5458,2.4713103771209717
0391,3.7067,3.421060562133789
0391,3.83,3.9608023166656494
0391,1.7199,1.931784987449646
0391,1.8812,1.9383845329284668
0391,2.1938,2.5562727451324463
0391,2.4789,6.459324836730957
0391,2.6618,3.0609240531921387
0391,3.886,3.4787843227386475
0391,6.2375,4.963991165161133
0391,6.3995,4.682405471801758
0391,3.2255,3.374903440475464
0391,3.2331,2.702746868133545
0391,3.2813,3.397101879119873
0391,3.2863,3.4083287715911865
0391,3.2913,2.9521119594573975
0391,3.2963,3.0303421020507812
0391,3.4125,3.43263578414917
0391,3.912,4.036221504211426
0391,3.9809,3.319652795791626
0391,4.11,4.036221504211426
0391,1.7272,2.3120343685150146
0391,3.4658,3.722336769104004
0391,4.0218,4.012789726257324
0391,4.0251,4.038941860198975
0391,1.7406,1.8014435768127441
0391,3.1094,3.164463520050049
0391,4.053,4.104341506958008
0391,0.8865,0.704692542552948
0391,3.0251,3.0976009368896484
0391,3.7699,3.60054349899292
0391,3.9836,3.6515066623687744
0391,1.5176,1.6521695852279663
0391,1.6744,1.6519297361373901
0391,1.6744,1.8283621072769165
0391,1.8581,1.8237265348434448
0391,2.2913,2.401475667953491
0391,2.4438,2.367312431335449
0391,2.9722,2.2858593463897705
0391,3.0361,3.2170255184173584
0391,3.0388,3.1930348873138428
0391,4.4192,3.859830617904663
0391,4.4231,3.8190879821777344
0391,2.1957,1.7337700128555298
0391,2.8389,2.5009398460388184
0391,1.5563,1.9634265899658203
0391,1.9201,2.3071696758270264
0391,3.051,3.328432083129883
0391,4.1134,4.210875034332275
0391,4.8993,3.5716631412506104
0391,1.4618,1.6076958179473877
0391,1.4911,2.5004866123199463
0391,1.5571,1.478158712387085
0391,1.5599,1.5224559307098389
0391,2.0291,2.4996092319488525
0391,3.0529,3.328366994857788
0391,3.115,3.094059705734253
0391,4.2536,4.325949668884277
0391,5.2394,3.9228546619415283
0391,0.465,0.6637091040611267
0391,2.13,2.964717388153076
0391,5.4853,5.473677158355713
0391,1.2447,1.8628252744674683
0391,1.248,1.8473224639892578
0391,2.5759,2.6194725036621094
0391,2.6258,2.6268563270568848
0391,2.9208,2.6388795375823975
0391,2.9257,2.711261034011841
0391,3.1319,3.0508978366851807
0391,3.1793,3.356045722961426
0391,3.3269,3.2657272815704346
0391,3.4063,2.852513313293457
0391,0.6394,1.6784906387329102
0391,1.5087,1.549232840538025
0391,1.5593,1.4647952318191528
0391,1.9171,1.5147346258163452
0391,3.0727,3.8420467376708984
0391,4.2874,3.592574119567871
0391,1.5136,1.4369601011276245
0391,4.0765,4.759741306304932
0391,4.5341,4.517572402954102
0391,3.2663,3.2288339138031006
0391,3.2711,3.231466293334961
0391,3.3095,3.2690327167510986
0391,3.3282,3.0499444007873535
0391,1.9255,2.2396411895751953
0391,1.9283,2.2548961639404297
0391,2.2672,2.473360061645508
0391,2.4095,2.938396692276001
0391,3.68,3.943077802658081
0391,1.4404,2.2144529819488525
0391,2.83,2.958081007003784
0391,3.5395,2.905041217803955
0391,0.5168,1.2388641834259033
0391,0.5431,1.214942455291748
0391,1.0098,1.1234889030456543
0391,3.0122,3.5012331008911133
0391,1.2155,1.5991934537887573
0391,2.2359,3.012521505355835
0391,2.6863,2.5654499530792236
0391,2.9257,3.1986541748046875
0391,4.4333,3.8035523891448975
0391,4.443,4.2470269203186035
0391,4.6695,4.246731281280518
0391,3.222,3.2666144371032715
0391,1.3446,2.117720127105713
0391,2.7,1.9712255001068115
0391,4.9683,4.6699419021606445
0391,2.6596,2.345837354660034
0391,6.3319,6.342759609222412
0391,1.133,1.4305230379104614
0391,1.9633,1.868835687637329
0391,2.547,2.867250680923462
0391,2.5693,2.8006057739257812
0391,2.8124,2.867250680923462
0391,3.1883,2.7220256328582764
0391,5.4504,4.666701793670654
0391,0.7988,0.7950705289840698
0391,2.2138,2.065969467163086
0391,2.2545,1.983579158782959
0391,2.303,2.046311378479004
0391,0.511,1.1563175916671753
0391,3.1564,2.662572145462036
0391,3.9828,4.008849620819092
0391,5.4634,4.8929524421691895
0391,1.8399,2.8792269229888916
0391,2.4594,2.570369005203247
0391,3.7757,1.9612009525299072
0391,5.1614,4.429322719573975
0391,3.0876,3.4683945178985596
0391,3.3335,2.4651999473571777
0391,3.5079,3.3203978538513184
0391,3.5378,3.9030678272247314
0391,4.0155,3.881009101867676
0391,2.425,2.509320020675659
0391,2.6916,3.053980827331543
0391,2.7058,3.2208175659179688
0391,3.1211,2.7693872451782227
0391,5.0174,4.596188545227051
0391,5.0206,4.483224391937256
0391,6.3872,4.948323726654053
0391,1.8563,2.8905436992645264
0391,2.0521,2.7466793060302734
0391,2.057,1.984095573425293
0391,2.4606,2.540912628173828
0391,2.4638,2.5909605026245117
0391,1.275,1.8411357402801514
0391,1.6437,1.7698971033096313
0391,2.9235,3.1258955001831055
0391,3.3608,3.775722026824951
0391,1.4947,1.602404236793518
0391,1.805,2.302786111831665
0391,1.8962,1.5013421773910522
0391,2.4936,2.20102858543396
0391,2.6166,3.2609260082244873
0391,2.9355,2.4932713508605957
0391,3.5125,4.372816562652588
0391,4.4821,3.9958577156066895
0391,4.6364,4.122726917266846
0391,0.9542,1.2605727910995483
0391,1.8272,2.674071788787842
0391,4.7371,4.393082141876221
0391,5.5544,5.4938130378723145
0391,2.3594,2.6978909969329834
0391,2.8305,3.159762144088745
0391,3.24,2.784507989883423
0391,3.7799,3.7760229110717773
0391,5.2268,5.548541069030762
0391,5.5925,5.389847755432129
0391,5.7998,5.27217435836792
0391,3.3875,2.9153389930725098
0391,3.6592,4.062660217285156
0391,3.6625,4.011649131774902
0391,3.7329,2.489069700241089
0391,3.8213,4.198198318481445
0391,4.2633,3.829561233520508
0391,4.7129,3.6971962451934814
0391,4.8139,4.68159818649292
0391,4.8167,4.710389137268066
0391,3.9599,4.275527000427246
0391,0.4797,1.3450050354003906
0391,1.1675,0.9759732484817505
0391,2.3977,3.182208776473999
0391,2.4009,2.9743993282318115
0391,3.2523,3.304102897644043
0391,3.392,3.5707485675811768
0391,3.7227,3.3628616333007812
0391,4.2562,4.867173671722412
0391,5.274,4.022692680358887
0391,2.0376,2.1400887966156006
0391,3.5871,3.5012331008911133
0391,3.222,3.129274845123291
0391,3.2253,3.3110904693603516
0391,3.2253,3.2295546531677246
0391,3.3219,3.2744131088256836
0391,3.777,3.1712942123413086
0391,0.6225,1.1468511819839478
0391,1.2406,1.1019818782806396
0391,2.4991,2.737550973892212
0391,1.6693,1.905045509338379
0391,2.9622,3.091615915298462
0391,2.9649,3.1346595287323
0391,2.4691,2.867250680923462
0391,2.5457,2.803488254547119
0391,2.5672,2.8006057739257812
0391,2.6641,2.93472957611084
0391,2.7445,2.885241985321045
0391,2.7445,2.878054618835449
0391,2.8134,2.7689599990844727
0391,2.8287,2.8885903358459473
0391,3.191,2.7608089447021484
0391,4.9718,4.794777870178223
0391,5.6574,3.7108356952667236
0391,0.9545,1.69382643699646
0391,2.463,1.8208810091018677
0391,3.567,3.463789701461792
0391,2.6164,2.7285516262054443
0391,2.8468,2.108079195022583
0391,1.6948,1.8486143350601196
0391,1.8223,2.0147128105163574
0391,1.8256,2.050049304962158
0391,2.2553,2.2520129680633545
0391,2.4234,2.4458980560302734
0391,3.4964,3.767831802368164
0391,3.6961,3.640462636947632
0391,3.8795,3.4787843227386475
0391,3.8844,3.495072603225708
0391,5.3929,4.593755722045898
0391,1.1941,1.661269187927246
0391,2.898,2.832934617996216
0391,3.3689,2.6556894779205322
0391,4.4998,3.1920526027679443
0391,5.0589,5.2264180183410645
0391,5.0623,5.14146614074707
0391,5.4993,5.143191814422607
0391,6.4862,6.890077114105225
0391,6.614,6.890077114105225
0391,6.7566,6.822043418884277
0391,7.3013,6.645257949829102
0391,2.2563,2.385526180267334
0391,2.2596,2.378115653991699
0391,2.9626,2.916597843170166
0391,3.0715,3.0548622608184814
0391,4.0588,4.171774387359619
0391,4.0394,4.0590033531188965
0391,3.3089,2.815507411956787
0391,3.5574,3.7447400093078613
0391,3.6149,3.7747983932495117
0391,3.7582,3.696115255355835
0391,3.8299,3.7447400093078613
0391,1.7403,2.006481409072876
0391,6.6458,5.766175270080566
0391,3.0106,2.7794981002807617
0391,3.2042,3.1980082988739014
0391,3.9023,3.8437588214874268
0391,1.7454,2.1130309104919434
0391,2.7427,2.668048858642578
0391,1.7655,2.071794033050537
0391,2.3704,2.2014124393463135
0391,1.6122,2.076853036880493
0391,2.0408,1.9737648963928223
0391,2.0457,2.0146777629852295
0391,2.1803,2.325890064239502
0391,2.6429,3.030067205429077
0391,2.7574,3.1035633087158203
0391,2.9792,3.0261058807373047
0391,2.0169,2.446831226348877
0391,2.1738,2.446831226348877
0391,2.4547,2.704169273376465
0391,3.4402,3.405857801437378
0391,3.7364,3.8794567584991455
0391,3.7392,3.8547000885009766
0391,3.9528,3.0834391117095947
0391,6.1584,6.0309882164001465
0391,0.851,2.3682045936584473
0391,2.5687,2.149860143661499
0391,2.6273,2.0520083904266357
0391,2.677,2.424837112426758
0391,2.9263,2.023530960083008
0391,3.1111,1.9594924449920654
0391,3.3709,3.5036568641662598
0391,4.1171,4.496562480926514
0391,4.2204,4.311591625213623
0391,4.2285,4.2338666915893555
0391,4.2371,4.226395606994629
0391,1.602,1.4263273477554321
0391,3.2925,3.4945216178894043
0391,3.3573,3.389564275741577
0391,3.4707,3.59957218170166
0391,4.7852,4.264911651611328
0391,2.3309,2.5959184169769287
0391,2.3309,3.0586957931518555
0391,4.7708,5.137416839599609
0391,0.7719,1.1830211877822876
0391,4.159,4.2325544357299805
0391,4.1624,4.271380424499512
0391,4.4472,4.213778972625732
0391,4.4506,4.100272178649902
0391,1.6316,1.6628631353378296
0391,1.6343,1.7226550579071045
0391,2.4907,3.1315109729766846
0391,2.7702,2.0145087242126465
0391,3.1852,3.1667966842651367
0391,3.1883,3.1315109729766846
0391,3.1883,3.0042595863342285
0391,1.4809,1.8286601305007935
0391,2.8473,2.829144239425659
0391,3.6841,3.0264925956726074
0391,4.1601,4.0688700675964355
0391,4.4648,3.6766014099121094
0391,4.6227,3.787510871887207
0391,5.3153,4.615494728088379
0391,1.4077,2.0345406532287598
0391,2.2498,2.9810662269592285
0391,2.8756,3.4363365173339844
0391,4.221,3.5076000690460205
0391,4.3265,3.90399169921875
0391,4.4079,3.8764774799346924
0391,4.5579,4.283261775970459
0391,2.6828,2.5142157077789307
0391,5.0648,4.55180025100708
0391,5.1623,3.9742207527160645
0391,3.0973,3.655404806137085
0391,3.2128,3.3891103267669678
0391,4.0624,3.485107660293579
0391,4.3035,3.485107660293579
0391,4.3064,3.485107660293579
0391,2.5723,2.968156576156616
0391,3.2015,3.0263707637786865
0391,0.9107,1.1975291967391968
0391,0.9563,0.974835216999054
0391,1.1603,1.1528754234313965
0391,3.8988,2.868682861328125
0391,1.6253,1.633284568786621
0391,1.6337,1.7077109813690186
0391,4.1723,3.644080400466919
0391,4.3177,4.240302085876465
0391,4.5314,4.4648661613464355
0391,3.0694,3.626842498779297
0391,3.4021,3.6736180782318115
0391,3.7109,3.4743096828460693
0391,4.617,4.740438938140869
0391,7.0412,5.861969947814941
0391,2.095,2.537118434906006
0391,2.2,2.537118434906006
0391,2.2029,2.3543589115142822
0391,4.3058,4.4673848152160645
0391,4.3092,4.474048137664795
0391,2.114,2.470566511154175
0391,2.3556,4.378807544708252
0391,2.8556,2.2087090015411377
0391,3.0859,3.06467604637146
0391,3.4891,2.711703062057495
0391,4.3457,3.5143163204193115
0391,4.6779,4.810297012329102
0391,5.4022,4.3961615562438965
0391,3.3302,3.1921889781951904
0391,3.5345,3.3719639778137207
0391,2.5768,2.833270311355591
0391,2.8111,2.5836193561553955
0391,3.7545,3.353405475616455
0391,4.0571,3.8896431922912598
0391,4.609,4.817652225494385
0391,4.6341,5.323304176330566
0391,5.2529,4.820562839508057
0391,2.8009,2.694525718688965
0391,3.4995,2.686573028564453
0391,3.7926,4.428546905517578
0391,4.3176,2.309002161026001
0391,1.806,2.068202018737793
0391,3.8251,3.9408278465270996
0391,3.7335,3.8877997398376465
0391,3.8207,3.8210299015045166
0391,3.8236,3.8210299015045166
0391,4.4995,3.9287428855895996
0391,3.1266,4.00534725189209
0391,3.4579,4.059634685516357
0391,0.6102,0.47433894872665405
0391,0.7877,1.68430757522583
0391,1.1907,1.6775844097137451
0391,2.0476,2.395451068878174
0391,2.1277,2.220825672149658
0391,2.2129,2.395451068878174
0391,2.9911,3.772246837615967
0391,3.9387,3.5362884998321533
0391,4.0961,3.6024258136749268
0391,4.3179,3.5497233867645264
0391,2.7692,2.823106288909912
0391,2.9316,3.1942310333251953
0391,2.9343,3.2048628330230713
0391,3.174,3.2048628330230713
0391,3.2267,3.1942310333251953
0391,4.2782,4.585272312164307
0391,4.7896,5.08912992477417
0391,5.3304,4.71176815032959
0391,2.3125,2.486745595932007
0391,2.3157,2.590226411819458
0391,2.3339,3.1039934158325195
0391,2.727,2.2511637210845947
0391,2.8484,3.451540946960449
0391,2.8754,2.486745595932007
0391,3.4247,3.255657434463501
0391,4.4927,2.9702811241149902
0391,0.7163,1.2727017402648926
0391,1.9749,1.7401105165481567
0391,2.0804,1.8904051780700684
0391,3.6463,3.5356640815734863
0391,0.798,1.1788549423217773
0391,2.8167,2.9228224754333496
0391,2.8195,2.9228224754333496
0391,3.3013,3.6142032146453857
0391,3.6517,3.4169676303863525
0391,2.0368,2.54719614982605
0391,4.9778,4.765110015869141
0391,5.0499,4.772982597351074
0391,5.0539,4.803311347961426
0391,0.9557,1.2605727910995483
0391,1.8957,1.9831597805023193
0391,3.5021,4.372209072113037
0391,3.6022,4.372209072113037
0391,3.605,4.14042854309082
0391,4.9765,4.363315105438232
0391,6.1234,3.463644504547119
0391,1.6065,1.670307993888855
0391,2.3286,3.0651605129241943
0391,4.3583,3.114255905151367
0391,1.2423,1.6485819816589355
0391,3.9062,3.903268337249756
0391,3.9062,3.698859214782715
0391,4.7434,5.827316761016846
0391,5.4294,5.424137115478516
0391,5.8783,5.2706217765808105
0391,1.8512,2.0671286582946777
0391,1.9355,2.758760929107666
0391,1.967,2.0068325996398926
0391,2.0416,2.067490339279175
0391,2.1281,1.9855971336364746
0391,2.1997,2.067490339279175
0391,3.8077,3.8941805362701416
0391,3.8168,3.947519540786743
0391,2.0351,2.424140691757202
0391,2.1524,2.2418630123138428
0391,2.526,2.2432260513305664
0391,2.8661,2.8964312076568604
0391,4.0007,5.741489410400391
0391,4.0334,3.9864163398742676
0391,6.9577,5.741489410400391
0391,7.0486,5.329631328582764
0391,2.1171,2.197798252105713
0391,2.6809,3.000762939453125
0391,2.8807,2.8237593173980713
0391,4.1806,3.9167494773864746
0391,2.8733,3.4587514400482178
0391,2.8767,3.4860997200012207
0391,3.6165,4.688172340393066
0391,3.6196,3.940262794494629
0391,4.8099,3.0493273735046387
0391,4.8099,4.1534318923950195
0391,5.2608,4.1534318923950195
0391,2.0773,2.2991700172424316
0391,2.2963,2.1991641521453857
0391,2.7077,2.7448930740356445
0391,6.0334,5.716713905334473
0391,0.5337,0.8528883457183838
0391,3.2835,3.5060110092163086
0391,3.2884,3.5101699829101562
0391,3.906,3.612020254135132
0391,3.9109,3.4996819496154785
0391,1.8266,1.8363966941833496
0391,3.0366,3.5593416690826416
0391,4.0902,3.4935686588287354
0391,4.0931,3.4958279132843018
0391,1.6504,1.7330597639083862
0391,1.8126,1.6969308853149414
0391,1.9062,1.6593526601791382
0391,2.4962,2.927642583847046
0391,2.6669,2.8044114112854004
0391,2.7267,3.0305330753326416
0391,6.7625,6.74807071685791
0391,6.7676,6.759216785430908
0391,1.4653,2.535167932510376
0391,1.8939,2.007711172103882
0391,2.4973,2.973095417022705
0391,2.7848,3.49831223487854
0391,0.5821,1.447668194770813
0391,2.551,2.6302032470703125
0391,3.0793,2.904170274734497
0391,3.6175,4.206964492797852
0391,4.0689,4.206964492797852
0391,4.7055,4.155951023101807
0391,2.9276,3.0369796752929688
0391,3.4449,3.1192665100097656
0391,1.9251,2.159419298171997
0391,1.9278,2.159419298171997
0391,1.9539,2.141105890274048
0391,1.9567,2.0785937309265137
0391,1.996,2.1521780490875244
0391,2.1256,2.205382823944092
0391,2.6477,2.5569229125976562
0391,4.3369,4.075314521789551
0391,4.3402,4.072964191436768
0391,1.4713,2.6341729164123535
0391,2.1252,2.37497878074646
0391,2.5042,2.335983991622925
0391,2.6983,2.828831911087036
0391,3.0039,2.6341729164123535
0391,3.9295,4.2203593254089355
0391,3.3521,2.830350399017334
0391,4.6288,4.5137152671813965
0391,2.7682,2.579007387161255
0391,2.9119,2.535167694091797
0391,3.9032,3.3254382610321045
0391,3.674,3.7920749187469482
0391,3.8337,3.482382297515869
0391,1.3054,3.0329153537750244
0391,2.7949,3.1362497806549072
0391,2.8741,3.516042470932007
0391,2.952,3.067805290222168
0391,2.9569,3.0909924507141113
0391,3.048,3.103241443634033
0391,2.2672,2.106102705001831
0391,2.7791,2.8383302688598633
0391,3.3699,3.5647928714752197
0391,3.4671,3.4915130138397217
0391,3.4703,3.4746179580688477
0391,3.6033,3.5647928714752197
0391,3.9481,3.8228771686553955
0391,4.6075,4.6489129066467285
0391,1.6046,2.327188491821289
0391,3.2183,3.2890725135803223
0391,3.7682,3.7737677097320557
0391,4.6021,4.422728538513184
0391,4.6975,4.893451690673828
0391,4.9843,4.893451690673828
0391,4.9875,4.968202114105225
0391,2.7685,3.312284231185913
0391,2.7712,2.9500839710235596
0391,4.1913,4.673400402069092
0391,5.0368,4.967310428619385
0391,5.2857,4.858739376068115
0391,3.0038,2.6854019165039062
0391,3.516,3.2832188606262207
0391,6.0976,5.541162967681885
0391,2.1496,3.423896312713623
0391,2.2178,3.423896312713623
0391,3.087,2.842789888381958
0391,3.21,3.6228065490722656
0391,3.5207,3.398271322250366
0391,3.7138,3.3880202770233154
0391,3.821,3.8070106506347656
0391,1.5806,2.680032253265381
0391,2.0696,2.840723752975464
0391,2.2236,2.840723752975464
0391,2.6564,2.577493667602539
0391,2.7377,2.7269771099090576
0391,2.8084,2.58054518699646
0391,2.925,2.5100531578063965
0391,3.3412,2.0482163429260254
0391,3.4782,2.856781005859375
0391,3.5578,3.9019055366516113
0391,3.7171,4.188127040863037
0391,3.7205,4.147963047027588
0391,4.063,4.188127040863037
0391,4.0684,4.210465431213379
0391,4.204,4.104889392852783
0391,4.3709,4.134263515472412
0391,4.3742,4.119147777557373
0391,1.4054,1.6448310613632202
0391,1.4406,1.5345834493637085
0391,1.4434,1.5586522817611694
0391,1.6999,2.1712536811828613
0391,1.999,2.205315113067627
0391,2.0023,2.205382823944092
0391,2.1305,2.1289453506469727
0391,4.1968,4.028494358062744
0391,2.8744,2.6578168869018555
0391,3.1146,3.2255001068115234
0391,3.6929,3.1083734035491943
0391,4.1624,3.594083070755005
0391,0.8912,1.708893895149231
0391,2.658,2.7684850692749023
0391,3.6094,3.805706262588501
0391,2.9854,2.951866388320923
0391,3.072,2.9454264640808105
0391,3.1177,3.151798963546753
0391,3.206,3.1467385292053223
0391,3.209,3.1567304134368896
0391,3.7408,3.8015942573547363
0391,3.9998,3.9687695503234863
0391,4.9769,4.3508806228637695
0391,1.9312,2.0829477310180664
0391,2.4299,2.159419298171997
0391,4.5628,3.8224868774414062
0391,2.2429,2.4400978088378906
0391,2.5872,2.7081964015960693
0391,3.663,3.9775826930999756
0391,3.6657,3.999490261077881
0391,4.2385,3.684056282043457
0391,4.5104,3.6390647888183594
0391,5.1428,5.349733829498291
0391,5.2785,5.349733829498291
0391,5.683,5.1169304847717285
0391,2.4252,3.1272642612457275
0391,3.0252,3.1762845516204834
0391,3.0474,2.98341703414917
0391,3.0798,3.4839656352996826
0391,3.263,3.1852195262908936
0391,3.766,2.5684525966644287
0391,3.7937,5.2113542556762695
0391,5.202,4.829744815826416
0391,5.5536,4.844649791717529
0391,5.6416,4.715311527252197
0391,1.8228,2.424990177154541
0391,2.3336,2.7031145095825195
0391,3.4398,3.810565710067749
0391,2.5743,3.1179492473602295
0391,3.1928,2.7433512210845947
0391,2.1067,2.164865493774414
0391,3.2865,3.560681104660034
0391,0.9956,1.1046024560928345
0391,1.0556,1.2102622985839844
0391,4.1714,4.415109634399414
0391,1.9662,1.9714791774749756
0391,2.0614,1.9714791774749756
0391,2.9467,2.7044482231140137
0391,3.4798,3.1568288803100586
0391,1.669,1.9357030391693115
0391,1.672,2.023876667022705
0391,4.5858,2.733767509460449
0391,5.4159,5.012721061706543
0391,2.9839,2.9688527584075928
0391,3.5034,3.8406264781951904
0391,4.1794,3.7618870735168457
0391,0.5541,1.43684983253479
0391,2.4326,2.3052234649658203
0391,3.4115,3.799029588699341
0391,3.6258,3.622776746749878
0391,4.2127,3.6398138999938965
0391,0.8665,1.6430262327194214
0391,3.553,3.954700469970703
0391,0.6217,1.1691687107086182
0391,1.9402,2.0769333839416504
0391,1.9469,2.2282729148864746
0391,2.2994,2.44881534576416
0391,3.3159,4.096087455749512
0391,1.8769,1.7559486627578735
0391,2.0783,3.9339258670806885
0391,2.4518,2.733351707458496
0391,4.7308,4.229897499084473
0391,5.2163,4.759779930114746
0391,1.1595,1.5929930210113525
0391,2.1937,2.2596707344055176
0391,2.2368,2.371246337890625
0391,2.2398,2.4634900093078613
0391,2.3479,2.4847288131713867
0391,2.4222,2.2596707344055176
0391,2.6234,2.926784038543701
0391,3.0442,3.1213223934173584
0391,3.0478,3.134277105331421
0391,3.2225,2.9093270301818848
0391,4.2255,3.5992062091827393
0391,4.8113,4.323873043060303
0391,4.0218,4.128854751586914
0391,4.0248,4.13828182220459
0391,4.2957,4.039272785186768
0391,4.2984,4.071876525878906
0391,1.5432,1.968082308769226
0391,2.9011,2.7609879970550537
0391,2.9687,3.1936588287353516
0391,3.0272,3.2175028324127197
0391,3.9826,3.901395559310913
0391,4.1196,3.9484105110168457
0391,6.0776,6.064456462860107
0391,6.0806,5.955113887786865
0391,1.6995,1.7074159383773804
0391,3.6581,3.5670058727264404
0391,2.6786,3.0731139183044434
0391,2.9729,2.941114902496338
0391,3.0782,3.0885257720947266
0391,4.1315,4.161406993865967
0391,4.4502,4.958628177642822
0391,2.3375,1.9952086210250854
0391,2.6796,1.4241915941238403
0391,2.9591,3.2859814167022705
0391,3.0406,3.146785020828247
0391,3.8799,3.7242884635925293
0391,4.071,3.9778072834014893
0391,1.286,1.3798519372940063
0391,1.3434,1.3286070823669434
0391,1.7726,2.006754159927368
0391,1.6396,1.3026665449142456
0391,1.8928,2.0785439014434814
0391,2.1203,1.853689432144165
0391,2.1236,1.8963958024978638
0391,2.9504,2.987464666366577
0391,3.0195,3.5711169242858887
0391,3.5012,3.8981552124023438
0391,3.5662,3.7595956325531006
0391,3.6898,3.501167058944702
0391,3.1804,2.464134693145752
0391,3.304,3.2388081550598145
0391,3.3257,2.7840218544006348
0391,3.3761,3.674790620803833
0391,3.9687,4.177002429962158
0391,3.043,3.095219135284424
0391,3.2337,3.355205774307251
0391,4.5533,4.45810604095459
0391,4.5562,4.270175933837891
0391,1.7113,1.7988873720169067
0391,1.7146,1.7988873720169067
0391,2.5585,2.96272611618042
0391,3.5942,3.812751054763794
0391,3.5969,3.82224440574646
0391,0.5921,0.8748016357421875
0391,3.3644,2.1507208347320557
0391,3.6418,3.92155385017395
0391,3.9405,3.3052115440368652
0391,2.5029,4.084095001220703
0391,2.799,2.1466448307037354
0391,3.1726,3.199320077896118
0391,3.9069,3.1144323348999023
0391,5.6869,5.119770050048828
0391,2.4791,1.7719736099243164
0391,3.3971,3.50252628326416
0391,3.4594,3.477597713470459
0391,3.5107,3.4202375411987305
0391,3.5167,3.45660662651062
0391,1.4774,1.2836167812347412
0391,2.0756,3.255253314971924
0391,5.8958,5.158121585845947
0391,2.2887,2.574248790740967
0391,3.3245,2.732673406600952
0391,4.6077,4.545762538909912
0391,0.4747,1.0469443798065186
0391,1.8454,1.615773320198059
0391,4.144,5.685579299926758
0391,1.2283,1.8370380401611328
0391,2.8345,2.371215343475342
0391,2.8378,2.5167415142059326
0391,3.5308,4.08825159072876
0391,3.5355,4.011999607086182
0391,3.8899,3.4383034706115723
0391,4.3044,4.08825159072876
0391,4.3073,3.8389127254486084
0391,1.3592,1.5295374393463135
0391,3.1389,3.1424624919891357
0391,3.1614,3.468939781188965
0391,3.3325,3.4108264446258545
0391,3.3773,3.468939781188965
0391,2.8324,3.263239860534668
0391,2.9702,3.2076964378356934
0391,3.0358,3.1001899242401123
0391,3.0386,3.046443462371826
0391,3.4027,3.031057834625244
0391,4.7338,4.4354376792907715
0391,0.9399,1.3024828433990479
0391,0.9453,1.3853870630264282
0391,1.1573,0.984039843082428
0391,4.453,3.3816871643066406
0391,3.0868,2.8944430351257324
0391,3.8503,3.829652786254883
0391,1.744,1.7084901332855225
0391,2.5108,2.889559268951416
0391,2.7167,2.342965602874756
0391,3.3206,3.5989129543304443
0391,3.0822,3.58520245552063
0391,3.0975,3.6183900833129883
0391,3.3564,2.8509676456451416
0391,3.5275,3.384850025177002
0391,3.7786,3.273136854171753
0391,4.3448,3.6845414638519287
0391,2.4924,2.9194047451019287
0391,0.6264,0.7894822359085083
0391,2.095,2.1169567108154297
0391,2.0999,2.1285746097564697
0391,2.4436,2.8573646545410156
0391,2.4468,2.806250810623169
0391,2.5792,2.797745704650879
0391,2.7176,2.3679685592651367
0391,3.6715,3.6682984828948975
0391,3.7102,3.6750361919403076
0391,2.8924,3.015695095062256
0391,2.8963,3.0685622692108154
0391,4.9618,4.756295680999756
0391,4.9645,4.772360801696777
0391,5.502,4.776515483856201
0391,1.0899,1.1649651527404785
0391,1.1554,1.1649651527404785
0391,1.242,1.1039642095565796
0391,2.0159,1.8453384637832642
0391,2.1834,2.34289288520813
0391,4.5552,4.662953853607178
0391,4.6567,3.482243776321411
0391,3.4273,3.95119571685791
0391,3.7569,4.00759220123291
0391,1.2461,0.9938536286354065
0391,2.4683,2.4157230854034424
0391,3.1151,3.1425623893737793
0391,3.118,3.1425623893737793
0391,4.0974,4.066739559173584
0391,1.1448,1.5512479543685913
0391,1.455,2.293638229370117
0391,1.9007,1.9342690706253052
0391,2.5393,2.2632739543914795
0391,2.88,2.293638229370117
0391,6.3071,5.758625030517578
0391,2.6141,3.2552201747894287
0391,3.6137,3.4934487342834473
0391,3.6165,3.4789466857910156
0391,4.0588,4.046180725097656
0391,4.2112,4.027334690093994
0391,4.3615,4.368459701538086
0391,4.365,4.355713844299316
0391,4.4382,4.355713844299316
0391,1.2325,2.9508204460144043
0391,1.9059,1.9732130765914917
0391,2.1227,1.8514577150344849
0391,2.4212,1.9037511348724365
0391,4.6327,4.712597846984863
0391,1.8226,2.417231798171997
0391,1.9885,2.380171775817871
0391,2.3352,2.685492753982544
0391,2.907,2.974590539932251
0391,4.1055,4.342679977416992
0391,2.178,2.744661569595337
0391,2.4561,2.472736120223999
0391,3.6435,3.590697765350342
0391,4.4824,4.123777389526367
0391,1.2079,1.4219489097595215
0391,2.095,3.663701057434082
0391,2.6008,3.518845558166504
0391,2.8997,3.8623580932617188
0391,3.1045,2.9500837326049805
0391,3.1485,2.9139726161956787
0391,4.3469,2.906728506088257
0391,1.2274,1.8125557899475098
0391,2.1089,1.9510306119918823
0391,3.9624,3.8213372230529785
0391,4.0146,3.7783024311065674
0391,4.0695,3.796865940093994
0391,6.1065,5.832476615905762
0391,1.7383,2.65852427482605
0391,1.9825,2.14945387840271
0391,2.3057,2.0535247325897217
0391,2.4935,2.4851815700531006
0391,1.5114,1.4501709938049316
0391,2.5133,2.1908950805664062
0391,2.5171,2.140511989593506
0391,2.6164,3.4080569744110107
0391,4.4701,4.485797882080078
0391,4.473,4.388871669769287
0391,4.1365,4.244810104370117
0391,4.3041,4.045548439025879
0391,0.7606,1.1302610635757446
0391,2.6308,2.435915231704712
0391,3.149,3.1177539825439453
0391,3.4277,2.8304150104522705
0391,3.9703,4.344232559204102
0391,4.5974,4.094480991363525
0391,2.135,2.3453259468078613
0391,2.1378,2.383849620819092
0391,2.4851,4.881929397583008
0391,3.4373,3.36358642578125
0391,5.3325,3.45320987701416
0391,6.1712,5.634947776794434
0391,1.6495,1.6096538305282593
0391,3.2545,2.682074785232544
0391,3.3824,3.3175394535064697
0391,1.4205,1.0765225887298584
0391,3.5609,3.5009658336639404
0391,4.6039,4.298884391784668
0391,5.5717,5.899520397186279
0391,3.35,3.3682565689086914
0391,3.8533,3.8465685844421387
0391,3.3291,3.3654141426086426
0391,4.3341,4.235184192657471
0391,4.3391,4.108765602111816
0391,1.548,2.014529228210449
0391,1.7407,1.805034875869751
0391,1.8011,2.014529228210449
0391,2.1171,1.805034875869751
0391,2.3407,2.5603747367858887
0391,3.5913,3.317850351333618
0391,1.1504,1.9241524934768677
0391,3.1961,3.153106927871704
0391,3.6022,3.8083877563476562
0391,3.9682,3.2863245010375977
0391,4.9832,4.833060264587402
0391,0.5555,1.8296314477920532
0391,1.7879,1.4568389654159546
0391,2.6386,3.49501895904541
0391,3.351,2.602808952331543
0391,3.2839,3.006629705429077
0391,3.9454,3.7357001304626465
0391,5.3865,5.911577224731445
0391,1.6632,1.445619821548462
0391,3.1885,2.958711862564087
0391,3.567,3.0584676265716553
0391,0.6362,1.354765772819519
0391,3.5716,3.5976643562316895
0391,4.2007,4.3443169593811035
0391,1.2728,1.947836995124817
0391,2.5312,3.27962327003479
0391,3.3999,2.8539066314697266
0391,4.2143,3.8497157096862793
0391,2.9681,3.2055089473724365
0391,2.9708,3.2224254608154297
0391,3.0414,3.2213313579559326
0391,1.2355,1.2877408266067505
0391,2.2952,3.5726513862609863
0391,3.5971,3.7635202407836914
0391,3.6537,3.0490691661834717
0391,0.559,0.6761080622673035
0391,0.5682,0.6610069870948792
0391,1.4137,2.0345406532287598
0391,1.6039,2.282285451889038
0391,4.0208,4.012363433837891
0391,1.9338,1.8410022258758545
0391,2.1013,2.4732487201690674
0391,2.642,3.050858736038208
0391,1.4397,1.5635868310928345
0391,2.0557,1.984095573425293
0391,4.5653,5.058756351470947
0391,4.659,5.058756351470947
0391,5.6404,5.229613304138184
0391,5.6442,5.140738487243652
0391,1.9699,1.9735537767410278
0391,2.343,3.084775924682617
0391,3.1718,3.057450294494629
0391,3.92,2.9834845066070557
0391,2.6144,2.766150712966919
0391,0.5773,2.8759896755218506
0391,2.544,2.6118171215057373
0391,2.0574,1.8543659448623657
0391,2.942,3.821516513824463
0391,3.8544,3.50439715385437
0391,5.6138,5.062224864959717
0391,6.5887,5.896298408508301
0391,2.5997,2.293728828430176
0391,3.0057,3.0979247093200684
0391,3.2368,2.638280153274536
0391,3.5057,3.447805404663086
0391,2.3515,2.3569211959838867
0391,2.3542,2.3463733196258545
0391,2.527,2.4004130363464355
0391,3.7798,6.508831024169922
0391,6.9557,5.28558349609375
0391,7.0471,5.359797954559326
0391,0.7074,1.032381534576416
0391,2.3174,2.8311750888824463
0391,1.8571,2.5125882625579834
0391,3.11,3.220870018005371
0391,4.0739,3.8853561878204346
0391,4.1772,4.369178295135498
0391,4.3394,3.813727378845215
0391,4.5863,4.437760829925537
0391,1.8034,2.222463369369507
0391,2.4931,2.222463369369507
0391,3.6791,3.7943432331085205
0391,3.7347,3.8541011810302734
0391,3.7476,3.771212339401245
0391,3.7521,3.8301150798797607
0391,4.9688,4.16286039352417
0391,5.2823,4.9623026847839355
0391,0.4887,1.567573070526123
0391,1.857,2.4684548377990723
0391,1.8756,1.4340240955352783
0391,2.4522,2.8817999362945557
0391,2.5408,2.801452398300171
0391,3.8026,3.5885543823242188
0391,1.5535,1.5086177587509155
0391,1.5072,1.4606919288635254
0391,3.3182,3.963064670562744
0391,1.5858,1.9685691595077515
0391,2.0507,1.7350900173187256
0391,2.4433,2.5405526161193848
0391,3.1204,4.00534725189209
0391,4.1608,3.9033234119415283
0391,4.6852,3.892545223236084
0391,3.0211,3.7584328651428223
0391,3.4503,3.526081085205078
0391,3.9416,3.4354469776153564
0391,4.2995,4.601880073547363
0391,2.6712,2.711831569671631
0391,3.0115,2.6593313217163086
0391,3.0142,3.0266966819763184
0391,3.0732,2.874087333679199
0391,3.1494,2.70893931388855
0391,2.0559,2.122982978820801
0391,2.169,2.3898468017578125
0391,2.1723,2.5038669109344482
0391,3.391,3.4143035411834717
0391,3.5275,2.122982978820801
0391,4.4487,4.368794918060303
0391,2.6614,2.6307990550994873
0391,2.6663,2.53975772857666
0391,1.6579,1.8700518608093262
0391,1.6579,1.7342643737792969
0391,1.8925,1.7344820499420166
0391,1.8925,1.7342643737792969
0391,3.4731,3.5669312477111816
0391,3.4766,3.54801869392395
0391,3.6863,3.5514771938323975
0391,3.1498,3.1160969734191895
0391,3.1546,3.056532621383667
0391,3.2332,3.250946521759033
0391,1.9919,2.868947982788086
0391,2.6256,2.6561460494995117
0391,2.7188,2.615450382232666
0391,3.058,3.1382040977478027
0391,2.5809,1.894006609916687
0391,2.5963,1.2670403718948364
0391,3.8973,3.967388391494751
0391,4.1179,3.967388391494751
0391,4.311,4.208797454833984
0391,2.253,2.357247829437256
0391,0.8849,1.3835033178329468
0391,1.0885,1.2198351621627808
0391,1.2757,1.267589807510376
0391,3.4137,3.2385036945343018
0391,3.6751,3.1885414123535156
0391,3.1422,3.5524444580078125
0391,3.3389,4.108626842498779
0391,4.1508,4.442709445953369
0391,1.7127,1.9374865293502808
0391,2.338,2.0986034870147705
0391,2.4565,2.2630562782287598
0391,3.3784,3.3331446647644043
0391,3.4927,3.3805391788482666
0391,3.6238,3.7089099884033203
0391,1.2502,1.8791520595550537
0391,1.4484,2.148803234100342
0391,1.6376,2.1606311798095703
0391,2.2885,2.4603002071380615
0391,2.7851,2.148803234100342
0391,5.2107,4.736469268798828
0391,1.6013,2.2652108669281006
0391,5.0826,4.662759304046631
0391,1.0045,1.2345408201217651
0391,1.6781,1.4164717197418213
0391,2.1227,2.2493433952331543
0391,2.1303,2.1933372020721436
0391,2.6908,2.1331639289855957
0391,3.8143,4.523542881011963
0391,4.0535,4.515654563903809
0391,4.1294,3.7354655265808105
0391,4.6095,4.351447105407715
0391,4.8116,4.304920196533203
0391,5.3702,4.12385892868042
0391,6.5778,6.236258029937744
0391,6.5812,6.344292163848877
0391,3.1977,3.278599739074707
0391,2.2272,2.1096174716949463
0391,2.3243,3.163740873336792
0391,3.3647,2.824134111404419
0391,3.3685,2.981459140777588
0391,1.8173,1.9677619934082031
0391,1.8812,2.0213985443115234
0391,2.4499,2.622415542602539
0391,2.4532,2.5613901615142822
0391,3.5041,3.639617681503296
0391,3.509,3.661384344100952
0391,3.7035,3.54095196723938
0391,3.9725,4.329721450805664
0391,2.684,2.29952073097229
0391,2.8066,2.29952073097229
0391,3.9544,4.017045497894287
0391,5.1751,4.488489627838135
0391,2.8778,3.097846746444702
0391,2.9446,3.1445071697235107
0391,6.0321,4.184154510498047
0391,1.9151,2.566220283508301
0391,2.6239,3.4232325553894043
0391,2.8402,2.8348207473754883
0391,3.6199,3.5383100509643555
0391,3.6227,3.4510040283203125
0391,5.1983,4.6221604347229
0391,5.3885,4.6221604347229
0391,5.4319,5.465085983276367
0391,5.4367,5.577219009399414
0391,5.4412,5.487909317016602
0391,2.6577,2.914483070373535
0391,3.0211,2.9470295906066895
0391,3.0711,2.9270029067993164
0391,3.2782,2.914483070373535
0391,3.7266,3.6259875297546387
0391,4.2794,4.678827285766602
0391,3.4854,3.5239901542663574
0391,3.8237,3.90669584274292
0391,2.1134,2.3056318759918213
0391,2.3238,2.0537309646606445
0391,3.553,3.490983009338379
0391,3.7751,3.45358943939209
0391,2.2373,3.0318524837493896
0391,2.8781,3.201537847518921
0391,3.0941,3.352123737335205
0391,4.4185,4.296031951904297
0391,2.1492,2.9153430461883545
0391,2.1766,3.064500331878662
0391,3.9847,4.391726493835449
0391,4.9526,3.9045867919921875
0391,3.0873,3.303473711013794
0391,3.2907,3.198340892791748
0391,4.6365,4.592611789703369
0391,1.9249,2.6270391941070557
0391,3.386,3.378046751022339
0391,4.4646,4.174869537353516
0391,4.5147,4.25383186340332
0391,4.5197,4.290053367614746
0391,4.6024,4.310746192932129
0391,1.3714,1.414683222770691
0391,2.8263,2.593791961669922
0391,2.829,2.669837236404419
0391,2.8882,2.1991994380950928
0391,1.995,2.543832302093506
0391,2.1437,2.3031153678894043
0391,4.7471,3.978564500808716
0391,2.9526,3.0930142402648926
0391,3.4371,3.482335090637207
0391,3.604,3.0195043087005615
0391,5.5977,6.350088596343994
0391,6.3207,6.350088596343994
0391,1.9315,2.1198008060455322
0391,3.3173,2.640913963317871
0391,3.6767,3.0350377559661865
0391,1.3967,1.616271734237671
0391,2.955,3.2435355186462402
0391,3.2432,2.754629135131836
0391,3.3712,3.26638126373291
0391,4.1707,4.484793663024902
0391,4.1818,4.26744270324707
0391,4.3917,4.245643138885498
0391,1.5902,2.0346157550811768
0391,1.6844,1.5961138010025024
0391,2.7705,3.2374467849731445
0391,3.2931,2.9983444213867188
0391,1.4653,1.5784116983413696
0391,1.5265,1.5577876567840576
0391,3.0642,3.186884880065918
0391,3.6811,3.995185613632202
0391,3.9165,3.2643203735351562
0391,3.0748,3.5994224548339844
0391,3.2921,2.8593623638153076
0391,3.3474,3.119297981262207
0391,3.9651,4.023040771484375
0391,4.0859,4.076338768005371
0391,1.9137,2.200587749481201
0391,1.9301,2.120800495147705
0391,2.1476,2.1311898231506348
0391,4.2446,3.734476089477539
0391,4.8608,4.885955810546875
0391,5.2058,5.165282726287842
0391,5.2954,4.532225608825684
0391,6.881,5.912597179412842
0391,1.5803,1.429038643836975
0391,1.6093,2.517754077911377
0391,3.915,3.1431796550750732
0391,3.918,3.1431796550750732
0391,3.2581,3.100839138031006
0391,3.2614,3.116314649581909
0391,3.2773,3.23415470123291
0391,3.5731,3.692878007888794
0391,2.0343,2.7292320728302
0391,0.6543,1.47684907913208
0391,1.8417,2.1279945373535156
0391,2.0386,2.096123218536377
0391,3.3616,3.628509998321533
0391,4.4244,3.3918771743774414
0391,4.7002,5.067273139953613
0391,4.885,5.009952545166016
0391,1.8961,1.965056300163269
0391,2.9845,3.054391384124756
0391,3.3696,3.431523323059082
0391,3.4784,3.6138627529144287
0391,3.5029,2.5255517959594727
0391,1.5261,2.0003089904785156
0391,2.3524,2.134693145751953
0391,3.2027,3.866464138031006
0391,3.3741,2.633012294769287
0391,0.5453,1.0461556911468506
0391,1.1788,1.7486697435379028
0391,2.8633,3.210282802581787
0391,2.1552,3.367431879043579
0391,3.3455,3.7835757732391357
0391,3.5557,3.4312849044799805
0391,3.7755,4.213254451751709
0391,6.966,6.617713451385498
0391,0.46,0.7884772419929504
0391,2.054,2.861095428466797
0391,2.8766,2.77591872215271
0391,2.0472,2.952129602432251
0391,2.0472,2.2312161922454834
0391,2.9732,2.8143770694732666
0391,3.0062,3.041715621948242
0391,3.8492,2.9333605766296387
0391,2.9875,3.235568046569824
0391,2.6328,1.9637545347213745
0391,4.1968,3.4049012660980225
0391,4.4546,3.882338762283325
0391,1.9832,2.142521619796753
0391,1.986,2.372835874557495
0391,2.0529,2.195296049118042
0391,2.4431,2.6146748065948486
0391,4.5457,3.8717446327209473
0391,6.1023,4.123407363891602
0391,1.9248,1.7348788976669312
0391,2.2387,2.423900604248047
0391,2.2867,2.485079288482666
0391,2.6666,2.5599865913391113
0391,0.466,0.6887765526771545
0391,1.4809,1.9405502080917358
0391,2.3892,1.8306989669799805
0391,2.7355,2.6502392292022705
0391,2.772,2.9131908416748047
0391,2.8118,2.6745381355285645
0391,2.2955,2.971588373184204
0391,1.4025,1.4076625108718872
0391,3.1468,3.291713237762451
0391,2.5176,2.5894956588745117
0391,2.5939,2.3237390518188477
0391,3.2169,3.4417896270751953
0391,6.1647,5.526382923126221
0391,1.7906,1.9089666604995728
0391,1.9302,2.142690420150757
0391,2.6903,1.8838443756103516
0391,2.9907,2.952390193939209
0391,3.8879,3.7771337032318115
0391,4.5277,4.493952751159668
0391,4.7627,4.311628818511963
0391,0.7203,0.952756941318512
0391,1.8985,1.9001342058181763
0391,2.0937,2.7351362705230713
0391,3.6125,3.478827714920044
0391,0.5279,0.7918797135353088
0391,1.6937,1.8328220844268799
0391,2.6221,2.494393825531006
0391,4.175,4.111117362976074
0391,1.5316,1.478672742843628
0391,2.0964,2.007460594177246
0391,3.5332,3.8657443523406982
0391,3.5359,3.6706016063690186
0391,1.9868,2.230736255645752
0391,3.9111,3.8514108657836914
0391,3.0532,2.7278852462768555
0391,3.0562,2.7203469276428223
0391,3.6611,4.015105247497559
0391,3.8783,3.6536641120910645
0391,3.9797,4.261682510375977
0391,3.999,4.292216777801514
0391,4.3154,4.176759243011475
0391,4.3183,4.292216777801514
0391,4.4285,4.225002288818359
0391,5.0574,4.806811809539795
0391,2.3007,2.457939386367798
0391,2.3034,2.3898847103118896
0391,2.368,2.4107186794281006
0391,2.7559,2.7771382331848145
0391,2.7589,2.8071141242980957
0391,3.3676,2.977788209915161
0391,4.8241,4.639817237854004
0391,1.3509,1.3861051797866821
0391,2.9942,3.847578287124634
0391,3.2677,3.762834072113037
0391,4.7694,4.390143871307373
0391,2.5812,2.605067014694214
0391,3.7313,3.6663265228271484
0391,3.8382,3.9553544521331787
0391,2.489,2.4851815700531006
0391,2.8912,3.4769556522369385
0391,3.0526,3.260249614715576
0391,3.2933,4.030453681945801
0391,4.6977,4.5444655418396
0391,2.2358,4.952211380004883
0391,0.9819,1.1488994359970093
0391,3.3477,4.031749248504639
0391,2.2376,2.482131004333496
0391,2.5835,2.700284242630005
0391,2.5873,2.7361361980438232
0391,2.8981,2.979377031326294
0391,3.6861,4.017517566680908
0391,4.1527,4.229743957519531
0391,1.3055,1.631163477897644
0391,1.6036,1.9082502126693726
0391,2.4263,2.359149217605591
0391,3.5112,3.516505718231201
0391,3.5143,3.400722026824951
0391,2.6853,2.346214532852173
0391,3.6056,3.207024097442627
0391,1.666,2.1951241493225098
0391,2.0516,2.026871681213379
0391,2.3084,2.183318614959717
0391,3.9869,3.453591823577881
0391,4.1027,3.6788930892944336
0391,3.4528,3.214550733566284
0391,4.9365,4.51500940322876
0391,3.6655,3.7765731811523438
0391,3.7796,3.8977699279785156
0391,4.5777,3.9114503860473633
0391,4.6527,4.415431976318359
0391,0.9506,1.6112185716629028
0391,1.5117,1.2639763355255127
0391,3.0306,2.8839588165283203
0391,4.8567,4.7845611572265625
0391,5.433,5.089361667633057
0391,1.8345,2.0226519107818604
0391,1.8565,2.002948760986328
0391,3.8027,4.681405067443848
0391,4.5616,3.6834216117858887
0391,5.0052,4.202647686004639
0391,2.5569,2.04117488861084
0391,4.2461,4.286240100860596
0391,4.7109,4.565810680389404
0391,4.7143,3.6786415576934814
0391,4.7143,4.644634246826172
0391,2.8572,1.8444212675094604
0391,2.8691,2.8932087421417236
0391,3.3539,3.3402836322784424
0391,0.6778,0.7504424452781677
0391,4.6551,4.648320198059082
0391,4.7959,4.4016289710998535
0391,2.9264,3.459639072418213
0391,2.9854,3.2149627208709717
0391,3.0896,3.238461494445801
0391,3.326,3.1413869857788086
0391,3.4828,4.573369979858398
0391,4.088,3.8563930988311768
0391,0.4929,0.6892262101173401
0391,0.7724,1.2371827363967896
0391,1.326,2.20804500579834
0391,2.9777,3.4474599361419678
0391,1.2487,1.8822383880615234
0391,1.4855,1.739375114440918
0391,2.4348,3.214186429977417
0391,3.1712,3.4689409732818604
0391,3.1747,3.5065994262695312
0391,3.7545,3.1660821437835693
0391,3.7702,3.0397872924804688
0391,2.3917,2.5699641704559326
0391,3.7293,3.7267684936523438
0391,4.1387,4.499455451965332
0391,1.8538,1.9034640789031982
0391,1.8567,1.805452585220337
0391,1.8597,1.771484613418579
0391,2.5713,3.3656606674194336
0391,3.0187,2.688201904296875
0391,4.3175,2.688201904296875
0391,4.6632,4.767657279968262
0391,1.9053,2.869389057159424
0391,2.0508,2.0541534423828125
0391,4.2006,4.124536514282227
0391,1.801,1.733299970626831
0391,2.6753,2.8413472175598145
0391,5.8788,5.383555889129639
0391,1.633,1.5762450695037842
0391,1.7349,2.300717353820801
0391,2.9495,3.2906768321990967
0391,3.2139,2.352912425994873
0391,3.6088,3.7557373046875
0391,1.5152,1.8356621265411377
0391,3.0518,2.95682430267334
0391,3.145,3.6592166423797607
0391,2.1217,3.2602217197418213
0391,3.1206,3.090043306350708
0391,3.7665,3.9321792125701904
0391,3.8488,4.11087703704834
0391,2.0916,2.4306600093841553
0391,2.0954,2.4090845584869385
0391,2.3671,2.841771364212036
0391,4.534,3.883209466934204
0391,1.42,2.290369987487793
0391,2.1299,2.829714059829712
0391,3.3878,3.4318692684173584
0391,3.4558,3.4171266555786133
0391,4.9962,5.3994140625
0391,1.8231,1.7113840579986572
0391,3.2681,3.0478665828704834
0391,3.5306,3.637632369995117
0391,4.17,2.262017250061035
0391,2.3517,2.352140426635742
0391,2.5953,2.168332099914551
0391,1.0143,1.1998814344406128
0391,2.7726,2.4426612854003906
0391,2.7841,2.8663344383239746
0391,3.3818,3.7289235591888428
0391,0.4957,1.0223937034606934
0391,1.4073,1.6242083311080933
0391,1.6542,1.6060564517974854
0391,2.4131,2.370669364929199
0391,3.3559,3.3508102893829346
0391,3.9037,3.866163969039917
0391,0.4998,0.7774069905281067
0391,4.6194,4.623720169067383
0391,0.689,0.963873028755188
0391,2.8652,2.7896571159362793
0391,3.7235,3.8048641681671143
0391,2.3012,2.388047218322754
0391,2.4478,2.366441011428833
0391,2.9051,2.563035488128662
0391,5.0438,4.301909923553467
0391,3.1186,3.6169471740722656
0391,3.989,3.4030730724334717
0391,1.1959,1.1673585176467896
0391,2.1872,2.229686737060547
0391,3.3981,4.392511367797852
0391,1.0357,1.4557523727416992
0391,1.1552,1.4811292886734009
0391,1.6073,2.195651054382324
0391,3.0278,2.4602015018463135
0391,0.6857,1.003109335899353
0391,1.6843,1.9951274394989014
0391,3.1854,2.8794875144958496
0391,3.953,4.579130172729492
0391,0.8758,1.3749643564224243
0391,2.6384,3.1146717071533203
0391,3.5503,3.2469377517700195
0391,0.5113,0.9285920858383179
0391,2.2819,2.8436219692230225
0391,3.1549,3.1279170513153076
0391,3.2048,4.020852565765381
0391,4.1865,4.204690456390381
0391,4.002,3.968611240386963
0391,2.735,2.805752992630005
0391,2.4973,2.2608578205108643
0391,3.6965,3.4912731647491455
0391,4.0211,3.992053508758545
0391,6.086,6.272836208343506
0391,2.0964,2.734809637069702
0391,2.4638,2.865875005722046
0391,2.6823,2.2636120319366455
0391,1.9394,1.1930201053619385
0391,4.9349,4.410237789154053
0391,5.6678,5.331400394439697
0391,5.7672,5.362629413604736
0391,1.4598,1.6935780048370361
0391,1.6466,1.601391315460205
0391,2.4184,2.526620864868164
0391,2.4592,2.398468494415283
0391,1.7048,2.138031482696533
0391,1.9434,2.6231002807617188
0391,2.4414,3.642505168914795
0391,3.4077,3.3385558128356934
0391,2.0346,2.971262216567993
0391,2.3109,2.3179211616516113
0391,2.419,2.1566975116729736
0391,3.7241,3.9555258750915527
0391,3.6884,3.9122419357299805
0391,4.1734,3.674773931503296
0391,4.2668,3.657853603363037
0391,0.5354,0.6898686289787292
0391,2.4458,2.5543556213378906
0391,3.1985,3.136784791946411
0391,3.0498,3.104945421218872
0391,4.5652,3.9683480262756348
0391,7.102,6.147754669189453
0391,2.4588,2.77614688873291
0391,3.6115,3.5484392642974854
0391,3.6413,3.2500550746917725
0391,4.1443,4.166249752044678
0391,1.1074,0.8687602877616882
0391,1.665,1.428267240524292
0391,2.8442,2.9214184284210205
0391,4.1833,4.380311965942383
0391,0.9721,0.6784266233444214
0391,1.6473,2.0836050510406494
0391,2.0494,2.214876413345337
0391,4.7871,4.108216285705566
0391,5.6425,4.429876327514648
0391,2.5617,3.9399430751800537
0391,3.554,2.9538357257843018
0391,1.2378,1.508629322052002
0391,1.8152,2.3327982425689697
0391,1.9456,2.2733333110809326
0391,2.2003,3.1158242225646973
0391,2.2872,2.695427417755127
0391,2.7126,2.543848752975464
0391,3.1863,3.040137529373169
0391,1.5142,1.382285237312317
0391,2.0825,1.9374775886535645
0391,2.8014,3.3483541011810303
0391,2.9113,3.51762056350708
0391,0.5812,0.7102408409118652
0391,4.2499,4.259492874145508
0391,4.4223,4.453627109527588
0391,5.4384,3.4936563968658447
0391,2.2114,2.7498278617858887
0391,2.5824,2.255352258682251
0391,0.6263,0.789745569229126
0391,1.9441,1.9960448741912842
0391,2.9104,2.2336244583129883
0391,5.0548,4.01830530166626
0391,1.5173,1.549796462059021
0391,2.2991,2.6305346488952637
0391,2.4948,2.753807306289673
0391,5.4013,4.533838272094727
0391,1.0048,1.0982662439346313
0391,1.7297,2.582340955734253
0391,2.4854,2.8174209594726562
0391,1.8264,1.8613708019256592
0391,3.2476,3.146064043045044
0391,3.6591,2.881725788116455
0391,2.9729,3.838164806365967
0391,3.2906,3.0388588905334473
0391,3.9297,4.30653190612793
0391,4.1379,3.400114059448242
0391,0.4855,0.8295037150382996
0391,1.4923,1.2040736675262451
0391,2.6002,3.2022852897644043
0391,2.1255,2.0725252628326416
0391,2.8016,3.4658265113830566
0391,2.9309,2.955740213394165
0391,3.1008,2.91300892829895
0391,1.8278,2.364319086074829
0391,3.4169,3.354179859161377
0391,4.0523,3.7706470489501953
0391,5.9718,6.047464847564697
0391,2.0955,2.1660192012786865
0391,2.6599,3.1254987716674805
0391,2.7558,2.1110739707946777
0391,0.7755,1.2645515203475952
0391,2.3866,2.587254285812378
0391,2.6887,3.563781976699829
0391,3.3224,3.476430654525757
0391,3.6255,3.223268508911133
0391,4.931,4.131198406219482
0391,1.5261,2.392812490463257
0391,5.1381,3.6693313121795654
0391,2.8217,2.4790494441986084
0391,3.1426,2.862868309020996
0391,5.5249,4.71236515045166
0391,1.251,1.2239140272140503
0391,2.0263,2.144728899002075
0391,1.1109,1.2076148986816406
0391,2.371,1.662314534187317
0391,2.4457,2.608635663986206
0391,3.867,3.5952439308166504
0391,4.8654,4.72953462600708
0391,4.8702,4.72953462600708
0391,1.1414,1.6178245544433594
0391,1.8002,2.153482437133789
0391,1.8035,2.2620184421539307
0391,2.5641,2.581953525543213
0391,3.1661,3.284726619720459
0391,3.1696,3.284726619720459
0391,3.345,3.182652711868286
0391,3.5262,1.8126237392425537
0391,4.4146,3.6652166843414307
0391,2.5928,2.8055689334869385
0391,2.6517,2.600083827972412
0391,1.0016,1.574320673942566
0391,2.0535,2.527902603149414
0391,4.1367,3.826427698135376
0391,5.0849,5.162661552429199
0391,5.879,4.616319179534912
0391,5.927,5.7548828125
0391,3.468,3.51735782623291
0391,3.5444,3.4483790397644043
0391,3.5971,3.8384227752685547
0391,3.089,2.6057910919189453
0391,4.424,4.584068775177002
0391,4.4726,4.168388843536377
0391,4.7579,4.157797813415527
0391,0.4783,0.7639214992523193
0391,4.9176,4.235526084899902
0391,0.4866,1.7448086738586426
0391,1.7616,1.1993632316589355
0391,3.0429,3.553612232208252
0391,3.3823,2.643939733505249
0391,3.7849,3.9029805660247803
0391,3.7877,3.8918161392211914
0391,1.7887,1.7454729080200195
0391,2.9633,2.5143871307373047
0391,3.0943,2.927865743637085
0391,3.1494,3.0521416664123535
0391,3.3773,2.3221747875213623
0391,4.179,5.3348774909973145
0391,5.5594,4.770148754119873
0391,5.7168,4.9098968505859375
0391,2.6186,2.763077735900879
0391,2.6214,2.6275041103363037
0391,3.7905,3.694692373275757
0391,3.9501,3.3601467609405518
0391,3.9533,3.3601467609405518
0391,6.0235,5.716113567352295
0391,0.9297,0.7393345236778259
0391,3.2111,3.2650485038757324
0391,3.3082,3.136636734008789
0391,3.3598,3.633246660232544
0391,4.2824,1.1675618886947632
0391,1.2334,1.4848968982696533
0391,1.3956,1.4288486242294312
0391,2.0308,2.2574856281280518
0391,2.7509,2.776376485824585
0391,1.6104,1.610291838645935
0391,2.1449,2.2330431938171387
0391,2.1479,2.2330431938171387
0391,3.1748,3.363863229751587
0391,3.271,3.843177318572998
0391,4.4881,4.690175533294678
0391,4.9061,4.4564433097839355
0391,4.6688,4.807708263397217
0391,5.6601,4.341681003570557
0391,2.402,2.3443546295166016
0391,3.4906,3.3167426586151123
0391,3.6528,3.238593578338623
0391,1.0309,1.3479304313659668
0391,1.4519,1.267687201499939
0391,3.5546,2.8293120861053467
0391,5.1497,4.904445171356201
0391,5.1527,4.830502510070801
0391,0.7092,0.984551727771759
0391,1.0361,0.8967382907867432
0391,2.6528,2.761963129043579
0391,2.9522,2.761963129043579
0391,4.1125,3.9784188270568848
0391,4.2909,4.520768165588379
0391,4.7423,4.40805196762085
0391,2.2226,1.9013583660125732
0391,2.7377,2.116990089416504
0391,3.2901,3.569997549057007
0391,3.8917,3.704108476638794
0391,4.4745,4.824049949645996
0391,4.2315,3.8374855518341064
0391,5.2357,5.598112106323242
0391,6.0247,5.796317100524902
0391,0.7835,1.3513256311416626
0391,4.2885,2.8480143547058105
0391,4.7384,4.598572731018066
0391,4.8812,4.418112277984619
0391,3.4698,3.3690950870513916
0391,3.7368,3.8968491554260254
0391,3.7772,3.7051398754119873
0391,5.2964,5.167231559753418
0391,3.3524,3.579777240753174
0391,3.4614,3.7994024753570557
0391,3.7626,3.1524157524108887
0391,1.6096,1.541411280632019
0391,2.9959,3.3735430240631104
0391,3.3173,3.6786184310913086
0391,4.5653,4.263519287109375
0391,1.9798,2.049631357192993
0391,2.7879,2.7092244625091553
0391,4.1326,3.231736898422241
0391,4.973,4.586343765258789
0391,5.4312,4.374942779541016
0391,2.1546,2.4958341121673584
0391,2.1574,2.5024614334106445
0391,2.4701,1.9464538097381592
0391,3.1255,2.7278358936309814
0391,3.6546,3.5674164295196533
0391,4.6693,4.850471496582031
0391,5.0112,4.767023086547852
0391,5.2641,4.6963982582092285
0391,2.5411,2.4461264610290527
0391,2.6164,2.1648271083831787
0391,2.8667,2.630310535430908
0391,3.1904,2.769575357437134
0391,4.255,4.939916133880615
0391,1.9963,2.840468406677246
0391,2.8498,3.4584662914276123
0391,3.1938,2.690476179122925
0391,1.769,2.427466869354248
0391,1.917,1.9951313734054565
0391,2.8389,2.4875454902648926
0391,2.9073,3.000415563583374
0391,3.1559,3.0038716793060303
0391,3.4916,3.6701133251190186
0391,4.9811,3.8390402793884277
0391,3.6729,3.403886556625366
0391,0.4938,0.8026869297027588
0391,0.4996,1.0327094793319702
0391,2.7147,2.400634527206421
0391,2.7209,2.557387113571167
0391,2.7877,2.3335564136505127
0391,3.4551,3.3750112056732178
0391,3.4616,3.670128107070923
0391,3.4668,3.623535394668579
0391,3.8408,3.6028754711151123
0391,3.864,3.699873685836792
0391,4.422,3.4701051712036133
0391,6.1086,5.046089172363281
0391,2.2498,2.249234914779663
0391,2.4708,2.8151814937591553
0391,2.8447,2.72558331489563
0391,5.4583,4.823496341705322
0391,2.1316,2.074176073074341
0391,2.5195,3.0462307929992676
0391,2.8969,2.930835723876953
0391,3.6075,3.4252002239227295
0391,1.6331,2.126396417617798
0391,4.0587,3.3412628173828125
0391,4.207,4.131214141845703
0391,4.276,3.978209972381592
0391,2.6212,2.4723660945892334
0391,4.8483,4.065011501312256
0391,4.7042,4.46077299118042
0391,5.5421,5.676057815551758
0391,1.963,1.6522859334945679
0391,2.0613,2.184845447540283
0391,2.115,2.208369493484497
0391,2.8538,2.8508243560791016
0391,4.6491,4.821738243103027
0391,6.084,5.59586763381958
0391,1.1681,1.3709238767623901
0391,2.4399,2.9731204509735107
0391,2.6469,4.034785270690918
0391,3.5502,3.266524076461792
0391,4.1008,3.4341633319854736
0391,4.3202,3.3756980895996094
0391,4.7534,4.091604709625244
0391,0.4671,0.7562559247016907
0391,1.6723,1.915335774421692
0391,2.1581,2.0421414375305176
0391,2.7245,3.284904718399048
0391,3.929,4.167305946350098
0391,4.1545,2.963850975036621
0391,5.0092,4.337590217590332
0391,2.0402,1.9737648963928223
0391,2.0436,2.0007758140563965
0391,2.4569,2.5333096981048584
0391,2.9658,2.3489909172058105
0391,7.2464,5.545042991638184
0391,1.7205,2.638669490814209
0391,2.804,2.856053352355957
0391,2.854,2.9831249713897705
0391,2.6449,2.7762110233306885
0391,0.9095,1.2252854108810425
0391,1.3233,1.2752429246902466
0391,2.1429,1.4360740184783936
0391,3.5144,3.196767568588257
0391,1.8556,2.2011868953704834
0391,1.6253,1.3603755235671997
0391,2.5853,2.299913167953491
0391,4.1258,4.045501232147217
0391,2.1051,2.516672372817993
0391,3.6126,4.55842399597168
0391,1.9152,1.4805798530578613
0391,1.9748,2.5722641944885254
0391,2.3882,2.353301763534546
0391,2.4958,2.250828981399536
0391,3.1574,3.137665033340454
0391,3.2549,3.1181585788726807
0391,3.2577,3.0146076679229736
0391,2.0711,1.867864727973938
0391,3.0142,3.3484997749328613
0391,3.275,4.1534037590026855
0391,3.3831,3.12331223487854
0391,3.4423,3.9229576587677
0391,4.4696,4.212860107421875
0391,1.9219,2.0616540908813477
0391,3.5459,3.0764670372009277
0391,2.2119,1.9437682628631592
0391,4.7172,3.014940023422241
0391,5.4817,3.8595833778381348
0391,3.9362,4.472001075744629
0391,4.3637,4.571753025054932
0391,4.5512,4.468753337860107
0391,4.6369,4.579589366912842
0391,2.8529,2.9072377681732178
0391,4.3545,3.871351957321167
0391,5.5499,5.345115661621094
0391,2.6298,2.7474656105041504
0391,3.1093,3.2202305793762207
0391,3.7257,3.4221184253692627
0391,5.2124,5.27736234664917
0391,5.3004,5.071448802947998
0391,5.6691,4.953001022338867
0391,1.6105,1.5342870950698853
0391,6.0708,5.827006816864014
0391,1.0619,1.7155355215072632
0391,6.2124,5.799243927001953
0391,7.1072,5.446679592132568
0391,3.1613,3.0703749656677246
0391,3.7888,3.337582588195801
0391,1.7273,1.5085946321487427
0391,2.7658,3.848984956741333
0391,3.0038,2.3961803913116455
0391,4.6092,4.0368523597717285
0391,2.1913,2.349327325820923
0391,3.9555,3.649807929992676
0391,3.8199,3.2257964611053467
0391,7.1709,7.022765636444092
0391,1.1148,1.1951985359191895
0391,2.6731,3.4856183528900146
0391,3.1285,3.4988298416137695
0391,3.3594,3.45522403717041
0391,3.5442,3.4988298416137695
0391,3.6776,3.376465082168579
0391,0.6331,1.6571283340454102
0391,1.6919,1.468648076057434
0391,3.1342,3.2062385082244873
0391,3.2171,2.692401170730591
0391,5.0267,5.205988883972168
0391,1.7043,2.447108268737793
0391,1.8779,2.5486323833465576
0391,2.5569,2.1440634727478027
0391,3.1326,3.0027997493743896
0391,3.1499,4.487304210662842
0391,3.7662,4.079985618591309
0391,4.4988,4.116878509521484
0391,1.1967,1.5268727540969849
0391,1.7931,2.0220324993133545
0391,2.0389,2.349400281906128
0391,2.1172,1.9619745016098022
0391,2.2659,3.369429349899292
0391,5.2865,5.711816787719727
0391,2.9484,2.6409080028533936
0391,4.4983,5.431578159332275
0391,6.3443,4.207106590270996
0391,2.669,3.0064728260040283
0391,3.2057,3.4744250774383545
0391,0.6106,0.8105654120445251
0391,1.5638,1.595337986946106
0391,2.0018,1.9970602989196777
0391,6.4819,5.3617658615112305
0391,1.8917,2.1045684814453125
0391,1.6967,1.6668510437011719
0391,1.8031,2.0062990188598633
0391,0.9871,1.099774718284607
0391,2.2738,2.745823383331299
0391,3.0047,2.8409976959228516
0391,3.0021,3.078874111175537
0391,0.6112,0.8357670307159424
0391,2.1427,2.499279499053955
0391,2.2534,2.44990873336792
0391,2.3165,3.5227534770965576
0391,2.7327,3.4138903617858887
0391,2.8841,2.634082078933716
0391,3.2352,3.4138903617858887
0391,4.0492,4.139514923095703
0391,2.6303,2.8248846530914307
0391,1.8671,1.8392422199249268
0391,2.8065,3.0868446826934814
0391,3.6065,6.539392948150635
0391,6.9561,5.33739709854126
0391,7.0503,5.270817279815674
0391,1.2783,1.5679001808166504
0391,4.1536,3.9465320110321045
0391,1.6764,1.9030745029449463
0391,1.8574,1.9030745029449463
0391,3.3227,2.7872588634490967
0391,5.3342,5.281927108764648
0391,5.794,5.281927108764648
0391,2.2823,2.6417222023010254
0391,2.5592,2.5935704708099365
0391,3.0256,3.2285163402557373
0391,4.1559,3.9196600914001465
0391,4.5832,3.8064451217651367
0391,0.4638,0.65291827917099
0391,1.2748,1.9531179666519165
0391,2.4856,2.946659564971924
0391,2.9469,2.942065954208374
0391,2.2095,2.680450439453125
0391,3.0912,2.8959970474243164
0391,5.1235,4.1900506019592285
0391,3.679,3.4850282669067383
0391,1.8655,1.9174374341964722
0391,1.8684,1.7877223491668701
0391,2.018,2.259427547454834
0391,2.0934,2.7351362705230713
0391,2.9301,3.108243227005005
0391,2.9331,3.162631034851074
0391,2.9331,2.827486515045166
0391,4.7435,4.641826152801514
0391,2.1581,2.041243553161621
0391,2.7044,2.0921685695648193
0391,2.8413,2.5171635150909424
0391,2.8728,2.9164748191833496
0391,2.8758,2.8203024864196777
0391,2.0704,1.8330296277999878
0391,3.7466,3.532325506210327
0391,3.2797,2.9267959594726562
0391,3.6343,3.2868661880493164
0391,4.0057,4.214179992675781
0391,2.6737,2.6344330310821533
0391,2.6887,2.6510210037231445
0391,2.723,2.746959924697876
0391,3.351,3.121821880340576
0391,3.4314,3.643470048904419
0391,2.7797,4.925453186035156
0391,3.8289,3.901231050491333
0391,4.1915,3.7480974197387695
0391,4.2835,5.03046178817749
0391,4.291,3.6853110790252686
0391,5.0496,4.757567882537842
0391,6.1536,2.4384729862213135
0391,2.1261,2.9334487915039062
0391,2.1261,2.394078493118286
0391,2.4549,2.4957334995269775
0391,2.4578,2.630751371383667
0391,2.615,2.728062152862549
0391,3.0323,2.770716428756714
0391,3.6858,3.6164634227752686
0391,1.5577,2.0562124252319336
0391,2.7038,2.6444387435913086
0391,2.9899,3.289194345474243
0391,3.44,2.5083975791931152
0391,2.8809,2.740952491760254
0391,3.1183,2.8908135890960693
0391,2.8689,2.793797731399536
0391,3.8434,4.0268683433532715
0391,4.0011,4.010575294494629
0391,1.9532,3.067847728729248
0391,3.4132,3.667517900466919
0391,3.5339,3.4700160026550293
0391,3.5759,3.8398401737213135
0391,3.9422,3.9646804332733154
0391,1.544,1.6970577239990234
0391,2.796,3.0977888107299805
0391,3.4564,3.795191764831543
0391,3.784,3.0596256256103516
0391,3.2821,3.26604962348938
0391,4.4159,4.475926876068115
0391,4.4194,4.668394088745117
0391,0.9832,1.53652024269104
0391,2.0422,1.9860390424728394
0391,2.3604,2.957874298095703
0391,2.7845,2.804140329360962
0391,2.8548,2.8742477893829346
0391,3.3085,3.443347215652466
0391,3.3134,3.583878993988037
0391,3.9307,4.109004497528076
0391,1.7782,1.9306634664535522
0391,2.4369,3.248504638671875
0391,0.6127,1.456146240234375
0391,1.6136,1.9468603134155273
0391,3.9189,3.817885398864746
0391,0.9458,0.7265998125076294
0391,2.7051,2.601646900177002
0391,0.9928,2.0699150562286377
0391,2.5379,2.782829523086548
0391,3.2428,3.2688193321228027
0391,2.7586,2.1233649253845215
0391,1.9705,2.5719974040985107
0391,3.5439,3.014380693435669
0391,3.985,4.305675983428955
0391,4.0577,4.131383895874023
0391,1.679,1.980420708656311
0391,4.0248,3.9991509914398193
0391,0.9193,1.4252849817276
0391,3.0627,2.791201591491699
0391,3.4596,3.8552796840667725
0391,6.7215,5.891600608825684
0391,2.0662,2.5996851921081543
0391,2.1462,2.5154271125793457
0391,4.1097,3.7305874824523926
0391,4.774,4.695123672485352
0391,3.1161,3.013842821121216
0391,5.5698,5.8863677978515625
0391,2.8441,3.3295159339904785
0391,3.2596,3.645146131515503
0391,4.1297,4.121152400970459
0391,4.2871,4.13900089263916
0391,1.4452,1.4369601011276245
0391,4.622,4.573127746582031
0391,2.1785,2.4440665245056152
0391,2.2127,2.7826414108276367
0391,2.2204,2.775709390640259
0391,2.6995,2.9971508979797363
0391,2.8473,3.041452169418335
0391,3.8479,3.294088125228882
0391,3.9317,3.294088125228882
0391,2.1964,2.2726879119873047
0391,3.2918,3.2462871074676514
0391,3.5148,3.0740292072296143
0391,5.3437,5.0707688331604
0391,2.3547,2.7936549186706543
0391,4.7109,4.825240135192871
0391,1.7795,1.9336731433868408
0391,2.8993,2.894789934158325
0391,4.1852,4.053542613983154
0391,1.8852,2.480020761489868
0391,2.9867,3.056943416595459
0391,2.0443,2.2191104888916016
0391,2.536,3.1945462226867676
0391,3.048,3.0529563426971436
0391,1.855,2.9410171508789062
0391,2.4753,3.102754831314087
0391,2.7702,3.1810595989227295
0391,4.6605,3.833324670791626
0391,2.7157,2.3845863342285156
0391,2.78,2.3845863342285156
0391,3.8626,3.9131901264190674
0391,1.7144,2.5591046810150146
0391,2.734,2.555443525314331
0391,2.7374,2.5421268939971924
0391,4.1347,4.2118635177612305
0391,4.2082,3.923929214477539
0391,1.1127,0.8918614387512207
0391,1.7242,1.775377869606018
0391,2.1163,2.929926872253418
0391,1.5862,1.6466237306594849
0391,2.7076,3.3202686309814453
0391,3.0973,2.0136523246765137
0391,0.5497,0.6005330681800842
0391,1.8531,2.9034066200256348
0391,2.319,2.5693905353546143
0391,2.3356,2.789283037185669
0391,2.4203,2.7148876190185547
0391,5.7348,5.778083801269531
0391,5.7853,5.786715507507324
0391,1.3476,1.327911615371704
0391,1.5566,1.9887980222702026
0391,3.1774,3.054748058319092
0391,3.754,3.6021127700805664
0391,4.1276,4.0134687423706055
0391,4.288,4.0134687423706055
0391,3.1288,3.210514783859253
0391,3.4735,3.6042520999908447
0391,3.477,3.5263452529907227
0391,3.5539,4.092188358306885
0391,4.3497,3.8007681369781494
0391,0.5638,1.1095372438430786
0391,2.1235,2.1645870208740234
0391,3.6598,3.6315667629241943
0391,4.9862,4.8434672355651855
0391,5.0555,4.713449954986572
0391,1.0188,1.1444060802459717
0391,2.6624,2.660473108291626
0391,2.8732,2.748014450073242
0391,2.4456,2.441765069961548
0391,2.6442,2.8331120014190674
0391,2.9155,2.8831279277801514
0391,3.595,3.71150541305542
0391,4.7923,4.431963920593262
0391,1.5114,1.3798505067825317
0391,4.5441,4.448131084442139
0391,2.3222,2.835631847381592
0391,3.0843,3.0223701000213623
0391,3.2075,3.4219353199005127
0391,3.3512,4.2335524559021
0391,3.4844,3.335325241088867
0391,1.4426,1.4379894733428955
0391,1.4639,1.6732237339019775
0391,3.3784,3.4827725887298584
0391,2.0273,2.2489020824432373
0391,4.7923,4.304955959320068
0391,1.479,1.2708170413970947
0391,2.0305,2.3119795322418213
0391,2.6878,2.820237159729004
0391,0.623,0.8360472917556763
0391,2.4027,2.7739710807800293
0391,2.533,3.2858083248138428
0391,4.2867,3.159663438796997
0391,2.1677,2.178119421005249
0391,4.7041,4.397583961486816
0391,2.8046,3.5457916259765625
0391,3.0931,3.788785934448242
0391,3.0978,3.678882598876953
0391,4.0299,3.678882598876953
0391,4.6463,4.81682825088501
0391,1.4001,1.493842601776123
0391,3.2004,2.616844892501831
0391,3.8638,3.9130356311798096
0391,1.3853,1.4239665269851685
0391,1.5259,1.2219473123550415
0391,2.6893,2.914926767349243
0391,4.1131,4.6165266036987305
0391,2.8839,2.995241403579712
0391,5.1907,5.751792907714844
0391,1.3267,1.1871825456619263
0391,3.5531,3.5562267303466797
0391,3.5562,3.5143613815307617
0391,3.9611,3.3219785690307617
0391,5.1367,4.832637310028076
0391,0.6455,1.0284243822097778
0391,3.3349,3.383068799972534
0391,3.3377,3.353346824645996
0391,3.7523,3.555586099624634
0391,1.2985,1.4036701917648315
0391,1.4656,1.573052167892456
0391,1.5299,1.6020036935806274
0391,2.3171,2.8311750888824463
0391,3.2049,3.326526165008545
0391,3.6976,3.392852783203125
0391,2.4369,2.6617801189422607
0391,2.5068,2.6617801189422607
0391,2.5772,2.5868263244628906
0391,5.8037,5.690019130706787
0391,5.8606,5.862059116363525
0391,1.8668,1.8777693510055542
0391,5.3819,4.671115875244141
0391,1.7855,2.413007974624634
0391,2.655,2.3651490211486816
0391,4.7801,5.542563438415527
0391,2.7871,3.030071973800659
0391,3.6786,3.359687328338623
0391,3.9684,3.4084110260009766
0391,3.3749,3.5036568641662598
0391,4.2514,3.6598737239837646
0391,4.306,3.643096923828125
0391,4.5219,4.400993824005127
0391,2.6344,2.7217648029327393
0391,2.8459,3.775148391723633
0391,3.731,3.947366237640381
0391,4.338,5.177915573120117
0391,5.3957,4.835635185241699
0391,0.6518,1.8233098983764648
0391,4.0747,4.03248405456543
0391,1.5202,2.0578157901763916
0391,2.3196,3.558818817138672
0391,2.3225,3.558818817138672
0391,2.4546,2.8616106510162354
0391,3.3987,3.477597713470459
0391,3.4638,3.454988718032837
0391,4.6943,4.032656192779541
0391,0.466,1.169419527053833
0391,0.6307,0.9630508422851562
0391,1.914,1.4775536060333252
0391,2.0692,1.5078705549240112
0391,2.751,2.6039810180664062
0391,3.0977,3.083134889602661
0391,2.0717,2.0264787673950195
0391,3.4921,2.469482660293579
0391,3.8658,3.511164665222168
0391,4.8338,4.595268726348877
0391,1.7352,2.0606296062469482
0391,2.512,2.8746018409729004
0391,2.9566,2.535670518875122
0391,2.5952,2.6827003955841064
0391,4.1528,3.9067928791046143
0391,2.5024,2.0879316329956055
0391,2.5598,2.0238280296325684
0391,2.816,2.7869129180908203
0391,4.5097,4.480422496795654
0391,1.0706,1.2646472454071045
0391,1.3788,2.14774227142334
0391,2.4233,2.3645076751708984
0391,2.5109,2.9838016033172607
0391,3.5645,3.5503549575805664
0391,3.7126,3.983229160308838
0391,4.1181,5.421957969665527
0391,0.5228,0.6939581632614136
0391,0.5287,0.6149079203605652
0391,3.155,3.4029388427734375
0391,4.6244,5.247771263122559
0391,1.4123,1.9354817867279053
0391,2.1839,2.399904251098633
0391,2.1888,2.413390636444092
0391,2.2123,2.612591028213501
0391,4.0171,3.797362804412842
0391,5.4534,5.19345235824585
0391,1.8609,2.705767869949341
0391,2.5685,2.507035732269287
0391,3.0614,3.172217607498169
0391,3.0647,3.1399946212768555
0391,3.2312,3.0550014972686768
0391,3.8479,4.01567268371582
0391,3.8513,4.05204439163208
0391,1.9233,2.9893460273742676
0391,4.0492,3.7427563667297363
0391,4.3272,4.389469146728516
0391,3.1657,2.901526927947998
0391,3.1657,3.044262170791626
0391,4.6166,4.275774955749512
0391,1.7279,1.9052932262420654
0391,2.0543,3.030524253845215
0391,2.3348,2.3334171772003174
0391,1.6635,1.067031741142273
0391,4.049,4.736891746520996
0391,2.0859,3.2335729598999023
0391,2.3931,4.495171546936035
0391,1.5992,1.773323893547058
0391,2.2853,2.2219250202178955
0391,4.3304,4.600223064422607
0391,4.3354,4.559944152832031
0391,5.5379,4.127329349517822
0391,2.5171,3.0086586475372314
0391,2.7704,2.8399291038513184
0391,2.7731,2.7609400749206543
0391,2.778,2.735161781311035
0391,2.856,2.813784599304199
0391,5.3937,5.126145839691162
0391,3.2561,3.503429889678955
0391,3.4348,3.506519079208374
0391,3.5623,3.2588517665863037
0391,3.7402,3.3324780464172363
0391,2.9912,2.080461263656616
0391,4.1183,4.408393383026123
0391,0.4614,0.5879833698272705
0391,2.5093,2.513823986053467
0391,1.3481,1.4348156452178955
0391,2.7143,2.798330545425415
0391,5.7486,4.337523460388184
0391,0.8563,0.9879260659217834
0391,2.8296,2.981858015060425
0391,3.0009,2.821937322616577
0391,3.2118,4.010374546051025
0391,4.4653,3.757166624069214
0391,4.935,3.4933769702911377
0391,2.2031,3.1722629070281982
0391,2.8077,3.538963556289673
0391,4.2922,4.518592357635498
0391,4.7425,4.427749156951904
0391,2.011,2.2287485599517822
0391,2.976,2.9396278858184814
0391,4.5816,4.35243558883667
0391,4.5854,4.377737522125244
0391,0.5156,0.7814472317695618
0391,1.3083,1.5931434631347656
0391,1.3658,1.5549947023391724
0391,1.5835,2.2521355152130127
0391,1.9245,3.468949794769287
0391,2.8438,2.0786073207855225
0391,3.4122,2.9244682788848877
0391,3.4901,2.760523796081543
0391,1.5272,1.9582847356796265
0391,1.8244,2.4543046951293945
0391,2.4271,2.044962167739868
0391,4.565,4.652256011962891
0391,6.0579,5.683742046356201
0391,4.7414,4.1259870529174805
0391,2.9457,3.4972751140594482
0391,3.177,3.4692556858062744
0391,3.6337,3.4692556858062744
0391,3.6365,3.4175379276275635
0391,0.6064,1.7344626188278198
0391,2.7125,3.320530414581299
0391,3.0697,3.1179418563842773
0391,3.1354,2.942033290863037
0391,4.5181,4.5768351554870605
0391,4.8185,4.156238079071045
0391,3.8603,4.050437927246094
0391,4.1367,3.9025440216064453
0391,1.8484,1.5427242517471313
0391,2.7734,2.4426612854003906
0391,4.1724,4.146039009094238
0391,4.1759,4.052286624908447
0391,2.1538,3.1512670516967773
0391,3.1023,2.8960964679718018
0391,1.3145,3.256185531616211
0391,1.9265,2.5741379261016846
0391,3.6506,3.6027328968048096
0391,0.499,1.6533840894699097
0391,2.0673,2.1710915565490723
0391,2.3088,2.2557060718536377
0391,4.5065,4.541989803314209
0391,6.5164,5.811418056488037
0391,4.4169,4.171801567077637
0391,4.4197,3.873448610305786
0391,5.9269,5.118629455566406
0391,1.2851,1.3718061447143555
0391,1.6294,2.6559855937957764
0391,2.0246,2.26225209236145
0391,1.362,1.1249366998672485
0391,3.9424,4.2234954833984375
0391,3.1695,3.1366126537323
0391,0.4946,0.697084903717041
0391,1.8382,1.927608609199524
0391,1.8414,2.0058722496032715
0391,5.3646,5.430528163909912
0391,5.5126,5.285208702087402
0391,2.6547,2.968698024749756
0391,2.7384,3.028346538543701
0391,2.9225,2.892212390899658
0391,2.9733,2.892212390899658
0391,4.5641,3.7642881870269775
0391,6.4149,4.441848278045654
0391,1.0848,1.5446240901947021
0391,4.4619,4.622488021850586
0391,0.5393,0.8373681306838989
0391,2.2262,2.4153571128845215
0391,3.2958,3.8067376613616943
0391,4.1862,4.902195453643799
0391,5.5938,3.6386735439300537
0391,1.0708,1.8179092407226562
0391,4.2873,0.6355233192443848
0391,4.1156,4.316678047180176
0391,0.8855,1.8893675804138184
0391,1.1661,1.7240259647369385
0391,2.1162,1.4889166355133057
0391,2.147,3.3334529399871826
0391,2.3268,2.0682179927825928
0391,2.7648,3.0627758502960205
0391,0.5444,0.9807506799697876
0391,0.5829,1.3968919515609741
0391,0.7605,1.06511652469635
0391,1.6232,2.5271244049072266
0391,4.3205,2.62900972366333
0391,0.9573,1.2450059652328491
0391,0.8553,1.1491121053695679
0391,2.0322,1.8751543760299683
0391,1.7848,2.0912652015686035
0391,0.5892,1.359317660331726
0391,0.9249,0.8705276250839233
0391,0.6799,0.9466356039047241
0391,0.7755,1.2811082601547241
0391,1.9609,1.9800326824188232
0391,3.0587,3.9860119819641113
0391,5.1739,3.10630202293396
0391,1.3622,1.2106887102127075
0391,2.8464,3.3522298336029053
0391,5.3321,5.579988956451416
0391,0.8391,1.3946459293365479
0391,1.5331,1.438954472541809
0391,2.1808,2.0621302127838135
0391,1.0357,1.050399661064148
0391,1.8916,1.9071986675262451
0391,1.4314,1.4322876930236816
0391,2.2213,2.1515276432037354
0391,0.4787,0.8395929336547852
0391,2.1227,1.9277454614639282
0391,2.6593,3.820021629333496
0391,1.1586,1.349464774131775
0391,1.214,1.58328378200531
0391,1.3585,1.456173300743103
0391,1.43,1.4426134824752808
0391,1.3048,2.16475248336792
0391,1.4255,1.4185402393341064
0391,2.1548,1.9068471193313599
0391,1.8986,2.0798275470733643
0391,4.0917,4.046652793884277
0391,1.2215,0.6407725214958191
0391,2.2926,2.794492244720459
0391,3.3121,3.287217140197754
0391,0.4734,0.992962658405304
0391,2.234,2.011115312576294
0391,1.2575,0.9529346823692322
0391,2.7255,3.003103017807007
0391,2.8001,2.980095863342285
0391,2.2023,2.3547751903533936
0391,2.205,2.362924337387085
0391,2.3188,2.3547751903533936
0391,3.157,4.434471130371094
0391,2.3243,2.837083578109741
0391,2.0607,2.3243889808654785
0391,2.1063,2.3031039237976074
0391,2.11,2.230380058288574
0391,4.1627,4.201600551605225
0391,4.1659,3.327221632003784
0391,4.1995,3.9704630374908447
0391,2.542,2.6429550647735596
0391,3.3873,3.4677727222442627
0391,3.4517,3.4677727222442627
0391,0.4794,1.7385600805282593
0391,0.5711,0.6205371618270874
0391,1.3452,1.271709680557251
0391,3.507,3.6138627529144287
0391,3.9989,4.110595226287842
0391,1.8895,2.5739362239837646
0391,1.021,0.9581940174102783
0391,2.3534,2.48716139793396
0391,0.4996,0.6506657600402832
0391,2.0945,2.2699568271636963
0391,4.4634,4.218440532684326
0391,4.4671,4.17930269241333
0391,1.8132,1.810181975364685
0391,1.8169,1.7939409017562866
0391,0.6859,1.1526490449905396
0391,3.0689,3.1140754222869873
0391,3.3904,3.293299913406372
0391,3.4828,3.2800583839416504
0391,3.4858,3.066185235977173
0391,4.0743,4.638380527496338
0391,4.7246,4.099604606628418
0391,0.4727,0.8375617861747742
0391,2.467,2.5130090713500977
0391,1.9383,2.4816243648529053
0391,2.6345,2.377997875213623
0391,3.043,2.6922619342803955
0391,2.1317,2.0516176223754883
0391,3.4061,3.804456949234009
0391,4.355,4.341601848602295
0391,5.1634,4.938340187072754
0391,5.5178,4.699021339416504
0391,5.5855,4.722379207611084
0391,1.9515,2.455612897872925
0391,2.0188,2.2996580600738525
0391,2.6403,2.455612897872925
0391,1.3024,1.3441619873046875
0391,1.8127,2.156158685684204
0391,2.9262,3.324139356613159
0391,1.358,1.2380226850509644
0391,1.5231,0.7721189856529236
0391,2.0556,1.8988231420516968
0391,2.6696,3.25093412399292
0391,2.9482,3.158163070678711
0391,1.6214,2.1096057891845703
0391,1.7079,1.8632861375808716
0391,4.0296,4.339251518249512
0186,10.713333333333331,9.539436340332031
0186,1.4916666666666667,4.947615146636963
0186,10.268333333333334,11.244991302490234
0186,11.36,11.907397270202637
0186,14.058333333333334,14.40996265411377
0186,9.835,9.31839656829834
0186,9.881666666666666,7.552404403686523
0186,9.72,10.12014102935791
0186,1.393333333333333,0.24609434604644775
0186,15.581666666666669,14.252946853637695
0186,11.081666666666669,12.685103416442871
0186,18.40333333333333,17.868432998657227
0186,1.475,1.5423716306686401
0186,17.470000000000002,18.064603805541992
0186,1.471666666666667,2.7320196628570557
0186,15.35,12.880326271057129
0186,1.51,1.5463980436325073
0186,12.178333333333336,12.321674346923828
0186,14.498333333333331,16.379928588867188
0186,1.3683333333333332,1.301702857017517
0186,15.35,17.313974380493164
0186,13.263333333333332,13.43952465057373
0186,9.688333333333333,8.8910551071167
0186,14.585,12.357892990112305
0186,19.956666666666667,15.98143196105957
0186,10.993333333333334,11.099527359008789
0186,12.063333333333333,14.010669708251953
0186,11.033333333333331,11.344145774841309
0186,9.901666666666667,11.133781433105469
0186,9.465,6.318155765533447
0186,19.426666666666662,15.612380027770996
0186,12.396666666666668,12.698481559753418
0186,11.096666666666666,12.441622734069824
0186,13.821666666666664,15.03028678894043
0186,10.323333333333332,9.006586074829102
0186,12.943333333333332,12.57967472076416
0186,9.866666666666667,9.021207809448242
0186,11.043333333333331,10.26765251159668
0186,10.121666666666666,11.252939224243164
0186,10.908333333333331,7.978002071380615
0186,10.218333333333334,7.385231971740723
0186,16.021666666666665,13.204078674316406
0186,10.783333333333331,8.107787132263184
0186,11.955,12.140894889831543
0186,10.428333333333336,11.411974906921387
0186,12.076666666666666,13.005346298217773
0186,11.531666666666666,12.693885803222656
0186,1.2366666666666668,3.1497628688812256
0186,15.026666666666667,15.416088104248047
0186,14.523333333333332,12.313124656677246
0186,11.251666666666669,11.542335510253906
0186,12.946666666666664,12.403495788574219
0186,1.485,4.47384786605835
0186,12.335,13.092059135437012
0186,10.016666666666667,11.0905179977417
0186,15.168333333333331,15.49277114868164
0186,13.326666666666666,14.934836387634277
0186,19.246666666666663,17.857980728149414
0186,10.273333333333332,9.0829496383667
0186,11.318333333333332,10.948493003845215
0186,1.535,8.07738971710205
0186,9.205,9.443741798400879
0186,17.168333333333333,16.509502410888672
0186,1.3716666666666666,0.563750684261322
0186,15.266666666666667,13.258317947387695
0186,1.8866666666666667,3.0757462978363037
0186,16.175,14.951606750488281
0186,1.8383333333333327,3.0814599990844727
0186,1.9583333333333333,6.532003879547119
0186,10.185,12.463887214660645
0186,17.383333333333333,14.26470947265625
0186,9.386666666666668,11.049386978149414
0186,10.985,11.429105758666992
0186,13.62,13.917098045349121
0186,17.43166666666667,16.274215698242188
0186,1.4933333333333332,3.753051519393921
0186,10.595,8.484230995178223
0186,9.64,7.545022010803223
0186,10.906666666666666,10.570281028747559
0186,11.415,12.812408447265625
0186,12.993333333333334,13.246625900268555
0186,1.4916666666666667,1.5998084545135498
0186,12.036666666666669,14.825430870056152
0186,16.518333333333334,18.143543243408203
0186,8.896666666666665,7.697376728057861
0186,9.991666666666667,4.969028472900391
0186,16.846666666666668,15.569640159606934
0186,10.355,5.3782148361206055
0186,11.241666666666667,12.28857707977295
0186,0.005,7.500609397888184
0186,10.4,12.22119140625
0186,16.665,14.775891304016113
0186,16.428333333333335,14.822759628295898
0186,20.16333333333333,15.277772903442383
0186,15.448333333333332,13.962471961975098
0186,13.83,13.563013076782227
0186,18.15333333333333,16.35868263244629
0186,12.875,11.848560333251953
0186,12.395,13.595869064331055
0186,10.928333333333336,10.98323917388916
0186,13.026666666666667,12.191550254821777
0186,20.366666666666667,17.298986434936523
0186,10.191666666666666,10.22749137878418
0186,16.513333333333332,14.124480247497559
0186,16.943333333333335,16.855445861816406
0186,12.921666666666663,13.072607040405273
0186,11.486666666666668,12.668872833251953
0186,15.923333333333334,17.065919876098633
0186,10.535,11.444342613220215
0186,11.748333333333331,13.348158836364746
0186,11.433333333333334,10.817486763000488
0186,9.636666666666668,10.79327392578125
0186,12.635,12.25065803527832
0186,11.671666666666663,14.628487586975098
0186,12.068333333333332,12.204585075378418
0186,6.161666666666666,14.350064277648926
0186,11.075,13.01662540435791
0186,9.925,7.789173603057861
0186,12.026666666666667,14.788321495056152
0186,11.296666666666663,11.424455642700195
0186,14.48,11.505758285522461
0186,1.6849999999999998,6.345368385314941
0186,1.1166666666666667,1.2235769033432007
0186,1.2133333333333334,3.9038310050964355
0186,10.746666666666666,7.889721870422363
0186,10.321666666666664,10.977795600891113
0186,11.401666666666667,11.194762229919434
0186,17.045,16.612577438354492
0186,15.051666666666668,16.05584144592285
0186,11.336666666666668,10.993057250976562
0186,18.953333333333333,17.9997501373291
0186,13.236666666666668,10.759787559509277
0186,11.83,13.213057518005371
0186,13.575,13.865130424499512
0186,10.928333333333336,8.81754207611084
0186,18.348333333333336,11.211219787597656
0186,1.53,7.151062965393066
0186,13.728333333333332,13.329846382141113
0186,15.046666666666663,13.062883377075195
0186,15.728333333333332,14.146169662475586
0186,14.34,14.426140785217285
0186,11.661666666666669,11.689504623413086
0186,17.455,17.37935447692871
0186,11.248333333333331,12.17687702178955
0186,13.67,12.437699317932129
0186,11.721666666666666,14.275425910949707
0186,15.481666666666666,14.402457237243652
0186,15.448333333333332,13.02739143371582
0186,12.203333333333337,11.766803741455078
0186,17.276666666666664,13.539011001586914
0186,9.955,7.283824920654297
0186,11.061666666666667,11.3151273727417
0186,16.32,13.894753456115723
0186,15.74,17.259382247924805
0186,11.951666666666666,9.174187660217285
0186,11.805,12.690204620361328
0186,1.4366666666666668,9.904769897460938
0186,19.466666666666665,17.834495544433594
0186,10.201666666666666,11.02939224243164
0186,13.59,13.02206039428711
0186,20.631666666666668,15.937915802001953
0186,18.975,20.357593536376953
0186,13.431666666666668,15.872457504272461
0186,12.763333333333332,13.167305946350098
0186,10.73,10.6610746383667
0186,11.1,10.652303695678711
0186,14.361666666666668,12.997150421142578
0186,14.91,11.701854705810547
0186,21.01833333333333,18.512805938720703
0186,20.49333333333333,16.2703800201416
0186,10.976666666666668,8.543972969055176
0186,12.808333333333334,8.05744457244873
0186,13.293333333333331,9.907756805419922
0186,15.496666666666666,14.913753509521484
0186,17.09333333333333,14.722834587097168
0186,9.48,10.35999870300293
0186,9.403333333333334,8.89794635772705
0186,15.276666666666667,17.156749725341797
0186,18.645,17.01938819885254
0186,12.226666666666668,14.362725257873535
0186,19.433333333333337,20.400806427001953
0186,15.401666666666667,15.562042236328125
0186,13.261666666666668,17.07401466369629
0186,9.871666666666666,9.453474998474121
0186,17.041666666666668,14.457953453063965
0186,18.32333333333333,17.0869140625
0186,10.148333333333332,9.390872955322266
0186,9.84,7.0376787185668945
0186,14.805,12.335149765014648
0186,14.623333333333331,14.115574836730957
0186,12.823333333333332,13.188830375671387
0186,20.126666666666665,19.113248825073242
0186,13.613333333333332,11.822408676147461
0186,1.5616666666666668,5.9210309982299805
0186,15.73,16.34103012084961
0186,14.858333333333333,17.7951717376709
0186,14.723333333333333,14.269913673400879
0186,11.085,12.239790916442871
0186,14.633333333333333,14.19089412689209
0186,14.173333333333334,17.011362075805664
0186,12.063333333333333,15.1129732131958
0186,12.723333333333333,12.835526466369629
0186,1.55,5.3548150062561035
0186,15.163333333333332,14.8778657913208
0186,10.36,7.751974582672119
0186,20.35833333333333,16.44485855102539
0186,10.026666666666667,12.370823860168457
0186,12.783333333333331,13.367240905761719
0186,16.771666666666665,16.304540634155273
0186,18.165000000000003,20.60601806640625
0186,11.286666666666669,13.00218391418457
0186,18.96833333333333,18.614776611328125
0186,11.353333333333332,9.97314167022705
0186,12.456666666666669,13.0205717086792
0186,11.966666666666669,12.969402313232422
0186,15.788333333333332,12.382097244262695
0186,11.578333333333337,10.379446983337402
0186,14.681666666666668,14.382402420043945
0186,11.38,11.900909423828125
0186,13.535,11.809754371643066
0186,13.345,12.134724617004395
0186,18.27,18.385656356811523
0186,13.596666666666666,11.205331802368164
0186,11.543333333333331,11.907106399536133
0186,14.105,14.730185508728027
0186,9.916666666666666,9.430161476135254
0186,10.58,10.069014549255371
0186,10.016666666666667,8.266138076782227
0186,16.205,14.28664493560791
0186,12.228333333333332,11.864977836608887
0186,11.571666666666664,11.511032104492188
0186,11.77,11.998407363891602
0186,12.528333333333334,12.384780883789062
0186,1.2766666666666666,4.226485729217529
0186,12.438333333333333,10.76760196685791
0186,15.041666666666666,15.96819019317627
0186,11.465,10.84263801574707
0186,10.478333333333332,10.672158241271973
0186,10.18,10.264996528625488
0186,10.603333333333332,10.878064155578613
0186,11.48,11.09740161895752
0186,12.13,11.520683288574219
0186,16.07,17.268754959106445
0186,12.47,12.474942207336426
0186,9.83,11.780928611755371
0186,10.165,11.810979843139648
0186,11.223333333333333,12.16063117980957
0186,14.535,16.648386001586914
0186,10.095,6.851401329040527
0186,21.545,18.326807022094727
0186,13.525,14.351814270019531
0186,13.086666666666668,15.020440101623535
0186,14.851666666666668,13.226563453674316
0186,17.023333333333333,16.017942428588867
0186,17.225,17.892656326293945
0186,15.216666666666669,12.534834861755371
0186,15.916666666666666,14.76805305480957
0186,14.53,14.153888702392578
0186,10.521666666666668,10.88032341003418
0186,15.851666666666668,15.058954238891602
0186,11.518333333333334,11.521446228027344
0186,15.13,10.945219993591309
0186,15.555,15.989919662475586
0186,10.785,12.164982795715332
0186,16.67,17.90088653564453
0186,10.178333333333336,9.858328819274902
0186,14.736666666666668,12.719964027404785
0186,20.633333333333333,16.4289493560791
0186,9.918333333333331,14.107304573059082
0186,10.523333333333332,13.051115036010742
0186,10.18,11.545567512512207
0186,16.645,13.47287368774414
0186,11.076666666666666,9.122112274169922
0186,18.115,17.874753952026367
0186,19.065,16.070207595825195
0186,9.326666666666666,10.487022399902344
0186,13.745,12.779593467712402
0186,14.861666666666668,13.618042945861816
0186,15.248333333333331,17.549537658691406
0186,14.765,15.808852195739746
0186,11.85,12.227508544921875
0186,11.176666666666668,14.671172142028809
0186,13.361666666666668,14.480607032775879
0186,19.098333333333336,16.22901153564453
0186,13.836666666666668,12.934320449829102
0186,10.72,12.179888725280762
0186,14.001666666666669,16.996904373168945
0186,12.798333333333334,15.243794441223145
0186,20.78166666666667,16.155731201171875
0186,17.259999999999998,11.20746898651123
0186,15.101666666666668,14.413816452026367
0186,15.268333333333334,12.260309219360352
0186,12.553333333333336,8.366991996765137
0186,15.988333333333332,16.662797927856445
0186,12.49,11.903614044189453
0186,15.258333333333333,14.909079551696777
0186,18.26333333333333,17.715795516967773
0186,12.776666666666667,13.361602783203125
0186,11.643333333333334,15.229973793029785
0186,11.501666666666669,16.4853458404541
0186,11.546666666666663,13.948753356933594
0186,10.858333333333333,5.845703125
0186,15.71,14.885087013244629
0186,13.025,13.594589233398438
0186,14.263333333333332,15.76103687286377
0186,11.136666666666668,11.513998985290527
0186,10.966666666666669,11.774765014648438
0186,10.476666666666668,11.899412155151367
0186,10.808333333333334,11.237714767456055
0186,10.855,11.1863374710083
0186,10.906666666666666,11.117657661437988
0186,13.568333333333332,16.170913696289062
0186,12.886666666666668,11.072234153747559
0186,11.225,12.818440437316895
0186,12.866666666666667,16.028839111328125
0186,15.066666666666666,15.413351058959961
0186,10.725,9.325616836547852
0186,1.575,10.286513328552246
0186,11.296666666666663,11.163711547851562
0186,10.923333333333334,10.597588539123535
0186,18.69333333333333,16.055849075317383
0186,12.575,12.813323974609375
0186,12.048333333333334,11.548404693603516
0186,16.015,14.984270095825195
0186,10.74,8.509856224060059
0186,10.29,12.20854663848877
0186,1.5883333333333334,2.418698787689209
0186,19.076666666666664,17.893051147460938
0186,16.526666666666667,16.09879493713379
0186,12.203333333333337,11.5397367477417
0186,13.193333333333332,11.791196823120117
0186,18.195,17.10053062438965
0186,10.37,10.093381881713867
0186,14.806666666666668,14.630779266357422
0186,12.083333333333334,17.43848419189453
0186,16.021666666666665,16.851097106933594
0186,18.416666666666668,18.135255813598633
0186,20.791666666666668,17.076030731201172
0186,19.558333333333337,18.30311393737793
0186,10.688333333333333,11.454062461853027
0186,12.123333333333331,12.369394302368164
0186,11.385,10.766938209533691
0186,12.418333333333331,14.726335525512695
0186,11.785,13.567238807678223
0186,16.815,12.32645034790039
0186,16.351666666666667,18.930076599121094
0186,11.183333333333334,11.165452003479004
0186,15.055,13.975153923034668
0186,1.85,3.544710397720337
0186,1.4933333333333332,4.609834671020508
0186,1.45,5.512986660003662
0186,14.668333333333331,14.000286102294922
0186,16.861666666666668,17.313276290893555
0186,18.97,16.40465545654297
0186,12.568333333333332,14.719389915466309
0186,14.233333333333333,3.4135935306549072
0186,10.22,9.474913597106934
0186,10.761666666666668,12.087204933166504
0186,12.923333333333334,14.110888481140137
0186,10.851666666666668,10.807415962219238
0186,10.76,8.98925495147705
0186,21.48,16.779054641723633
0186,13.518333333333334,12.109773635864258
0186,11.181666666666668,12.12368392944336
0186,17.68166666666667,15.691560745239258
0186,12.893333333333334,12.772632598876953
0186,11.513333333333332,12.296648025512695
0186,11.325,7.978463172912598
0186,12.276666666666667,10.166268348693848
0186,13.11,12.259913444519043
0186,13.526666666666667,10.69078540802002
0186,9.151666666666667,5.961310386657715
0186,12.09,11.137162208557129
0186,13.36,12.667145729064941
0186,18.811666666666667,17.587379455566406
0186,13.32,14.487138748168945
0186,17.266666666666666,13.38056468963623
0186,10.46,9.711908340454102
0186,12.278333333333334,12.822275161743164
0186,11.751666666666669,10.00216007232666
0186,10.408333333333331,9.90617847442627
0186,19.58333333333333,14.603232383728027
0186,12.488333333333332,12.625043869018555
0186,10.641666666666667,12.233780860900879
0186,19.851666666666667,16.23535919189453
0186,1.385,1.9125940799713135
0186,11.54,11.633452415466309
0186,1.5633333333333332,9.986196517944336
0186,1.5016666666666665,2.3794431686401367
0186,11.208333333333334,10.691003799438477
0186,13.678333333333336,12.94653034210205
0186,12.196666666666664,14.096349716186523
0186,2.0416666666666665,2.195497751235962
0186,13.883333333333333,14.05329704284668
0186,1.675,9.845688819885254
0186,1.5983333333333334,5.11809778213501
0186,9.181666666666668,7.48740816116333
0186,1.7416666666666667,4.122463226318359
0186,10.591666666666669,10.8888521194458
0186,1.4866666666666668,1.440970778465271
0186,10.283333333333331,9.180898666381836
0186,9.55,6.070766925811768
0186,11.011666666666668,11.333953857421875
0186,1.495,5.864939212799072
0186,15.418333333333331,13.932341575622559
0186,12.675,14.596254348754883
0186,14.435,15.10476303100586
0186,17.113333333333333,15.8214693069458
0186,10.93,11.651087760925293
0186,16.505,14.336174964904785
0186,10.596666666666666,11.697336196899414
0186,14.376666666666669,14.617093086242676
0186,11.453333333333337,11.820714950561523
0186,9.935,8.295511245727539
0186,11.698333333333332,12.899846076965332
0186,15.735,13.455101013183594
0186,15.998333333333331,15.12922477722168
0186,13.188333333333333,13.61876392364502
0186,14.276666666666667,15.849041938781738
0186,13.828333333333337,14.790658950805664
0186,12.858333333333333,12.17988109588623
0186,17.73166666666667,14.92951774597168
0186,15.218333333333334,14.865139961242676
0186,10.981666666666666,11.968321800231934
0186,11.321666666666664,14.396637916564941
0186,1.6333333333333333,6.343780040740967
0186,15.901666666666667,16.765838623046875
0186,13.078333333333337,13.714661598205566
0186,13.756666666666666,12.02685260772705
0186,11.798333333333334,11.301966667175293
0186,12.173333333333334,12.65198802947998
0186,13.218333333333334,12.441316604614258
0186,6.033333333333333,9.983941078186035
0186,10.755,12.16540813446045
0186,18.101666666666667,15.969029426574707
0186,19.785,16.176664352416992
0186,10.053333333333336,9.926513671875
0186,11.82,9.409157752990723
0186,17.875,15.352396011352539
0186,12.68,12.953845024108887
0186,11.336666666666668,13.158917427062988
0186,1.5766666666666669,6.508015155792236
0186,10.601666666666668,11.478242874145508
0186,14.896666666666668,14.050125122070312
0186,13.91,13.681981086730957
0186,13.471666666666666,15.04129409790039
0186,13.118333333333334,13.27086353302002
0186,16.15,13.83293342590332
0186,10.806666666666668,13.198101043701172
0186,18.926666666666662,14.767728805541992
0186,13.728333333333332,14.667366027832031
0186,11.003333333333334,12.87898063659668
0186,15.378333333333334,16.311269760131836
0186,15.213333333333331,15.77183723449707
0186,14.973333333333333,14.898451805114746
0186,15.166666666666666,18.325645446777344
0186,10.648333333333332,11.827675819396973
0186,1.585,3.7492177486419678
0186,12.89,13.313677787780762
0186,1.535,4.170780181884766
0186,12.948333333333332,10.582849502563477
0186,14.626666666666669,13.093661308288574
0186,11.638333333333332,9.042515754699707
0186,11.118333333333334,10.735633850097656
0186,1.518333333333333,6.437711715698242
0186,11.86,11.698684692382812
0186,14.423333333333334,16.799551010131836
0186,12.128333333333334,12.568235397338867
0186,1.3166666666666669,0.860237717628479
0186,13.446666666666664,15.024927139282227
0186,15.305,14.54806900024414
0186,9.368333333333334,7.815850734710693
0186,12.938333333333333,13.556008338928223
0186,11.351666666666668,12.000907897949219
0186,16.529999999999998,12.552549362182617
0186,1.45,4.677929878234863
0186,10.653333333333334,10.326945304870605
0186,13.273333333333332,14.930601119995117
0186,10.871666666666666,10.779617309570312
0186,1.4883333333333333,3.7004997730255127
0186,13.125,14.541106224060059
0186,10.2,11.590203285217285
0186,12.143333333333334,14.05441665649414
0186,9.855,9.714578628540039
0186,1.5016666666666665,2.3794431686401367
0186,16.943333333333335,16.527851104736328
0186,10.918333333333331,10.25576114654541
0186,10.158333333333331,10.162097930908203
0186,11.948333333333332,11.54330825805664
0186,12.481666666666666,12.99288558959961
0186,12.533333333333331,12.797599792480469
0186,13.881666666666666,13.92199993133545
0186,12.515,11.620612144470215
0186,16.571666666666665,18.022216796875
0186,15.783333333333331,16.001447677612305
0186,1.8483333333333327,8.880126953125
0186,11.348333333333333,11.654240608215332
0186,9.82,9.784210205078125
0186,12.13,12.383261680603027
0186,12.466666666666669,11.186040878295898
0186,10.875,11.465208053588867
0186,10.721666666666666,11.396442413330078
0186,10.985,10.925464630126953
0186,9.821666666666664,9.128926277160645
0186,13.655,13.312284469604492
0186,11.95,12.994123458862305
0186,9.648333333333332,11.843486785888672
0186,20.30666666666667,17.998926162719727
0186,12.53,13.141206741333008
0186,14.06,15.066692352294922
0186,10.895,7.094719409942627
0186,17.925,9.77381706237793
0186,15.705,13.916309356689453
0186,20.116666666666667,11.979412078857422
0186,15.11,10.30105209350586
0186,14.295,7.209166526794434
0186,11.055,11.350196838378906
0186,18.295,18.50255012512207
0186,11.065,11.897183418273926
0186,19.0,15.344311714172363
0186,13.046666666666663,9.944697380065918
0186,11.005,10.189555168151855
0186,14.958333333333334,16.454275131225586
0186,10.491666666666667,10.560745239257812
0186,9.963333333333331,10.422709465026855
0186,10.921666666666663,12.877046585083008
0186,14.305,14.777463912963867
0186,11.66,12.355751037597656
0186,16.821666666666665,15.166446685791016
0186,11.298333333333334,13.542670249938965
0186,15.94,13.156085968017578
0186,10.938333333333333,10.403141021728516
0186,14.758333333333333,13.782736778259277
0186,10.55,10.546679496765137
0186,14.233333333333333,15.786128997802734
0186,1.395,2.447434663772583
0186,14.115,14.236244201660156
0186,17.823333333333334,12.808514595031738
0186,17.48166666666667,14.210556983947754
0186,10.363333333333332,12.125646591186523
0186,13.075,10.612509727478027
0186,10.741666666666667,4.686110496520996
0186,9.853333333333332,11.490762710571289
0186,21.12333333333333,17.561227798461914
0186,12.753333333333334,11.881855964660645
0186,12.205,11.650781631469727
0186,10.825,10.07368278503418
0186,13.088333333333331,13.108258247375488
0186,11.168333333333331,11.814521789550781
0186,11.731666666666666,12.7495756149292
0186,11.91,12.300820350646973
0186,10.331666666666669,12.002495765686035
0186,15.615,13.215688705444336
0186,11.408333333333331,8.59410285949707
0186,15.375,14.729220390319824
0186,10.778333333333334,11.346091270446777
0186,19.236666666666668,15.73594856262207
0186,14.856666666666666,14.677577018737793
0186,14.385,16.46515464782715
0186,17.029999999999998,14.494607925415039
0186,13.441666666666666,10.830999374389648
0186,10.645,11.300271987915039
0186,9.528333333333334,10.374181747436523
0186,20.918333333333333,16.519752502441406
0186,9.251666666666669,12.606343269348145
0186,9.981666666666666,9.540472030639648
0186,11.946666666666664,11.43173599243164
0186,10.065,13.78219985961914
0186,12.0,11.291587829589844
0186,13.706666666666669,12.338624000549316
0186,16.24,16.295482635498047
0186,1.3983333333333334,3.333707809448242
0186,12.506666666666666,10.230225563049316
0186,10.116666666666667,8.721248626708984
0186,10.336666666666668,12.636032104492188
0186,15.543333333333331,5.979010581970215
0186,11.151666666666667,10.26506519317627
0186,11.161666666666669,10.981308937072754
0186,10.503333333333334,16.89722442626953
0186,11.34,14.123991012573242
0186,10.531666666666666,12.33217716217041
0186,11.776666666666667,14.960787773132324
0186,17.475,16.577640533447266
0186,19.401666666666664,15.765778541564941
0186,10.871666666666666,8.831663131713867
0186,10.461666666666668,11.348761558532715
0186,14.438333333333333,15.991168022155762
0186,12.84,11.868962287902832
0186,18.276666666666664,14.122036933898926
0186,16.98,11.99675178527832
0186,12.868333333333334,14.04430103302002
0186,19.90833333333333,16.505369186401367
0186,9.876666666666669,10.28005599975586
0186,15.928333333333336,11.69067668914795
0186,13.308333333333334,16.276411056518555
0186,22.07,18.737445831298828
0186,19.09333333333333,17.711448669433594
0186,19.076666666666664,16.838481903076172
0186,21.651666666666664,16.642637252807617
0186,19.251666666666665,17.413118362426758
0186,1.5316666666666667,1.679628610610962
0186,20.863333333333333,16.78325843811035
0186,1.4466666666666663,8.355231285095215
0186,11.033333333333331,10.50550365447998
0186,10.173333333333334,7.376249313354492
0186,9.728333333333332,10.524572372436523
0186,10.458333333333334,12.048337936401367
0186,10.33,10.347867012023926
0186,9.993333333333334,9.053558349609375
0186,11.336666666666668,11.781879425048828
0186,12.718333333333334,12.905306816101074
0186,9.726666666666668,11.43242073059082
0186,17.485,16.379945755004883
0186,10.996666666666666,12.230057716369629
0186,14.016666666666667,11.677032470703125
0186,12.921666666666663,12.733573913574219
0186,10.29,10.634668350219727
0186,12.206666666666669,11.228089332580566
0186,1.8716666666666664,5.797591209411621
0186,1.4666666666666666,3.7189834117889404
0186,1.5450000000000002,9.925561904907227
0186,15.245,11.83362865447998
0186,12.051666666666668,12.056120872497559
0186,17.825,14.56557846069336
0186,11.901666666666667,8.874529838562012
0186,18.285,16.30397605895996
0186,13.735,15.851741790771484
0186,11.276666666666667,12.373678207397461
0186,11.07,10.875112533569336
0186,10.316666666666666,9.750551223754883
0186,1.5450000000000002,5.649714469909668
0186,10.778333333333334,12.358169555664062
0186,11.031666666666666,11.152047157287598
0186,12.066666666666666,13.733041763305664
0186,12.431666666666668,12.269278526306152
0186,17.404999999999998,11.918961524963379
0186,11.793333333333331,10.356470108032227
0186,14.566666666666666,16.937732696533203
0186,13.676666666666668,14.302047729492188
0186,13.625,14.589735984802246
0186,16.2,12.912445068359375
0186,19.203333333333333,15.4169282913208
0186,16.593333333333334,14.362977027893066
0186,19.916666666666668,19.221080780029297
0186,15.781666666666666,14.261237144470215
0186,11.406666666666666,14.465688705444336
0186,13.92,13.630480766296387
0186,16.96333333333333,13.57115650177002
0186,11.113333333333332,11.63456916809082
0186,10.816666666666666,14.170961380004883
0186,15.045,14.661540985107422
0186,11.89,10.15418529510498
0186,18.40666666666667,18.29145050048828
0186,13.996666666666666,12.347148895263672
0186,10.636666666666668,10.004351615905762
0186,13.475,14.534235000610352
0186,14.651666666666667,15.668021202087402
0186,9.815,11.212968826293945
0186,19.336666666666662,16.96453285217285
0186,9.643333333333334,5.034257411956787
0186,10.86,11.37228775024414
0186,1.3083333333333331,1.9125940799713135
0186,13.796666666666663,16.714494705200195
0186,1.46,4.092843055725098
0186,10.221666666666666,11.169588088989258
0186,13.96,13.163907051086426
0186,11.31,8.880061149597168
0186,12.63,14.211201667785645
0186,16.23,14.51214599609375
0186,12.403333333333334,12.969308853149414
0186,13.948333333333332,13.596426010131836
0186,14.651666666666667,13.95612907409668
0186,12.44,12.371216773986816
0186,10.165,10.905892372131348
0186,1.3316666666666668,1.3942451477050781
0186,13.426666666666668,14.293540000915527
0186,13.135,13.416145324707031
0186,10.818333333333332,10.511086463928223
0186,13.706666666666669,13.750665664672852
0186,10.703333333333337,11.320395469665527
0186,12.82,13.040031433105469
0186,11.19,10.648195266723633
0186,16.168333333333333,14.0233154296875
0186,11.901666666666667,12.316137313842773
0186,17.59333333333333,16.144498825073242
0186,11.155,14.673246383666992
0186,14.09,13.757054328918457
0186,11.963333333333331,12.068127632141113
0186,13.041666666666666,15.197249412536621
0186,1.475,3.063218593597412
0186,13.188333333333333,11.530613899230957
0186,10.446666666666664,1.0471901893615723
0186,12.098333333333333,12.37325668334961
0186,12.391666666666667,13.148026466369629
0186,11.726666666666668,13.913625717163086
0186,1.6583333333333334,3.4728281497955322
0186,15.313333333333333,13.972062110900879
0186,12.956666666666669,12.992010116577148
0186,11.005,13.006011009216309
0186,14.361666666666668,14.329906463623047
0186,10.58,14.362167358398438
0186,13.968333333333334,13.993688583374023
0186,12.083333333333334,13.797552108764648
0186,14.98,14.507972717285156
0186,18.551666666666662,15.311020851135254
0186,11.186666666666667,13.080634117126465
0186,10.735,13.611544609069824
0186,12.943333333333332,12.639803886413574
0186,9.796666666666663,7.789173603057861
0186,10.6,9.964025497436523
0186,11.521666666666668,14.022406578063965
0186,14.358333333333333,13.780957221984863
0186,9.591666666666669,9.891643524169922
0186,13.835,12.059257507324219
0186,10.69,10.183765411376953
0186,19.85833333333333,12.962471008300781
0186,14.73,13.623616218566895
0186,13.888333333333332,11.229009628295898
0186,12.096666666666666,17.992334365844727
0186,14.603333333333332,12.665238380432129
0186,16.333333333333332,15.217058181762695
0186,11.236666666666668,13.003337860107422
0186,11.165,11.188936233520508
0186,13.116666666666667,14.552468299865723
0186,15.145,13.695284843444824
0186,10.091666666666669,7.359127044677734
0186,12.771666666666668,12.541925430297852
0186,1.4783333333333333,7.705624103546143
0186,1.8333333333333333,7.102908611297607
0186,10.151666666666667,4.8115715980529785
0186,10.84,11.975554466247559
0186,12.433333333333334,13.217308044433594
0186,19.328333333333333,15.535555839538574
0186,11.823333333333332,11.84130859375
0186,11.24,12.073251724243164
0186,10.783333333333331,12.445775985717773
0186,11.408333333333331,16.066431045532227
0186,15.573333333333332,12.798430442810059
0186,21.95833333333333,17.345129013061523
0186,14.675,13.187996864318848
0186,14.12,14.5485200881958
0186,10.403333333333334,12.361029624938965
0186,14.215,14.200678825378418
0186,16.196666666666665,13.485101699829102
0186,10.405,13.112380981445312
0186,11.106666666666666,13.246474266052246
0186,9.896666666666668,6.215636253356934
0186,15.803333333333336,16.013059616088867
0186,12.281666666666666,12.734957695007324
0186,10.808333333333334,10.970843315124512
0186,19.97833333333333,16.764432907104492
0186,10.228333333333332,12.145893096923828
0186,10.69,8.406447410583496
0186,15.821666666666664,14.688209533691406
0186,15.786666666666669,13.331228256225586
0186,10.625,11.010375022888184
0186,11.731666666666666,12.269331932067871
0186,10.485,9.96815299987793
0186,13.908333333333331,15.643280029296875
0186,14.316666666666666,14.075000762939453
0186,11.745,11.703082084655762
0186,15.605,10.049281120300293
0186,15.39,13.415202140808105
0186,11.563333333333333,14.281173706054688
0186,11.896666666666668,13.476563453674316
0186,10.865,10.463759422302246
0186,13.983333333333333,11.14506721496582
0186,12.25,12.874465942382812
0186,10.565,11.554320335388184
0186,13.983333333333333,13.25349235534668
0186,10.648333333333332,11.17449951171875
0186,15.401666666666667,15.297871589660645
0186,10.19,11.570402145385742
0186,11.783333333333331,12.496631622314453
0186,9.728333333333332,6.847728252410889
0186,9.565,7.832242965698242
0186,9.765,9.513165473937988
0186,1.518333333333333,1.9205774068832397
0186,1.518333333333333,3.1468617916107178
0186,11.841666666666669,11.34575080871582
0186,14.936666666666667,14.156607627868652
0186,12.506666666666666,12.206089973449707
0186,11.325,12.451210975646973
0186,13.796666666666663,13.406982421875
0186,12.256666666666666,11.698624610900879
0186,10.96,10.170843124389648
0186,12.506666666666666,12.316302299499512
0186,13.838333333333331,12.885644912719727
0186,14.248333333333331,13.461400985717773
0186,9.001666666666667,8.975001335144043
0186,9.521666666666668,9.747560501098633
0186,10.036666666666669,9.984813690185547
0186,9.361666666666668,9.481889724731445
0186,8.860000000000001,9.301694869995117
0186,11.818333333333332,12.149785041809082
0186,12.673333333333334,16.235570907592773
0186,12.256666666666666,11.24990463256836
0186,14.561666666666667,13.087311744689941
0186,10.908333333333331,12.29968547821045
0186,13.821666666666664,13.578232765197754
0186,12.506666666666666,12.611599922180176
0186,17.75,16.2259464263916
0186,10.596666666666666,12.4714994430542
0186,10.776666666666667,11.168360710144043
0186,13.948333333333332,14.726089477539062
0186,12.256666666666666,12.435175895690918
0186,18.956666666666667,18.038326263427734
0186,15.031666666666666,16.57069206237793
0186,14.708333333333334,15.046119689941406
0186,1.4333333333333331,1.9445455074310303
0186,1.2516666666666665,1.341712236404419
0186,9.563333333333333,9.030773162841797
0186,10.053333333333336,9.83635425567627
0186,1.4400000000000002,2.485954999923706
0186,10.991666666666667,11.5728759765625
0186,10.908333333333331,11.844609260559082
0186,11.946666666666664,11.750103950500488
0186,9.765,10.76368236541748
0186,9.688333333333333,9.13803482055664
0186,1.5566666666666669,2.7312159538269043
0186,9.215,8.368505477905273
0186,10.77,10.662969589233398
0186,21.24333333333333,18.495370864868164
0186,12.343333333333334,12.073892593383789
0186,14.59,14.375846862792969
0186,11.25,11.701939582824707
0186,16.006666666666668,15.56546401977539
0186,10.375,9.9700927734375
0186,11.766666666666667,12.441329002380371
0186,13.623333333333331,13.680655479431152
0186,20.53833333333333,18.73410987854004
0186,13.965,13.88345718383789
0186,11.041666666666666,10.948288917541504
0186,12.966666666666669,12.659903526306152
0186,15.751666666666669,13.95967960357666
0186,1.5333333333333334,3.6404805183410645
0186,10.365,11.020355224609375
0186,9.376666666666669,9.558823585510254
0186,1.48,4.6187028884887695
0186,9.543333333333331,7.900451183319092
0186,1.59,3.6674091815948486
0186,10.056666666666668,12.438791275024414
0186,13.725,12.775532722473145
0186,14.413333333333332,13.092012405395508
0186,10.418333333333331,11.00929069519043
0186,10.056666666666668,12.150533676147461
0186,13.411666666666669,12.819917678833008
0186,14.116666666666667,13.238581657409668
0186,13.286666666666669,13.020566940307617
0186,12.586666666666668,11.575861930847168
0186,12.093333333333334,12.22698974609375
0186,13.105,12.215544700622559
0186,9.226666666666668,8.885187149047852
0186,10.675,12.549925804138184
0186,9.563333333333333,9.80892562866211
0186,9.233333333333333,9.167832374572754
0186,9.73,9.745813369750977
0186,1.538333333333333,3.117382526397705
0186,1.4416666666666669,2.8823063373565674
0186,1.4200000000000002,1.5372108221054077
0186,9.118333333333334,7.489181995391846
0186,10.813333333333333,10.840352058410645
0186,12.676666666666668,12.377443313598633
0186,11.691666666666666,11.715916633605957
0186,12.69,12.901790618896484
0186,10.896666666666668,10.82912540435791
0186,11.488333333333332,11.736804008483887
0186,10.153333333333334,9.941244125366211
0186,10.06,10.544490814208984
0186,11.698333333333332,11.606619834899902
0186,1.52,1.8146861791610718
0186,1.6316666666666668,4.0882720947265625
0186,9.62,6.081252574920654
0186,10.876666666666669,11.911635398864746
0186,1.6383333333333332,6.788671493530273
0186,10.785,11.656882286071777
0186,11.008333333333333,11.571786880493164
0186,13.018333333333334,12.147183418273926
0186,11.353333333333332,11.140192985534668
0186,12.281666666666666,12.219077110290527
0186,10.87,10.679777145385742
0186,9.931666666666668,10.7574462890625
0186,11.626666666666669,10.75721263885498
0186,11.311666666666667,11.802708625793457
0186,11.82,11.66916275024414
0186,9.833333333333334,7.428502559661865
0186,9.853333333333332,9.076187133789062
0186,9.743333333333334,9.176032066345215
0186,1.425,6.176854610443115
0186,10.931666666666668,11.173725128173828
0186,10.51,11.215167045593262
0186,9.618333333333334,8.427152633666992
0186,12.696666666666664,13.374377250671387
0186,12.778333333333334,12.862329483032227
0186,10.815,11.23306941986084
0186,13.875,13.943568229675293
0186,11.003333333333334,10.178868293762207
0186,11.393333333333334,11.224915504455566
0186,10.815,10.708751678466797
0186,12.21,11.99240493774414
0186,15.96,14.47854995727539
0186,11.671666666666663,11.76835823059082
0186,10.833333333333334,11.625202178955078
0186,9.071666666666664,8.956587791442871
0186,1.6033333333333333,3.6454172134399414
0186,1.5483333333333331,4.0341973304748535
0186,9.586666666666668,2.343289375305176
0186,9.64,7.929292678833008
0186,1.3866666666666667,3.0777487754821777
0186,1.45,1.774735450744629
0186,1.645,3.8524787425994873
0186,9.353333333333332,9.987820625305176
0186,9.713333333333331,5.533172607421875
0186,8.963333333333333,5.686856269836426
0186,11.881666666666666,11.823765754699707
0186,12.236666666666668,13.130495071411133
0186,12.006666666666666,12.008865356445312
0186,10.67,10.324408531188965
0186,11.673333333333334,12.014578819274902
0186,10.676666666666668,11.225658416748047
0186,11.965,12.420437812805176
0186,15.233333333333333,15.765998840332031
0186,14.77,16.006013870239258
0186,13.158333333333331,12.64112377166748
0186,14.471666666666666,14.80131721496582
0186,9.43,8.019508361816406
0186,9.63,9.307087898254395
0186,10.15,10.481451988220215
0186,1.5266666666666666,4.066008567810059
0186,10.768333333333334,11.33853816986084
0186,10.96,10.512874603271484
0186,13.043333333333331,13.626399040222168
0186,10.328333333333337,10.98195743560791
0186,11.15,11.079483032226562
0186,11.135,11.662521362304688
0186,9.993333333333334,7.815037250518799
0186,11.453333333333337,11.344717025756836
0186,10.536666666666669,10.456258773803711
0186,1.4433333333333331,6.76597785949707
0186,12.84,12.813006401062012
0186,10.421666666666663,10.636366844177246
0186,12.57,10.638041496276855
0186,10.968333333333334,10.908349990844727
0186,12.185,12.87938404083252
0186,11.301666666666668,12.574678421020508
0186,13.498333333333331,12.520695686340332
0186,10.65,11.27373218536377
0186,14.868333333333334,13.82546615600586
0186,10.608333333333333,11.225691795349121
0186,16.4,15.605716705322266
0186,11.533333333333331,12.189567565917969
0186,13.278333333333334,12.66329574584961
0186,13.533333333333331,16.344558715820312
0186,10.503333333333334,11.478233337402344
0186,14.416666666666666,13.73569393157959
0186,15.406666666666666,14.6620512008667
0186,12.221666666666666,11.809957504272461
0186,12.215,12.229294776916504
0186,15.371666666666666,14.04568099975586
0186,10.763333333333332,11.99069595336914
0186,11.645,12.04075813293457
0186,15.203333333333337,13.210352897644043
0186,13.546666666666663,12.722982406616211
0186,13.601666666666668,12.000051498413086
0186,13.29,12.364684104919434
0186,9.206666666666669,8.665127754211426
0186,9.401666666666667,9.921231269836426
0186,9.936666666666667,10.220934867858887
0186,13.331666666666669,12.65981388092041
0186,9.531666666666666,10.52897834777832
0186,9.178333333333336,10.42469310760498
0186,9.995,11.177871704101562
0186,9.283333333333331,9.782001495361328
0186,10.085,10.597064018249512
0186,9.813333333333333,10.699007987976074
0186,9.828333333333337,10.392379760742188
0186,1.43,2.234891414642334
0186,10.178333333333336,10.185957908630371
0186,9.59,4.791849613189697
0186,1.4433333333333331,6.305756568908691
0186,9.641666666666667,9.00139331817627
0186,12.258333333333333,11.972811698913574
0186,11.286666666666669,10.402233123779297
0186,13.255,13.241079330444336
0186,11.725,11.658634185791016
0186,10.005,10.281943321228027
0186,11.593333333333334,11.243197441101074
0186,10.13,10.198939323425293
0186,11.821666666666664,11.854122161865234
0186,12.786666666666669,12.47580623626709
0186,10.836666666666668,11.426222801208496
0186,13.205,12.801055908203125
0186,13.071666666666664,13.55858325958252
0186,10.371666666666666,10.003523826599121
0186,11.723333333333333,12.241304397583008
0186,12.995,13.046782493591309
0186,12.313333333333333,12.152634620666504
0186,12.675,11.997791290283203
0186,10.816666666666666,12.166773796081543
0186,11.046666666666663,11.498801231384277
0186,13.805,12.986321449279785
0186,9.218333333333334,9.787025451660156
0186,9.218333333333334,10.051944732666016
0186,8.773333333333333,8.982857704162598
0186,8.968333333333334,9.342610359191895
0186,11.1,10.673367500305176
0186,11.173333333333334,10.995573997497559
0186,10.191666666666666,11.433133125305176
0186,9.375,4.73765230178833
0186,1.51,4.0113019943237305
0186,10.893333333333334,10.135316848754883
0186,11.48,11.671346664428711
0186,11.106666666666666,11.714296340942383
0186,11.905,11.427497863769531
0186,10.143333333333334,9.454947471618652
0186,12.488333333333332,11.846199989318848
0186,9.983333333333333,9.882784843444824
0186,10.476666666666668,9.434706687927246
0186,11.646666666666668,11.782676696777344
0186,1.471666666666667,5.21540641784668
0186,1.4666666666666666,4.333886623382568
0186,8.945,10.104789733886719
0186,9.36,8.930988311767578
0186,9.588333333333331,8.388978004455566
0186,9.61,3.1081273555755615
0186,10.055,10.032898902893066
0186,10.646666666666668,10.290483474731445
0186,1.52,3.6118314266204834
0186,9.548333333333334,10.43249797821045
0186,1.6166666666666667,6.205997467041016
0186,9.986666666666668,6.018117904663086
0186,1.4983333333333335,1.9758625030517578
0186,9.785,9.009570121765137
0186,12.41,11.75561809539795
0186,1.555,3.996812105178833
0186,12.856666666666666,12.91067886352539
0186,10.756666666666666,10.200211524963379
0186,11.0,10.810912132263184
0186,12.828333333333337,12.815105438232422
0186,9.701666666666666,7.659403324127197
0186,10.645,8.88379192352295
0186,11.798333333333334,11.56729507446289
0186,10.456666666666669,6.940483093261719
0186,11.81,0.4964549243450165
0186,10.876666666666669,11.015819549560547
0186,1.4383333333333332,3.7924907207489014
0186,1.4316666666666669,4.070390224456787
0186,9.463333333333331,7.153477668762207
0186,10.373333333333331,11.123780250549316
0186,10.616666666666667,11.1743745803833
0186,13.768333333333334,13.30843448638916
0186,10.665,11.336602210998535
0186,14.6,15.143296241760254
0186,17.043333333333333,16.25709342956543
0186,16.365,14.767569541931152
0186,14.961666666666668,16.363195419311523
0186,16.318333333333335,16.11335563659668
0186,12.193333333333332,11.661609649658203
0186,12.42,12.429630279541016
0186,12.605,12.731959342956543
0186,10.396666666666668,9.961997032165527
0186,13.58,14.010714530944824
0186,17.698333333333334,15.064008712768555
0186,13.891666666666667,13.999200820922852
0186,12.136666666666668,12.982964515686035
0186,14.773333333333332,13.999313354492188
0186,10.236666666666668,9.665851593017578
0186,11.41,11.89111614227295
0186,9.703333333333337,10.232666015625
0186,9.378333333333334,6.14349889755249
0186,1.5450000000000002,6.666980743408203
0186,1.5033333333333334,5.5759172439575195
0186,10.303333333333336,8.943507194519043
0186,9.483333333333333,8.446722984313965
0186,1.62,9.91109848022461
0186,12.338333333333331,11.829782485961914
0186,1.586666666666667,4.980863094329834
0186,11.9,10.865410804748535
0186,11.625,12.018512725830078
0186,10.456666666666669,11.283449172973633
0186,10.191666666666666,10.438307762145996
0186,10.013333333333332,6.60524845123291
0186,9.968333333333334,9.725395202636719
0186,9.543333333333331,8.081010818481445
0186,9.8,9.206522941589355
0186,9.488333333333332,5.13419246673584
0186,12.301666666666668,11.536372184753418
0186,20.125,18.656982421875
0186,12.003333333333334,12.139494895935059
0186,17.795,16.748380661010742
0186,9.371666666666666,9.512199401855469
0186,16.013333333333332,14.096508026123047
0186,11.143333333333334,11.48880386352539
0186,12.128333333333334,12.497502326965332
0186,11.185,11.322529792785645
0186,13.446666666666664,12.295782089233398
0186,12.711666666666668,12.76797866821289
0186,17.248333333333335,16.575481414794922
0186,17.48166666666667,15.713837623596191
0186,15.92,14.910889625549316
0186,10.208333333333334,11.28773307800293
0186,13.365,12.626193046569824
0186,10.955,11.407760620117188
0186,12.476666666666668,12.472187995910645
0186,13.161666666666669,12.708029747009277
0186,11.94,11.313615798950195
0186,13.365,12.314208984375
0186,13.56,13.79619312286377
0186,8.491666666666667,9.041231155395508
0186,9.058333333333334,10.478010177612305
0186,8.808333333333334,9.31568717956543
0186,8.8,10.066424369812012
0186,9.408333333333331,9.619830131530762
0186,9.781666666666666,9.6883544921875
0186,1.4216666666666666,2.079256534576416
0186,10.206666666666669,7.379873752593994
0186,1.3383333333333334,2.1821939945220947
0186,1.4633333333333334,3.9312233924865723
0186,1.595,1.7505091428756714
0186,9.725,9.794479370117188
0186,9.26,3.3178176879882812
0186,9.565,11.165122032165527
0186,12.721666666666666,12.739384651184082
0186,11.011666666666668,11.96041488647461
0186,10.498333333333331,11.411683082580566
0186,10.963333333333331,10.735819816589355
0186,12.02,11.683755874633789
0186,10.831666666666669,11.346960067749023
0186,10.38,10.411674499511719
0186,11.283333333333331,10.46224308013916
0186,12.166666666666666,12.615450859069824
0186,10.851666666666668,10.811478614807129
0186,12.803333333333336,12.568740844726562
0186,10.698333333333332,10.841654777526855
0186,11.753333333333334,13.44946002960205
0186,10.628333333333334,11.30352783203125
0186,15.2,14.701194763183594
0186,10.698333333333332,11.065444946289062
0186,15.006666666666666,14.727176666259766
0186,11.545,12.262715339660645
0186,10.816666666666666,11.554421424865723
0186,15.11,15.948551177978516
0186,18.145,19.420475006103516
0186,14.415,14.853331565856934
0186,14.423333333333334,15.247671127319336
0186,16.848333333333333,15.322334289550781
0186,11.693333333333332,9.672627449035645
0186,10.538333333333332,10.549574851989746
0186,12.656666666666666,12.711986541748047
0186,11.658333333333331,13.596014976501465
0186,11.818333333333332,11.438937187194824
0186,13.768333333333334,13.000020027160645
0186,13.208333333333334,13.11644172668457
0186,15.375,14.000853538513184
0186,13.63,13.123305320739746
0186,12.021666666666668,12.389273643493652
0186,9.418333333333331,9.952497482299805
0186,10.01,10.801668167114258
0186,10.503333333333334,9.99084186553955
0186,11.338333333333331,10.918734550476074
0186,11.913333333333332,11.738399505615234
0186,15.865,16.156291961669922
0186,11.585,12.607991218566895
0186,14.298333333333334,15.214241981506348
0186,11.71,12.545439720153809
0186,16.556666666666665,14.75783920288086
0186,10.056666666666668,9.531530380249023
0186,10.795,11.866016387939453
0186,10.746666666666666,11.553304672241211
0186,14.73,14.554784774780273
0186,16.5,17.25070571899414
0186,15.858333333333333,16.03042984008789
0186,13.235,12.508478164672852
0186,14.5,14.029319763183594
0186,11.528333333333334,12.188533782958984
0186,9.803333333333336,10.78286361694336
0186,9.766666666666667,11.372696876525879
0186,9.606666666666666,9.950658798217773
0186,1.5266666666666666,5.26930046081543
0186,10.51,10.287633895874023
0186,11.323333333333332,11.721436500549316
0186,10.496666666666666,10.961437225341797
0186,9.145,8.210981369018555
0186,9.43,9.214338302612305
0186,8.556666666666667,6.761399745941162
0186,1.46,5.40413236618042
0186,9.568333333333332,10.607428550720215
0186,11.228333333333332,11.233587265014648
0186,12.735,13.515486717224121
0186,10.82,11.776578903198242
0186,17.675,16.499794006347656
0186,12.205,12.784933090209961
0186,13.326666666666666,12.212348937988281
0186,11.055,11.338526725769043
0186,10.89,11.374227523803711
0186,10.158333333333331,9.953858375549316
0186,16.36,16.31739044189453
0186,12.645,12.766948699951172
0186,11.478333333333332,13.468692779541016
0186,16.703333333333333,16.132173538208008
0186,14.905,14.288451194763184
0186,14.51,14.92988395690918
0186,9.616666666666667,10.422404289245605
0186,9.101666666666668,9.560972213745117
0186,9.45,9.432292938232422
0186,9.533333333333331,8.745569229125977
0186,11.763333333333332,11.318517684936523
0186,10.645,9.873861312866211
0186,1.305,0.4272517263889313
0186,1.39,0.5409473180770874
0186,1.425,2.550739288330078
0186,9.26,7.629457950592041
0186,1.4733333333333334,5.356464862823486
0186,9.446666666666664,10.201726913452148
0186,11.741666666666667,12.662996292114258
0186,11.238333333333332,11.987363815307617
0186,10.82,11.955382347106934
0186,10.425,11.034217834472656
0186,12.006666666666666,11.807646751403809
0186,10.483333333333333,10.378388404846191
0186,9.545,12.18634033203125
0186,11.421666666666663,11.944589614868164
0186,10.328333333333337,8.620038032531738
0186,14.845,13.95474624633789
0186,9.453333333333337,10.444583892822266
0186,12.955,12.28306770324707
0186,12.378333333333334,11.287191390991211
0186,14.725,13.801487922668457
0186,11.53,11.457768440246582
0186,10.376666666666669,11.141335487365723
0186,10.335,11.592252731323242
0186,11.856666666666666,11.895208358764648
0186,11.043333333333331,10.528519630432129
0186,13.885,12.999795913696289
0186,12.503333333333334,12.442343711853027
0186,9.835,10.18540096282959
0186,1.395,1.7513172626495361
0186,12.336666666666668,12.070785522460938
0186,11.69,11.030817031860352
0186,10.001666666666669,10.243700981140137
0186,11.363333333333332,11.516676902770996
0186,9.668333333333331,9.2807035446167
0186,1.46,3.6567535400390625
0186,9.561666666666667,5.362093925476074
0186,13.141666666666667,12.334263801574707
0186,9.485,4.004144668579102
0186,9.033333333333331,4.798620223999023
0186,1.5766666666666669,6.1903252601623535
0186,1.5083333333333333,1.0208135843276978
0186,9.728333333333332,9.07490348815918
0186,10.395,11.263270378112793
0186,11.93,10.51545238494873
0186,12.416666666666666,10.909076690673828
0186,11.401666666666667,10.93980598449707
0186,10.145,9.35558032989502
0186,13.976666666666668,13.637341499328613
0186,11.498333333333331,11.425090789794922
0186,13.458333333333334,13.039168357849121
0186,12.465,11.903853416442871
0186,10.061666666666667,10.949060440063477
0186,11.93,11.319875717163086
0186,12.048333333333334,11.051311492919922
0186,10.27,9.795676231384277
0186,9.28,8.782432556152344
0186,9.863333333333332,6.561288833618164
0186,9.453333333333337,7.8058905601501465
0186,1.8416666666666663,6.114276885986328
0186,9.065,7.020944118499756
0186,12.245,12.67007064819336
0186,9.69,5.734006404876709
0186,13.881666666666666,13.257294654846191
0186,14.906666666666666,13.60083293914795
0186,10.661666666666669,10.392444610595703
0186,13.416666666666666,13.493249893188477
0186,10.731666666666666,7.790539741516113
0186,11.08,11.1168794631958
0186,10.065,12.117521286010742
0186,9.315,3.9921393394470215
0186,1.7,7.240321636199951
0186,9.055,9.576994895935059
0186,10.895,9.356451988220215
0186,9.491666666666667,9.415239334106445
0186,12.033333333333331,11.404349327087402
0186,16.691666666666666,15.229689598083496
0186,10.61,10.950191497802734
0186,10.978333333333332,10.86942195892334
0186,1.935,4.385788440704346
0186,12.111666666666668,12.937225341796875
0186,12.885,12.727886199951172
0186,11.998333333333331,12.253724098205566
0186,11.743333333333334,10.98820686340332
0186,10.985,10.59439468383789
0186,11.95,12.17163372039795
0186,12.53,12.520029067993164
0186,13.478333333333332,12.578754425048828
0186,9.616666666666667,13.05656623840332
0186,11.548333333333334,11.140469551086426
0186,10.645,10.522257804870605
0186,11.638333333333332,11.544103622436523
0186,14.305,14.12238883972168
0186,10.138333333333332,10.505863189697266
0186,11.245,9.817626953125
0186,9.561666666666667,12.067549705505371
0186,13.581666666666669,12.323129653930664
0186,10.055,6.460014343261719
0186,10.728333333333332,11.468923568725586
0186,9.985,9.462522506713867
0186,13.916666666666666,12.572452545166016
0186,10.346666666666666,8.8121337890625
0186,9.805,9.236448287963867
0186,11.111666666666668,12.053247451782227
0186,9.436666666666667,8.73590087890625
0186,11.111666666666668,12.382795333862305
0186,1.475,6.015422821044922
0186,11.121666666666666,10.310373306274414
0186,10.641666666666667,11.069448471069336
0186,12.44,11.88036060333252
0186,12.238333333333332,11.476305961608887
0186,11.316666666666666,11.907415390014648
0186,13.823333333333332,11.815138816833496
0186,11.568333333333332,11.68646240234375
0186,12.61,12.209141731262207
0186,1.4400000000000002,11.730871200561523
0186,13.898333333333332,13.069720268249512
0186,12.043333333333331,12.162091255187988
0186,12.921666666666663,12.784526824951172
0186,11.085,11.27249526977539
0186,12.321666666666664,12.482650756835938
0186,12.398333333333332,10.950154304504395
0186,15.545,14.355501174926758
0186,10.948333333333332,10.012474060058594
0186,11.661666666666669,11.891423225402832
0186,12.963333333333331,12.079436302185059
0186,10.871666666666666,10.67538070678711
0186,10.725,10.77922248840332
0186,9.48,7.602529525756836
0186,9.32,4.5491719245910645
0186,10.105,10.220829963684082
0186,1.515,6.8040452003479
0186,10.903333333333334,9.050888061523438
0186,12.875,12.209074020385742
0186,1.55,6.383237838745117
0186,1.4666666666666666,6.792595863342285
0186,13.958333333333334,12.896595001220703
0186,1.4383333333333332,8.52619743347168
0186,12.953333333333337,12.807642936706543
0186,10.695,8.859200477600098
0186,10.445,10.503949165344238
0186,9.23,9.206419944763184
0186,11.195,9.523336410522461
0186,14.391666666666667,12.21860408782959
0186,9.701666666666666,8.657318115234375
0186,12.791666666666666,12.366748809814453
0186,10.945,10.752909660339355
0186,13.59,12.932700157165527
0186,10.23,8.920551300048828
0186,12.791666666666666,12.443918228149414
0186,10.903333333333334,9.897894859313965
0186,12.435,11.023807525634766
0186,1.4233333333333331,4.506392002105713
0186,10.33,8.633354187011719
0186,12.593333333333334,13.02465534210205
0186,10.35,10.6437349319458
0186,10.253333333333334,8.833536148071289
0186,10.81,10.071882247924805
0186,10.33,6.643454551696777
0186,9.385,9.662650108337402
0186,10.643333333333334,11.325052261352539
0186,10.865,9.327966690063477
0186,13.59,12.0919189453125
0186,9.35,9.963898658752441
0186,9.836666666666668,10.185980796813965
0186,10.08,10.341367721557617
0186,9.385,9.335251808166504
0186,10.08,10.325931549072266
0186,1.4366666666666668,5.629455089569092
0186,1.4233333333333331,6.6408586502075195
0186,10.418333333333331,9.995952606201172
0186,9.848333333333333,10.61389446258545
0186,12.261666666666668,12.664031028747559
0186,1.43,3.126979112625122
0186,9.675,6.961087703704834
0186,10.168333333333331,9.187541007995605
0186,1.4583333333333333,6.51283073425293
0186,1.4583333333333333,5.545903205871582
0186,10.926666666666668,8.948266983032227
0186,10.926666666666668,7.682404518127441
0186,10.946666666666664,10.464112281799316
0186,10.348333333333333,9.650372505187988
0186,12.125,11.457377433776855
0186,8.606666666666666,3.7865936756134033
0186,10.043333333333331,9.266698837280273
0186,10.718333333333334,11.167376518249512
0186,10.515,10.03232192993164
0186,11.481666666666666,11.931703567504883
0186,9.591666666666669,9.2109375
0186,10.076666666666666,10.548307418823242
0186,11.723333333333333,11.850144386291504
0186,9.578333333333337,7.720148086547852
0186,1.5983333333333334,3.309739112854004
0186,9.328333333333337,7.4560651779174805
0186,10.813333333333333,11.616204261779785
0186,13.096666666666666,12.798160552978516
0186,11.425,12.09498405456543
0186,13.601666666666668,11.907393455505371
0186,11.931666666666668,11.031336784362793
0186,10.195,8.680419921875
0186,1.5083333333333333,1.7005904912948608
0186,10.006666666666666,10.46951675415039
0186,10.953333333333337,10.820180892944336
0186,9.37,9.54892349243164
0186,10.856666666666666,11.879573822021484
0186,1.606666666666667,2.9411110877990723
0186,1.5216666666666667,7.8310980796813965
0186,9.283333333333331,6.171322345733643
0186,11.76,12.039617538452148
0186,10.381666666666666,9.704792022705078
0186,14.173333333333334,14.272024154663086
0186,11.69,12.623550415039062
0186,10.173333333333334,10.457120895385742
0186,12.343333333333334,11.833502769470215
0186,12.1,13.780351638793945
0186,12.203333333333337,12.670729637145996
0186,12.343333333333334,10.888381004333496
0186,11.558333333333334,12.274767875671387
0186,11.191666666666666,12.097214698791504
0186,12.55,12.521954536437988
0186,11.968333333333334,12.224868774414062
0186,12.1,11.351608276367188
0186,11.718333333333334,11.979957580566406
0186,12.595,12.612439155578613
0186,10.356666666666666,9.528131484985352
0186,11.86,11.190196990966797
0186,11.853333333333332,12.467676162719727
0186,8.936666666666667,4.913715362548828
0186,9.32,4.592449188232422
0186,12.006666666666666,12.35864543914795
0186,11.901666666666667,11.593097686767578
0186,11.473333333333333,10.9525785446167
0186,11.231666666666666,11.034926414489746
0186,13.138333333333332,12.283273696899414
0186,9.865,8.608770370483398
0186,9.628333333333334,10.150214195251465
0186,1.5766666666666669,4.725011825561523
0186,9.3,8.751705169677734
0186,9.906666666666666,10.274544715881348
0186,10.503333333333334,11.349936485290527
0186,1.5416666666666667,2.506376028060913
0186,12.341666666666669,12.382612228393555
0186,11.721666666666666,11.886495590209961
0186,9.456666666666669,10.849370956420898
0186,13.825,13.221314430236816
0186,11.881666666666666,11.273785591125488
0186,12.453333333333337,11.847818374633789
0186,11.756666666666666,12.041641235351562
0186,13.555,13.935599327087402
0186,1.4349999999999998,7.330323219299316
0186,11.923333333333334,12.048097610473633
0186,12.583333333333334,12.398621559143066
0186,14.108333333333333,14.211111068725586
0186,11.386666666666668,10.790858268737793
0186,14.18,13.874310493469238
0186,13.233333333333333,12.095525741577148
0186,13.226666666666668,11.551989555358887
0186,12.438333333333333,11.228757858276367
0186,10.471666666666666,9.737330436706543
0186,10.11,12.073149681091309
0186,1.3683333333333332,2.7563741207122803
0186,1.5133333333333332,7.679938793182373
0186,1.4866666666666668,7.325682640075684
0186,11.1,11.828927993774414
0186,8.581666666666667,8.74055004119873
0186,8.931666666666667,9.120020866394043
0186,9.826666666666666,7.249843597412109
0186,2.143333333333333,5.482864856719971
0186,9.091666666666669,9.17944049835205
0186,9.243333333333334,10.095649719238281
0186,9.508333333333333,11.231099128723145
0186,9.633333333333333,9.307365417480469
0186,1.445,8.103632926940918
0186,9.515,9.530893325805664
0186,9.333333333333334,7.585305213928223
0186,9.646666666666668,9.205267906188965
0186,9.771666666666668,10.940791130065918
0186,9.606666666666666,8.641453742980957
0186,8.921666666666665,8.374279975891113
0186,10.19,11.04893970489502
0186,1.43,8.689502716064453
0186,9.896666666666668,10.512051582336426
0186,10.431666666666668,9.614981651306152
0186,10.063333333333333,10.125182151794434
0186,14.753333333333334,13.998056411743164
0186,16.38,14.695219993591309
0186,14.635,14.12932014465332
0186,11.856666666666666,12.330376625061035
0186,12.505,12.663992881774902
0186,11.395,11.574394226074219
0186,14.275,13.669124603271484
0186,12.548333333333334,12.51413631439209
0186,13.765,14.038983345031738
0186,12.708333333333334,12.487744331359863
0186,12.18,12.482155799865723
0186,9.878333333333334,8.511021614074707
0186,9.526666666666667,7.926365375518799
0186,10.525,11.008716583251953
0186,10.956666666666669,11.342427253723145
0186,10.086666666666668,10.528308868408203
0186,9.67,7.852153301239014
0186,12.36,12.58806037902832
0186,15.103333333333332,11.20322322845459
0186,12.068333333333332,12.837248802185059
0186,10.418333333333331,9.902499198913574
0186,11.068333333333332,11.265891075134277
0186,10.335,10.531604766845703
0186,15.618333333333334,14.576566696166992
0186,13.825,14.470189094543457
0186,12.645,12.74077033996582
0186,11.956666666666669,12.324132919311523
0186,17.016666666666666,16.250394821166992
0186,11.901666666666667,11.054168701171875
0186,13.616666666666667,13.86026382446289
0186,13.945,13.31713581085205
0186,13.45,13.701384544372559
0186,11.991666666666667,11.78808879852295
0186,9.918333333333331,10.507917404174805
0186,13.616666666666667,14.007884979248047
0186,14.438333333333333,14.204781532287598
0186,15.103333333333332,15.737380027770996
0186,10.335,10.702239036560059
0186,15.313333333333333,15.120875358581543
0186,10.133333333333333,10.416535377502441
0186,11.071666666666664,11.364747047424316
0186,11.38,12.226310729980469
0186,15.101666666666668,15.32859992980957
0186,12.243333333333334,12.595466613769531
0186,15.905,16.005516052246094
0186,10.021666666666668,11.502862930297852
0186,14.913333333333332,14.54248046875
0186,13.935,13.527650833129883
0186,18.598333333333336,17.216312408447266
0186,12.98,12.740513801574707
0186,13.396666666666668,13.043906211853027
0186,15.101666666666668,15.673493385314941
0186,11.065,11.893508911132812
0186,16.736666666666668,16.31266975402832
0186,10.66,11.76496696472168
0186,12.451666666666666,12.223775863647461
0186,10.083333333333334,9.945879936218262
0186,9.79,10.029757499694824
0186,10.88,11.11628532409668
0186,14.755,14.426658630371094
0186,12.431666666666668,12.890885353088379
0186,13.241666666666667,13.379844665527344
0186,10.876666666666669,11.186817169189453
0186,12.445,12.213326454162598
0186,10.008333333333333,10.217879295349121
0186,10.175,10.230315208435059
0186,8.743333333333334,6.2971673011779785
0186,10.521666666666668,10.892318725585938
0186,9.376666666666669,4.207640647888184
0186,1.555,8.306137084960938
0186,12.576666666666666,10.62819766998291
0186,9.833333333333334,10.46076488494873
0186,10.885,10.748818397521973
0186,15.91,16.01939582824707
0186,11.378333333333334,12.223816871643066
0186,14.681666666666668,14.859027862548828
0186,11.67,12.123579978942871
0186,13.515,14.005281448364258
0186,12.81,13.198348045349121
0186,13.765,12.60700511932373
0186,12.17,12.134242057800293
0186,13.515,14.46291446685791
0186,11.455,11.539958000183105
0186,12.455,13.328531265258789
0186,10.718333333333334,11.246590614318848
0186,16.425,16.418750762939453
0186,11.26,12.130509376525879
0186,14.198333333333332,13.747136116027832
0186,11.831666666666669,12.291099548339844
0186,12.415,12.773819923400879
0186,1.5483333333333331,1.7478975057601929
0186,12.331666666666669,12.370513916015625
0186,16.528333333333332,16.186670303344727
0186,15.711666666666668,15.68492603302002
0186,11.29,11.472179412841797
0186,14.613333333333332,14.525192260742188
0186,14.571666666666664,13.889981269836426
0186,14.655,13.711302757263184
0186,15.508333333333333,14.71883773803711
0186,12.713333333333331,12.888214111328125
0186,11.498333333333331,11.577485084533691
0186,10.831666666666669,9.804071426391602
0186,13.165,12.74574089050293
0186,12.755,12.541452407836914
0186,17.066666666666666,16.752492904663086
0186,10.233333333333333,10.675864219665527
0186,13.29,13.010895729064941
0186,11.148333333333332,12.108358383178711
0186,11.538333333333332,11.28270435333252
0186,10.321666666666664,11.105049133300781
0186,17.663333333333334,16.905405044555664
0186,15.336666666666668,14.910334587097168
0186,11.4,11.288915634155273
0186,16.221666666666668,16.338029861450195
0186,13.423333333333334,13.115296363830566
0186,12.191666666666666,12.448493003845215
0186,13.548333333333334,12.804166793823242
0186,13.805,13.169048309326172
0186,12.198333333333332,12.272334098815918
0186,9.745,9.933216094970703
0186,12.763333333333332,11.95322322845459
0186,17.058333333333334,16.244495391845703
0186,11.525,12.129706382751465
0186,15.135,14.49623966217041
0186,10.181666666666668,10.161481857299805
0186,10.383333333333333,10.530913352966309
0186,13.988333333333332,12.90624713897705
0186,1.5766666666666669,6.0259222984313965
0186,9.958333333333334,10.15315055847168
0186,9.833333333333334,10.61446762084961
0186,10.43,10.76701545715332
0186,10.035,10.449527740478516
0186,1.4866666666666668,9.60983657836914
0186,11.028333333333334,11.07702922821045
0186,10.075,10.01561450958252
0186,10.735,10.831659317016602
0186,11.583333333333334,11.815393447875977
0186,10.428333333333336,10.225488662719727
0186,11.261666666666668,12.189485549926758
0186,11.63,11.926000595092773
0186,10.343333333333334,10.705889701843262
0186,13.325,13.550055503845215
0186,15.978333333333332,16.074729919433594
0186,13.075,13.403286933898926
0186,16.02,15.38818645477295
0186,13.526666666666667,13.363000869750977
0186,12.011666666666668,12.46232795715332
0186,13.925,14.127894401550293
0186,12.7,12.917705535888672
0186,13.005,13.89889144897461
0186,12.866666666666667,12.297693252563477
0186,9.558333333333334,8.710330963134766
0186,14.55,13.87587833404541
0186,11.796666666666663,11.677620887756348
0186,17.68166666666667,16.8212947845459
0186,10.141666666666667,10.186622619628906
0186,16.621666666666666,16.47699737548828
0186,14.411666666666669,13.837939262390137
0186,12.193333333333332,12.095329284667969
0186,12.193333333333332,12.30790901184082
0186,14.585,13.801769256591797
0186,12.811666666666667,12.89539623260498
0186,13.361666666666668,13.853169441223145
0186,15.793333333333331,13.336514472961426
0186,10.463333333333331,10.26740837097168
0186,10.713333333333331,11.402894020080566
0186,14.79,15.181437492370605
0186,13.736666666666668,12.740399360656738
0186,16.635,16.418319702148438
0186,15.075,14.30760669708252
0186,13.486666666666668,12.904294967651367
0186,11.548333333333334,11.416485786437988
0186,14.783333333333331,14.26832103729248
0186,12.331666666666669,12.833595275878906
0186,12.706666666666669,13.10108757019043
0186,15.543333333333331,13.73458194732666
0186,11.13,11.264050483703613
0186,14.396666666666668,14.476886749267578
0186,12.581666666666669,11.945059776306152
0186,9.71,9.834284782409668
0186,14.783333333333331,13.513657569885254
0186,13.688333333333333,13.219284057617188
0186,14.783333333333331,14.260814666748047
0186,12.331666666666669,12.539422035217285
0186,15.376666666666669,15.573142051696777
0186,10.81,10.878255844116211
0186,9.196666666666664,7.159553527832031
0186,9.6,10.607436180114746
0186,10.231666666666666,10.827677726745605
0186,10.648333333333332,11.270012855529785
0186,12.39,13.271734237670898
0186,10.135,9.598920822143555
0186,13.713333333333331,13.917793273925781
0186,11.841666666666669,12.512849807739258
0186,11.96,12.909968376159668
0186,13.816666666666666,14.20009994506836
0186,15.451666666666666,16.1469669342041
0186,14.68,13.690485954284668
0186,10.878333333333334,11.523256301879883
0186,12.928333333333336,13.494194030761719
0186,12.55,12.4783935546875
0186,13.095,13.833823204040527
0186,13.088333333333331,13.940560340881348
0186,12.09,12.588125228881836
0186,13.088333333333331,13.550374984741211
0186,12.293333333333331,12.77780818939209
0186,13.005,13.435420036315918
0186,13.848333333333333,14.56473159790039
0186,12.131666666666666,12.353368759155273
0186,13.651666666666667,13.418938636779785
0186,11.288333333333332,11.566822052001953
0186,8.851666666666667,9.048113822937012
0186,12.541666666666666,12.255106925964355
0186,11.003333333333334,11.980378150939941
0186,13.323333333333332,14.02278995513916
0186,14.278333333333334,15.097029685974121
0186,10.963333333333331,11.217266082763672
0186,10.483333333333333,4.081155776977539
0186,9.91,7.379096508026123
0186,10.456666666666669,10.868159294128418
0186,9.101666666666668,9.557153701782227
0186,10.056666666666668,10.39815616607666
0186,17.654999999999998,16.040332794189453
0186,19.195,17.3218936920166
0186,11.906666666666666,12.460433959960938
0186,10.118333333333334,10.027907371520996
0186,9.645,7.536026477813721
0186,14.626666666666669,13.529415130615234
0186,10.28,7.975386619567871
0186,9.585,9.653037071228027
0186,1.635,9.702646255493164
0186,9.731666666666666,5.6557087898254395
0186,8.658333333333333,8.092068672180176
0186,12.213333333333331,12.444794654846191
0186,12.43,11.917147636413574
0186,9.72,10.120187759399414
0186,11.415,10.623628616333008
0186,11.533333333333331,11.104701042175293
0186,13.671666666666663,11.666427612304688
0186,10.14,9.735886573791504
0186,9.375,9.187727928161621
0186,11.265,11.190998077392578
0186,13.008333333333333,12.551401138305664
0186,9.521666666666668,9.867544174194336
0186,13.575,12.514030456542969
0186,10.4,8.749133110046387
0186,9.271666666666668,5.965185165405273
0186,9.085,8.028055191040039
0186,8.635,3.6497364044189453
0186,13.411666666666669,12.858443260192871
0186,10.1,10.993664741516113
0186,9.996666666666666,10.679203987121582
0186,9.806666666666668,1.7421942949295044
0186,1.4083333333333334,3.942751884460449
0186,10.508333333333333,9.749724388122559
0186,14.096666666666666,12.878443717956543
0186,13.656666666666666,13.800969123840332
0186,11.43,11.375311851501465
0186,14.175,12.962501525878906
0186,14.893333333333334,13.818147659301758
0186,10.318333333333332,10.524581909179688
0186,10.116666666666667,11.05614185333252
0186,14.403333333333334,14.013565063476562
0186,9.978333333333332,9.635575294494629
0186,9.888333333333332,9.147570610046387
0186,12.76,13.201265335083008
0186,13.136666666666668,13.216716766357422
0186,13.245,13.323443412780762
0186,16.508333333333333,14.680994033813477
0186,17.026666666666667,12.262275695800781
0186,10.568333333333332,11.756760597229004
0186,14.493333333333334,12.882804870605469
0186,12.696666666666664,12.949196815490723
0186,9.895,8.895818710327148
0186,14.145,12.855635643005371
0186,1.48,5.199333190917969
0186,10.013333333333332,8.336535453796387
0186,14.166666666666666,14.869590759277344
0186,1.5433333333333332,4.662345886230469
0186,8.971666666666666,9.771744728088379
0186,9.115,7.527069568634033
0186,9.881666666666666,9.915203094482422
0186,10.41,10.713650703430176
0186,10.118333333333334,10.298766136169434
0186,13.261666666666668,12.261199951171875
0186,1.606666666666667,8.356256484985352
0186,13.261666666666668,11.346269607543945
0186,14.003333333333334,13.79222583770752
0186,9.736666666666668,9.539416313171387
0186,12.763333333333332,12.73315715789795
0186,13.776666666666667,13.565574645996094
0186,15.455,14.914356231689453
0186,9.958333333333334,10.808911323547363
0186,9.956666666666669,9.405768394470215
0186,9.978333333333332,8.631245613098145
0186,8.635,2.899898052215576
0186,9.95,6.682469844818115
0186,10.616666666666667,11.08188247680664
0186,1.57,6.352499961853027
0186,11.27,10.65085506439209
0186,1.6333333333333333,5.796596050262451
0186,14.495,14.091642379760742
0186,1.445,2.155102014541626
0186,9.321666666666664,5.0761332511901855
0186,8.854999999999999,3.445483684539795
0186,1.4666666666666666,5.181872844696045
0186,9.286666666666669,9.3779935836792
0186,9.738333333333332,10.164237022399902
0186,1.4466666666666663,4.427487850189209
0186,10.148333333333332,10.656839370727539
0186,11.58,10.62424087524414
0186,10.058333333333334,8.376601219177246
0186,12.216666666666669,12.4639310836792
0186,9.966666666666669,8.069015502929688
0186,12.3,11.148828506469727
0186,1.471666666666667,6.462502479553223
0186,1.5983333333333334,5.302730083465576
0186,11.246666666666666,12.678020477294922
0186,11.448333333333332,10.143804550170898
0186,13.638333333333332,12.360909461975098
0186,13.946666666666664,14.111762046813965
0186,11.145,11.912994384765625
0186,1.5133333333333332,2.5550355911254883
0186,9.511666666666668,7.875123500823975
0186,9.241666666666667,4.635339260101318
0186,10.36,10.672388076782227
0186,9.63,7.5298871994018555
0186,1.596666666666667,3.9196372032165527
0186,10.318333333333332,10.49186897277832
0186,9.52,8.000598907470703
0186,1.5733333333333337,5.690803527832031
0186,10.36,9.647488594055176
0186,9.68,8.366958618164062
0186,9.366666666666667,9.541382789611816
0186,10.388333333333332,10.829092979431152
0186,14.466666666666669,12.68952465057373
0186,10.341666666666669,10.125639915466309
0186,9.861666666666668,9.856744766235352
0186,12.751666666666669,9.6410493850708
0186,13.303333333333336,13.666021347045898
0186,9.951666666666666,5.795825004577637
0186,13.598333333333333,13.473783493041992
0186,11.923333333333334,12.026476860046387
0186,15.208333333333334,13.424003601074219
0186,18.063333333333333,16.845592498779297
0186,13.688333333333333,12.424551010131836
0186,13.9,12.85988998413086
0186,12.53,12.642202377319336
0186,14.966666666666669,14.286499977111816
0186,9.771666666666668,9.058752059936523
0186,10.48,10.330641746520996
0186,10.53,10.532181739807129
0186,11.021666666666668,9.221248626708984
0186,1.5216666666666667,9.1539306640625
0186,9.866666666666667,10.426194190979004
0186,12.88,13.351153373718262
0186,1.5766666666666669,7.740046977996826
0186,13.17,13.258512496948242
0186,13.126666666666669,12.365828514099121
0186,19.19,15.23029613494873
0186,10.945,12.582783699035645
0186,12.18,12.457995414733887
0186,9.783333333333331,10.246331214904785
0186,11.965,11.90492057800293
0186,10.203333333333337,10.098786354064941
0186,1.461666666666667,6.423833847045898
0186,1.5366666666666666,3.865617275238037
0186,1.385,3.1607227325439453
0186,14.328333333333337,12.974140167236328
0186,10.603333333333332,11.271099090576172
0186,10.938333333333333,9.595032691955566
0186,10.373333333333331,10.998258590698242
0186,10.121666666666666,10.780550956726074
0186,10.106666666666666,10.042413711547852
0186,9.836666666666668,9.872243881225586
0186,13.468333333333334,13.476154327392578
0186,11.971666666666666,6.34056282043457
0186,9.413333333333332,8.213985443115234
0186,12.318333333333332,13.481606483459473
0186,12.443333333333332,12.609199523925781
0186,12.208333333333334,13.638311386108398
0186,10.378333333333334,11.247804641723633
0186,11.63,13.037703514099121
0186,12.006666666666666,12.352535247802734
0186,10.535,10.435680389404297
0186,10.375,8.754989624023438
0186,8.93,7.413483142852783
0186,10.063333333333333,7.76064920425415
0186,9.91,8.488370895385742
0186,1.4533333333333334,3.775822639465332
0186,10.083333333333334,10.65865707397461
0186,11.035,11.844362258911133
0186,10.895,9.671063423156738
0186,9.763333333333332,11.029313087463379
0186,13.176666666666668,13.733014106750488
0186,12.215,13.511637687683105
0186,13.443333333333332,12.365260124206543
0186,16.59,14.424185752868652
0186,11.168333333333331,11.27739143371582
0186,13.61,13.535903930664062
0186,11.643333333333334,11.93134593963623
0186,9.831666666666669,9.903093338012695
0186,10.29,9.703667640686035
0186,1.6216666666666666,8.488275527954102
0186,9.608333333333333,9.572505950927734
0186,10.218333333333334,9.497346878051758
0186,9.21,7.505641460418701
0186,9.183333333333334,7.048547744750977
0186,9.51,9.403596878051758
0186,9.203333333333337,4.684346675872803
0186,10.42,10.294183731079102
0186,10.343333333333334,8.896655082702637
0186,10.205,9.30496597290039
0186,11.675,10.086386680603027
0186,9.356666666666666,8.027661323547363
0186,11.273333333333332,11.064866065979004
0186,10.28,9.878397941589355
0186,9.491666666666667,9.184728622436523
0186,9.876666666666669,7.646936893463135
0186,1.485,9.482050895690918
0186,13.843333333333334,13.271697998046875
0186,9.556666666666668,6.273972988128662
0186,1.5,4.4315056800842285
0186,10.556666666666668,10.067630767822266
0186,1.4516666666666669,6.056828022003174
0186,9.425,7.406551361083984
0186,9.653333333333334,7.427663803100586
0186,10.243333333333334,9.855951309204102
0186,1.4316666666666669,7.273472309112549
0186,9.943333333333332,10.157198905944824
0186,10.633333333333333,9.099257469177246
0186,17.89,14.50200366973877
0186,12.06,12.213128089904785
0186,9.755,9.791473388671875
0186,10.87,12.3190336227417
0186,1.585,8.486584663391113
0186,9.895,9.795388221740723
0186,9.945,12.887532234191895
0186,12.3,12.984792709350586
0186,12.3,13.897659301757812
0186,11.861666666666668,11.852529525756836
0186,16.725,14.948833465576172
0186,19.101666666666667,13.810559272766113
0186,12.19,13.327323913574219
0186,11.368333333333334,11.737921714782715
0186,10.445,11.535740852355957
0186,10.436666666666667,9.86267375946045
0186,9.623333333333331,8.712807655334473
0186,12.281666666666666,11.650644302368164
0186,12.331666666666669,11.950523376464844
0186,9.988333333333332,9.72417163848877
0186,1.5233333333333334,6.900921821594238
0186,9.711666666666668,8.309074401855469
0186,9.445,8.194180488586426
0186,9.856666666666666,8.52150821685791
0186,1.6966666666666663,5.876667022705078
0186,10.173333333333334,11.295042991638184
0186,9.556666666666668,5.550159931182861
0186,1.5916666666666666,3.1206536293029785
0186,1.55,4.593753814697266
0186,9.936666666666667,9.73239803314209
0186,9.738333333333332,10.634260177612305
0186,11.505,12.878593444824219
0186,12.345,12.605429649353027
0186,9.55,10.472423553466797
0186,9.905,9.990818977355957
0186,13.705,12.49144458770752
0186,9.905,7.993514060974121
0186,9.446666666666664,8.426283836364746
0186,10.9,9.919181823730469
0186,9.7,10.463740348815918
0186,1.4383333333333332,3.7644174098968506
0186,1.3616666666666668,5.248292922973633
0186,10.041666666666666,8.507253646850586
0186,10.125,8.50619888305664
0186,1.4316666666666669,1.7876842021942139
0186,1.625,5.951879978179932
0186,11.811666666666667,12.430837631225586
0186,1.4433333333333331,2.658109664916992
0186,10.33,10.077376365661621
0186,11.551666666666668,11.213626861572266
0186,10.121666666666666,9.563159942626953
0186,12.748333333333331,12.095562934875488
0186,11.061666666666667,12.188078880310059
0186,13.076666666666666,13.147234916687012
0186,9.221666666666666,6.464770793914795
0186,11.248333333333331,12.570510864257812
0186,9.625,7.33512020111084
0186,15.463333333333331,15.159090042114258
0186,9.131666666666666,8.237558364868164
0186,14.87,13.666268348693848
0186,9.66,8.170174598693848
0186,10.68,9.799345016479492
0186,9.305,6.804015636444092
0186,13.2,11.477109909057617
0186,12.661666666666669,13.365004539489746
0186,12.258333333333333,12.326279640197754
0186,17.668333333333333,16.48739242553711
0186,12.53,12.796477317810059
0186,10.246666666666666,11.050370216369629
0186,13.898333333333332,13.861369132995605
0186,10.778333333333334,11.146350860595703
0186,9.825,10.175795555114746
0186,10.005,8.89966106414795
0186,9.838333333333331,4.947794437408447
0186,12.22,12.847064971923828
0186,10.68,9.233318328857422
0186,9.158333333333331,4.4192986488342285
0186,8.816666666666666,8.051790237426758
0186,10.026666666666667,10.235754013061523
0186,1.415,8.29281997680664
0186,11.401666666666667,11.279861450195312
0186,8.638333333333332,4.334380626678467
0186,1.59,5.510370254516602
0186,1.57,7.227984428405762
0186,1.59,7.307414531707764
0186,8.403333333333332,4.841684818267822
0186,9.246666666666666,10.076289176940918
0186,9.628333333333334,11.06850814819336
0186,10.781666666666666,13.27233600616455
0186,1.4083333333333334,5.833930015563965
0186,10.33,12.653261184692383
0186,1.5466666666666666,14.717482566833496
0186,8.366666666666667,7.564474582672119
0186,10.578333333333337,11.708027839660645
0186,13.928333333333336,12.769783020019531
0186,10.12,10.753959655761719
0186,10.515,10.831282615661621
0186,14.305,12.665350914001465
0186,15.145,13.821537017822266
0186,10.293333333333331,8.052742958068848
0186,13.495,12.483013153076172
0186,9.213333333333331,7.00469970703125
0186,9.213333333333331,7.161995887756348
0186,11.863333333333332,10.860315322875977
0186,9.835,11.332733154296875
0186,9.515,8.520316123962402
0186,9.688333333333333,7.160428524017334
0186,12.461666666666668,11.26114273071289
0186,12.211666666666668,11.713847160339355
0186,8.821666666666665,7.284333229064941
0186,1.4366666666666668,6.373869895935059
0186,10.501666666666669,10.41875171661377
0186,9.031666666666666,7.983435153961182
0186,1.4233333333333331,2.2886531352996826
0186,10.126666666666669,8.751168251037598
0186,9.508333333333333,8.215258598327637
0186,9.543333333333331,3.7281908988952637
0186,10.243333333333334,7.167303562164307
0186,9.951666666666666,6.993168830871582
0186,13.225,12.5844087600708
0186,9.763333333333332,10.074233055114746
0186,9.761666666666668,6.566277027130127
0186,1.4516666666666669,0.618034303188324
0186,12.055,12.297029495239258
0186,12.416666666666666,11.990784645080566
0186,13.33,12.650415420532227
0186,9.436666666666667,6.047436237335205
0186,10.77,11.114849090576172
0186,9.283333333333331,8.752533912658691
0186,14.131666666666666,13.36815071105957
0186,9.228333333333332,9.934142112731934
0186,10.061666666666667,10.082955360412598
0186,10.436666666666667,10.836230278015137
0186,12.048333333333334,13.15873908996582
0186,11.305,11.022966384887695
0186,13.893333333333334,14.135356903076172
0186,12.99,13.159388542175293
0186,9.106666666666666,7.167609214782715
0186,10.315,10.15844440460205
0186,12.236666666666668,11.858677864074707
0186,1.6616666666666666,7.462756156921387
0186,10.655,9.733874320983887
0186,9.565,8.583498001098633
0186,9.091666666666669,6.387895107269287
0186,9.106666666666666,7.830338954925537
0186,1.5083333333333333,1.9006284475326538
0186,10.071666666666664,9.885485649108887
0186,9.161666666666669,5.112133026123047
0186,9.315,5.700056076049805
0186,9.863333333333332,2.469149351119995
0186,11.918333333333331,11.154617309570312
0186,10.648333333333332,11.442378997802734
0186,9.751666666666669,8.884047508239746
0186,13.078333333333337,13.283232688903809
0186,10.61,12.2133150100708
0186,11.158333333333331,9.670695304870605
0186,11.103333333333332,11.8088960647583
0186,9.741666666666667,10.62230396270752
0186,1.6733333333333331,3.0016515254974365
0186,1.5066666666666668,5.654186248779297
0186,9.935,9.12744426727295
0186,9.7,9.106465339660645
0186,11.625,11.947281837463379
0186,13.365,12.560250282287598
0186,11.298333333333334,12.180514335632324
0186,13.058333333333334,13.128985404968262
0186,8.976666666666667,11.12833023071289
0186,9.811666666666667,7.034672260284424
0186,1.595,6.876135349273682
0186,9.331666666666669,5.653975963592529
0186,14.305,13.914724349975586
0186,12.69,13.394220352172852
0186,12.25,12.318591117858887
0186,10.525,9.423013687133789
0186,10.4,9.840405464172363
0186,10.168333333333331,10.36182689666748
0186,10.265,10.118618965148926
0186,9.375,6.737049579620361
0186,1.37,3.9696874618530273
0186,12.44,11.409228324890137
0186,9.71,7.886143207550049
0186,1.37,2.3934435844421387
0186,11.316666666666666,12.108121871948242
0186,11.121666666666666,11.107083320617676
0186,11.233333333333333,12.176072120666504
0186,11.441666666666666,11.994794845581055
0186,13.436666666666667,13.378983497619629
0186,13.133333333333333,13.65461540222168
0186,1.3966666666666667,7.044801235198975
0186,10.32,9.7115478515625
0186,12.533333333333331,12.022597312927246
0186,11.355,11.950514793395996
0186,8.979999999999999,8.885310173034668
0186,9.971666666666666,7.321839809417725
0186,10.125,10.117910385131836
0186,10.903333333333334,9.724677085876465
0186,1.4733333333333334,5.58836555480957
0186,9.291666666666666,6.8337507247924805
0186,12.435,12.8347806930542
0186,9.271666666666668,8.854745864868164
0186,12.435,11.709807395935059
0186,11.23,11.755114555358887
0186,11.9,11.270262718200684
0186,15.51,13.803933143615723
0186,12.828333333333337,11.986583709716797
0186,11.261666666666668,11.681440353393555
0186,1.5066666666666668,8.758980751037598
0186,10.058333333333334,7.548647403717041
0186,10.038333333333332,9.264660835266113
0186,10.643333333333334,12.110466003417969
0186,10.726666666666668,11.866344451904297
0186,11.553333333333336,11.58707046508789
0186,13.955,12.479246139526367
0186,12.805,13.47265338897705
0186,1.395,4.925265312194824
0186,1.4583333333333333,4.109734058380127
0186,9.718333333333334,10.616398811340332
0186,1.4166666666666667,1.2616472244262695
0186,10.163333333333332,8.608600616455078
0186,1.43,3.4495198726654053
0186,10.058333333333334,9.29165267944336
0186,11.13,11.353745460510254
0186,10.926666666666668,10.353358268737793
0186,9.91,2.103271007537842
0186,11.608333333333333,13.77675724029541
0186,9.585,8.139566421508789
0186,1.4516666666666669,4.404047966003418
0186,9.431666666666668,5.353355884552002
0186,1.471666666666667,1.8946021795272827
0186,1.5616666666666668,4.303745746612549
0186,9.668333333333331,6.58230447769165
0186,10.641666666666667,10.91559886932373
0186,1.4516666666666669,4.00337553024292
0186,10.418333333333331,10.908743858337402
0186,11.608333333333333,13.035582542419434
0186,1.515,4.156230449676514
0186,9.453333333333337,9.863653182983398
0186,11.758333333333333,11.604336738586426
0186,1.585,2.6133575439453125
0186,9.751666666666669,8.443042755126953
0186,14.293333333333331,14.085588455200195
0186,10.32,8.997849464416504
0186,10.201666666666666,11.379545211791992
0186,1.481666666666667,1.2634696960449219
0186,1.481666666666667,1.3301527500152588
0186,1.53,2.1138107776641846
0186,9.245,9.709495544433594
0186,10.856666666666666,12.030328750610352
0186,9.356666666666666,5.802948474884033
0186,11.308333333333334,11.151106834411621
0186,13.19,12.238163948059082
0186,10.746666666666666,11.30587100982666
0186,9.491666666666667,7.961584568023682
0186,9.255,8.259161949157715
0186,9.183333333333334,4.394132614135742
0186,1.4866666666666668,2.6520626544952393
0186,17.89,11.09119987487793
0186,9.498333333333331,9.013250350952148
0186,12.203333333333337,12.391996383666992
0186,11.975,11.546689987182617
0186,12.203333333333337,11.92221736907959
0186,12.203333333333337,11.744269371032715
0186,11.718333333333334,11.964736938476562
0186,10.935,11.557280540466309
0186,9.996666666666666,9.811030387878418
0186,14.223333333333333,13.2191162109375
0186,11.273333333333332,11.415397644042969
0186,10.51,10.245274543762207
0186,1.5766666666666669,3.2359225749969482
0186,12.595,12.652691841125488
0186,12.07,10.01165771484375
0186,8.801666666666668,3.777994155883789
0186,1.52,0.730841875076294
0186,12.38,12.478535652160645
0186,1.471666666666667,4.898731708526611
0186,10.538333333333332,6.933453559875488
0186,7.2266666666666675,3.8116466999053955
0186,13.388333333333332,12.832464218139648
0186,1.518333333333333,4.883327007293701
0186,9.116666666666667,7.0610671043396
0186,1.4433333333333331,1.1635656356811523
0186,1.5266666666666666,6.248954772949219
0186,11.148333333333332,11.170357704162598
0186,9.866666666666667,9.488561630249023
0186,14.0,12.942788124084473
0186,10.123333333333331,10.558589935302734
0186,11.756666666666666,12.080005645751953
0186,13.395,13.99436092376709
0186,9.216666666666669,8.999680519104004
0186,9.008333333333333,11.479557037353516
0186,8.688333333333333,9.6071138381958
0186,1.52,8.714887619018555
0186,10.516666666666667,10.920615196228027
0186,10.216666666666669,9.084442138671875
0186,1.403333333333333,2.463083028793335
0186,13.233333333333333,12.24283218383789
0186,1.5066666666666668,8.245085716247559
0186,8.538333333333332,9.402708053588867
0186,8.568333333333333,7.841524600982666
0186,1.3883333333333332,5.461837291717529
0186,1.41,3.1341421604156494
0186,1.4933333333333332,7.4727463722229
0186,1.6033333333333333,5.470785617828369
0186,9.675,11.52276611328125
0186,9.55,10.72950267791748
0186,9.3,9.684016227722168
0186,9.39,8.823054313659668
0186,8.305,8.360886573791504
0186,1.4366666666666668,3.764704465866089
0186,9.891666666666667,6.326836585998535
0186,9.403333333333334,7.7114996910095215
0186,11.193333333333332,11.531492233276367
0186,12.083333333333334,12.489175796508789
0186,11.05,11.040140151977539
0186,1.4633333333333334,9.0618314743042
0186,9.098333333333333,6.262792587280273
0186,10.598333333333333,9.079876899719238
0186,10.05,9.366348266601562
0186,1.2966666666666666,3.7255055904388428
0186,10.361666666666668,10.32455825805664
0186,10.318333333333332,8.963173866271973
0186,9.54,7.282965660095215
0186,10.201666666666666,10.958803176879883
0186,14.963333333333331,13.748602867126465
0186,12.91,12.813514709472656
0186,11.136666666666668,12.341501235961914
0186,13.851666666666668,13.524951934814453
0186,14.911666666666669,12.013484001159668
0186,10.721666666666666,8.618013381958008
0186,14.925,15.166013717651367
0186,11.768333333333334,11.458006858825684
0186,11.643333333333334,13.598921775817871
0186,14.971666666666666,13.15113639831543
0186,12.918333333333331,12.883329391479492
0186,13.681666666666668,13.215197563171387
0186,11.936666666666667,12.070878028869629
0186,14.3,12.53426456451416
0186,1.57,12.111696243286133
0186,10.806666666666668,11.5328950881958
0186,10.88,8.937849998474121
0186,12.261666666666668,11.338813781738281
0186,12.926666666666668,16.788928985595703
0186,13.506666666666666,11.950053215026855
0186,9.643333333333334,10.018169403076172
0186,12.173333333333334,13.424092292785645
0186,11.51,11.854247093200684
0186,10.183333333333334,8.809467315673828
0186,9.983333333333333,9.734954833984375
0186,10.971666666666666,4.557999610900879
0186,11.425,10.968990325927734
0186,12.286666666666669,10.09614372253418
0186,10.026666666666667,9.51536750793457
0186,1.4516666666666669,9.342989921569824
0186,8.385,11.464458465576172
0186,12.14,11.691372871398926
0186,10.493333333333334,9.970318794250488
0186,11.7,12.047243118286133
0186,1.4566666666666668,1.7413121461868286
0186,11.081666666666669,8.83399772644043
0186,9.476666666666668,10.113434791564941
0186,11.533333333333331,11.966712951660156
0186,9.251666666666669,8.480348587036133
0186,1.403333333333333,2.188843011856079
0186,16.988333333333333,14.826870918273926
0186,12.161666666666669,11.852967262268066
0186,14.808333333333334,12.329123497009277
0186,13.865,13.344911575317383
0186,9.851666666666668,10.103442192077637
0186,17.09333333333333,14.462652206420898
0186,11.603333333333332,10.830431938171387
0186,19.72833333333333,15.236534118652344
0186,12.651666666666667,10.80318832397461
0186,11.401666666666667,10.869632720947266
0186,10.355,7.514814376831055
0186,1.425,3.7202703952789307
0186,11.98,14.976387023925781
0186,10.585,9.155468940734863
0186,9.726666666666668,9.224879264831543
0186,9.57,9.231778144836426
0186,10.785,9.780749320983887
0186,10.928333333333336,10.496153831481934
0186,1.6516666666666666,8.213061332702637
0186,11.923333333333334,11.752862930297852
0186,13.438333333333333,12.578883171081543
0186,1.5483333333333331,4.0830512046813965
0186,10.198333333333332,8.505151748657227
0186,9.926666666666668,9.202442169189453
0186,8.33,5.337780952453613
0186,13.733333333333333,13.575485229492188
0186,21.17,17.058094024658203
0186,9.515,5.824820518493652
0186,12.473333333333333,13.555511474609375
0186,11.496666666666666,13.312294960021973
0186,12.453333333333337,12.114218711853027
0186,10.418333333333331,10.606444358825684
0186,14.223333333333333,15.460555076599121
0186,13.32,11.801667213439941
0186,12.991666666666667,11.786993026733398
0186,10.788333333333332,12.076761245727539
0186,10.63,10.917369842529297
0186,20.82,15.248982429504395
0186,13.695,14.331077575683594
0186,10.971666666666666,11.768428802490234
0186,16.696666666666665,15.490589141845703
0186,14.053333333333336,14.548513412475586
0186,16.39,14.947347640991211
0186,12.778333333333334,12.786015510559082
0186,14.33,13.899643898010254
0186,9.87,10.743025779724121
0186,11.698333333333332,10.73902416229248
0186,10.6,11.350370407104492
0186,14.853333333333332,13.57355785369873
0186,11.145,10.913265228271484
0186,17.19333333333333,14.880642890930176
0186,13.031666666666666,15.659384727478027
0186,13.256666666666666,16.25152587890625
0186,19.34333333333333,16.943889617919922
0186,10.758333333333333,9.57966136932373
0186,21.53166666666667,15.295977592468262
0186,16.28666666666667,15.349913597106934
0186,17.94,15.693829536437988
0186,16.528333333333332,14.134394645690918
0186,10.371666666666666,11.667936325073242
0186,18.78833333333333,15.690482139587402
0186,11.723333333333333,11.336970329284668
0186,10.315,9.497713088989258
0186,10.753333333333334,9.64893913269043
0186,11.64,11.170604705810547
0186,12.373333333333331,13.035512924194336
0186,10.728333333333332,9.687152862548828
0186,14.395,14.486538887023926
0186,14.961666666666668,12.987740516662598
0186,11.181666666666668,10.766072273254395
0186,10.795,10.883527755737305
0186,13.941666666666666,13.76134204864502
0186,1.6983333333333337,5.60635232925415
0186,13.483333333333333,13.383111000061035
0186,11.771666666666668,12.761771202087402
0186,13.898333333333332,11.281981468200684
0186,12.055,10.636669158935547
0186,10.37,10.773197174072266
0186,11.045,10.388978004455566
0186,1.6916666666666669,5.1998186111450195
0186,17.16166666666667,15.951248168945312
0186,10.631666666666666,11.198732376098633
0186,10.681666666666668,10.932236671447754
0186,16.483333333333334,14.358657836914062
0186,12.653333333333334,15.471940994262695
0186,10.635,10.956107139587402
0186,0.005,12.938566207885742
0186,1.3133333333333332,10.141605377197266
0186,12.44,12.790227890014648
0186,9.748333333333331,12.519835472106934
0186,9.761666666666668,11.472952842712402
0186,19.096666666666668,12.811593055725098
0186,19.99333333333333,17.274967193603516
0186,11.668333333333331,17.9270076751709
0186,11.218333333333334,13.849836349487305
0186,1.4266666666666663,8.026870727539062
0186,11.968333333333334,14.310652732849121
0186,19.49333333333333,17.374088287353516
0186,13.691666666666666,12.879937171936035
0186,21.27833333333333,16.97527503967285
0186,1.5883333333333334,10.549752235412598
0186,13.235,10.900298118591309
0186,11.536666666666669,10.40273380279541
0186,15.031666666666666,10.766643524169922
0186,14.983333333333333,14.53835678100586
0186,11.15,10.88487720489502
0186,12.481666666666666,13.906942367553711
0186,16.701666666666668,14.602581024169922
0186,12.661666666666669,14.034902572631836
0186,12.91,11.458178520202637
0186,20.051666666666662,20.78945541381836
0186,20.206666666666667,15.893714904785156
0186,16.833333333333332,15.43281078338623
0186,12.588333333333331,18.224239349365234
0186,13.028333333333334,14.06276798248291
0186,13.665,14.769674301147461
0186,16.996666666666666,14.405866622924805
0186,17.46333333333333,15.38263988494873
0186,13.221666666666666,14.234223365783691
0186,15.465,15.450190544128418
0186,12.981666666666666,13.698687553405762
0186,15.63,15.07522201538086
0186,10.65,12.433931350708008
0186,12.951666666666666,13.141073226928711
0186,14.143333333333334,12.403841018676758
0186,13.123333333333331,13.880084991455078
0186,10.196666666666664,11.729070663452148
0186,12.308333333333334,12.804028511047363
0186,12.706666666666669,12.847506523132324
0186,12.775,13.15947151184082
0186,17.506666666666668,13.447617530822754
0186,12.818333333333332,13.512614250183105
0186,14.791666666666666,14.381299018859863
0186,12.285,12.829630851745605
0186,11.278333333333334,12.90263557434082
0186,12.885,13.660040855407715
0186,10.29,12.345916748046875
0186,11.01,11.45987319946289
0186,11.108333333333333,11.758315086364746
0186,10.716666666666669,11.04858112335205
0186,13.946666666666664,13.879825592041016
0186,12.946666666666664,12.933686256408691
0186,10.588333333333331,11.302013397216797
0186,13.426666666666668,13.608378410339355
0186,12.706666666666669,13.248588562011719
0186,11.218333333333334,11.10867691040039
0186,10.606666666666666,10.624720573425293
0186,12.293333333333331,12.824838638305664
0186,10.793333333333331,11.557655334472656
0186,11.651666666666667,12.057003021240234
0186,13.575,13.5384521484375
0186,10.875,11.415616989135742
0186,12.225,13.423315048217773
0186,11.085,11.371110916137695
0186,11.891666666666667,12.405730247497559
0186,10.331666666666669,10.739702224731445
0186,12.345,12.743642807006836
0186,10.451666666666666,10.88574504852295
0186,18.10333333333333,12.657970428466797
0186,11.721666666666666,11.106022834777832
0186,13.75,13.834976196289062
0186,14.41,13.980110168457031
0186,12.281666666666666,12.52419662475586
0186,14.081666666666669,14.709192276000977
0186,18.451666666666664,18.26895523071289
0186,18.105,15.152389526367188
0186,14.231666666666666,16.848207473754883
0186,11.075,12.738524436950684
0186,17.196666666666665,16.2834529876709
0186,13.168333333333331,15.374794006347656
0186,10.621666666666666,8.2900390625
0186,13.29,14.472037315368652
0186,15.63,13.686509132385254
0186,14.463333333333331,14.618697166442871
0186,1.8316666666666668,7.2552714347839355
0186,9.77,10.728421211242676
0186,15.198333333333332,13.417238235473633
0186,10.116666666666667,12.158535957336426
0186,11.428333333333336,12.738750457763672
0186,16.593333333333334,16.201696395874023
0186,12.156666666666666,14.1841459274292
0186,14.876666666666669,13.685528755187988
0186,13.646666666666668,14.917655944824219
0186,11.235,11.629912376403809
0186,14.565,15.128307342529297
0186,1.5799999999999998,11.427762031555176
0186,13.815,9.95667839050293
0186,1.481666666666667,9.816280364990234
0186,11.89,11.303081512451172
0186,9.825,8.999677658081055
0186,16.638333333333332,15.921406745910645
0186,15.836666666666668,15.393011093139648
0186,23.75,13.908722877502441
0186,9.591666666666669,19.784175872802734
0186,22.916666666666668,20.002073287963867
0186,15.356666666666666,14.807136535644531
0186,16.071666666666665,15.353013038635254
0186,11.36,19.8606014251709
0186,23.221666666666668,14.751091957092285
0186,21.20833333333333,20.477895736694336
0186,11.226666666666668,19.97112274169922
0186,16.03666666666667,17.64957046508789
0186,22.115,15.744759559631348
0186,1.5650000000000002,5.722285270690918
0186,1.5816666666666668,10.967324256896973
0186,17.426666666666666,19.030609130859375
0186,13.223333333333333,12.861644744873047
0186,11.825,12.974762916564941
0186,10.598333333333333,11.283636093139648
0186,13.88,13.283215522766113
0186,11.418333333333331,13.034642219543457
0186,13.015,13.490275382995605
0186,12.425,12.662182807922363
0186,17.471666666666668,15.653547286987305
0186,10.396666666666668,11.23580265045166
0186,10.293333333333331,10.66326904296875
0186,14.871666666666666,13.31943130493164
0186,9.585,10.059337615966797
0186,14.421666666666663,14.283312797546387
0186,12.868333333333334,14.140223503112793
0186,12.823333333333332,13.362850189208984
0186,10.096666666666666,13.192327499389648
0186,11.476666666666668,14.312481880187988
0186,11.276666666666667,10.578818321228027
0186,13.115,12.812230110168457
0186,10.166666666666666,11.807961463928223
0186,15.771666666666668,12.159713745117188
0186,14.111666666666668,14.029501914978027
0186,12.033333333333331,12.713739395141602
0186,10.468333333333334,10.190271377563477
0186,17.251666666666665,15.585145950317383
0186,11.296666666666663,11.644013404846191
0186,12.6,11.993525505065918
0186,17.935,15.421316146850586
0186,10.498333333333331,12.180256843566895
0186,17.475,15.294200897216797
0186,12.611666666666668,13.586225509643555
0186,13.893333333333334,16.414785385131836
0186,1.5233333333333334,6.8886613845825195
0186,14.623333333333331,12.804084777832031
0186,0.005,8.798815727233887
0186,15.215,14.17680835723877
0186,10.541666666666666,13.179217338562012
0186,10.163333333333332,11.225251197814941
0186,10.193333333333332,8.406886100769043
0186,11.64,11.914407730102539
0186,10.618333333333334,11.210672378540039
0186,15.48,15.283880233764648
0186,10.711666666666668,13.293380737304688
0186,9.973333333333333,12.395106315612793
0186,17.4,11.059074401855469
0186,10.66,13.102301597595215
0186,14.57,12.794730186462402
0186,12.648333333333332,12.656647682189941
0186,13.826666666666666,13.645401000976562
0186,0.005,11.269949913024902
0186,12.87,13.705429077148438
0186,9.758333333333333,12.119488716125488
0186,11.985,12.436756134033203
0186,14.578333333333337,14.291861534118652
0186,11.295,13.02696704864502
0186,16.43,15.548628807067871
0186,14.605,14.326726913452148
0186,10.486666666666668,12.368611335754395
0186,16.441666666666666,15.180567741394043
0186,16.563333333333333,15.706805229187012
0186,16.563333333333333,15.043610572814941
0186,14.291666666666666,13.042862892150879
0186,17.73166666666667,15.001453399658203
0186,14.823333333333332,13.268314361572266
0186,14.403333333333334,15.355145454406738
0186,13.768333333333334,14.042455673217773
0186,10.783333333333331,12.210763931274414
0186,11.026666666666667,16.77672004699707
0186,10.856666666666666,12.872514724731445
0186,15.678333333333336,15.133991241455078
0186,18.188333333333333,15.433409690856934
0186,15.341666666666669,14.342876434326172
0186,17.41,15.334089279174805
0186,17.34333333333333,15.430776596069336
0186,16.028333333333332,15.02729320526123
0186,14.275,12.74964427947998
0186,11.785,10.738316535949707
0186,11.988333333333332,12.908895492553711
0186,12.543333333333331,11.762256622314453
0186,13.96,14.915884017944336
0186,11.023333333333332,11.974895477294922
0186,14.96,15.891180992126465
0186,13.825,12.73806381225586
0186,15.455,15.271125793457031
0186,18.221666666666668,17.198057174682617
0186,16.423333333333332,16.616533279418945
0186,16.33,15.188830375671387
0186,17.038333333333334,17.468891143798828
0186,16.183333333333334,15.540314674377441
0186,15.6,11.339473724365234
0186,21.47,19.534358978271484
0186,15.791666666666666,14.88614559173584
0186,15.165,14.976096153259277
0186,14.436666666666667,14.20979118347168
0186,15.071666666666664,14.428563117980957
0186,14.008333333333333,14.169974327087402
0186,15.35,14.655170440673828
0186,14.648333333333332,14.862832069396973
0186,11.348333333333333,14.285309791564941
0186,10.828333333333337,11.582776069641113
0186,11.086666666666668,10.05315113067627
0186,12.6,12.292118072509766
0186,12.023333333333332,14.180399894714355
0186,12.566666666666666,12.132871627807617
0186,12.821666666666664,12.6090087890625
0186,12.913333333333332,12.180621147155762
0186,12.876666666666669,12.738984107971191
0186,9.781666666666666,11.841337203979492
0186,12.351666666666668,11.570245742797852
0186,11.565,12.707466125488281
0186,12.515,13.86757755279541
0186,9.393333333333334,8.804051399230957
0186,11.41,10.940808296203613
0186,11.385,12.934210777282715
0186,13.06,13.504555702209473
0186,14.495,10.658867835998535
0186,10.631666666666666,11.350038528442383
0186,9.691666666666666,10.918808937072754
0186,12.813333333333333,14.409076690673828
0186,11.55,10.497395515441895
0186,10.57,14.046369552612305
0186,12.935,12.785191535949707
0186,9.961666666666668,10.919650077819824
0186,9.34,6.308382034301758
0186,16.223333333333333,16.507089614868164
0186,12.966666666666669,11.307637214660645
0186,11.18,11.078591346740723
0186,17.523333333333333,14.705024719238281
0186,15.763333333333332,12.321500778198242
0186,13.206666666666669,14.209630012512207
0186,9.903333333333334,10.0711088180542
0186,10.901666666666667,9.649901390075684
0186,1.471666666666667,6.109584808349609
0186,1.4016666666666666,5.487317085266113
0186,9.718333333333334,11.191269874572754
0186,12.613333333333332,12.275078773498535
0186,10.771666666666668,11.868011474609375
0186,15.971666666666666,15.53464412689209
0186,9.636666666666668,9.003835678100586
0186,10.906666666666666,10.788448333740234
0186,15.69,14.60635757446289
0186,16.08833333333333,14.598394393920898
0186,14.085,11.10124397277832
0186,11.415,11.444254875183105
0186,21.25333333333333,18.273771286010742
0186,15.251666666666669,14.268065452575684
0186,12.901666666666667,14.866484642028809
0186,13.206666666666669,15.80614185333252
0186,13.24,14.280496597290039
0186,13.05,13.563108444213867
0186,13.611666666666668,13.607340812683105
0186,21.261666666666667,17.71499252319336
0186,13.191666666666666,19.00419044494629
0186,20.14333333333333,16.7302188873291
0186,19.566666666666663,16.99053382873535
0186,12.248333333333331,18.405366897583008
0186,14.52,15.292242050170898
0186,16.663333333333334,15.431755065917969
0186,16.763333333333332,17.520917892456055
0186,19.061666666666667,17.331491470336914
0186,15.893333333333334,15.981285095214844
0186,12.516666666666667,12.109711647033691
0186,20.8,20.09023666381836
0186,16.271666666666665,15.308247566223145
0186,18.540000000000003,18.203369140625
0186,19.94833333333333,16.76267433166504
0186,18.540000000000003,17.9360408782959
0186,21.453333333333333,19.893095016479492
0186,19.495,18.484899520874023
0186,19.328333333333333,19.980260848999023
0186,12.068333333333332,11.713492393493652
0186,20.565,19.83631706237793
0186,12.006666666666666,11.566214561462402
0186,19.37833333333333,18.817033767700195
0186,21.23166666666667,19.176315307617188
0186,20.061666666666667,17.853740692138672
0186,19.183333333333337,18.347457885742188
0186,16.875,15.12358570098877
0186,17.995,17.81202507019043
0186,16.583333333333332,17.714468002319336
0186,16.835,17.463916778564453
0186,18.96,18.94434356689453
0186,17.945,18.598939895629883
0186,11.931666666666668,11.577964782714844
0186,18.85333333333333,16.969390869140625
0186,18.216666666666665,17.737077713012695
0186,19.01833333333333,18.173688888549805
0186,17.513333333333332,18.201066970825195
0186,17.73,16.74932098388672
0186,19.675,16.9642333984375
0186,12.453333333333337,12.4575777053833
0186,18.891666666666666,18.667177200317383
0186,19.86833333333333,19.191051483154297
0186,21.16166666666667,18.339996337890625
0186,17.503333333333334,17.869367599487305
0186,10.98,19.017757415771484
0186,15.05,15.095498085021973
0186,15.251666666666669,14.844265937805176
0186,12.445,12.976519584655762
0186,17.091666666666665,15.83996868133545
0186,15.615,12.030366897583008
0186,14.356666666666666,14.14609432220459
0186,12.085,12.27911376953125
0186,13.093333333333334,12.757299423217773
0186,11.351666666666668,12.645035743713379
0186,10.875,11.332983016967773
0186,11.216666666666669,10.889413833618164
0186,14.175,13.191060066223145
0186,13.598333333333333,12.991848945617676
0186,13.883333333333333,13.714658737182617
0186,14.883333333333333,13.879952430725098
0186,11.621666666666666,10.681913375854492
0186,12.656666666666666,13.273958206176758
0186,13.55,12.679096221923828
0186,13.82,14.203832626342773
0186,11.391666666666667,12.011822700500488
0186,13.38,13.372161865234375
0186,15.77,14.540399551391602
0186,11.375,11.949845314025879
0186,11.956666666666669,12.857335090637207
0186,15.826666666666666,14.999969482421875
0186,11.181666666666668,11.447381019592285
0186,12.015,12.081707954406738
0186,13.238333333333332,12.575495719909668
0186,16.15,15.115816116333008
0186,10.148333333333332,11.615760803222656
0186,14.001666666666669,13.282025337219238
0186,13.125,12.45021915435791
0186,13.821666666666664,12.90308952331543
0186,13.228333333333332,13.044332504272461
0186,15.313333333333333,15.950520515441895
0186,12.441666666666666,11.894205093383789
0186,13.523333333333332,12.568166732788086
0186,12.235,12.391045570373535
0186,13.786666666666669,13.348108291625977
0186,13.216666666666669,12.82084846496582
0186,15.12,14.218154907226562
0186,15.515,14.210762977600098
0186,16.273333333333333,15.739611625671387
0186,17.285,15.950313568115234
0186,14.543333333333331,14.183244705200195
0186,15.548333333333334,14.72966480255127
0186,11.928333333333336,11.865127563476562
0186,12.958333333333334,14.213313102722168
0186,10.375,10.628905296325684
0186,13.193333333333332,12.941163063049316
0186,13.318333333333332,13.158302307128906
0186,15.006666666666666,13.908607482910156
0186,17.203333333333333,16.305307388305664
0186,16.013333333333332,14.685362815856934
0186,17.465,15.280182838439941
0186,13.091666666666669,13.390423774719238
0186,12.466666666666669,12.818018913269043
0186,10.79,12.644488334655762
0186,12.04,13.362259864807129
0186,16.095000000000002,16.08993148803711
0186,12.196666666666664,13.552495002746582
0186,10.706666666666669,11.820808410644531
0186,11.778333333333334,12.572132110595703
0186,14.25,14.008679389953613
0186,13.256666666666666,11.75182056427002
0186,16.28666666666667,15.863624572753906
0186,11.315,14.178853988647461
0186,11.576666666666666,11.831700325012207
0186,15.961666666666668,16.78849220275879
0186,11.831666666666669,17.34177017211914
0186,11.355,11.813302040100098
0186,17.858333333333334,14.021218299865723
0186,11.338333333333331,10.81513500213623
0186,18.90833333333333,15.169625282287598
0186,14.095,14.289040565490723
0186,9.925,9.249523162841797
0186,14.305,13.213765144348145
0186,14.515,11.897970199584961
0186,16.318333333333335,14.743908882141113
0186,13.473333333333333,11.167306900024414
0186,12.425,12.877485275268555
0186,1.4433333333333331,9.402199745178223
0186,13.466666666666669,14.115585327148438
0186,21.091666666666665,16.02264976501465
0186,11.373333333333331,11.18095588684082
0186,12.92,13.1898193359375
0186,12.773333333333332,13.251327514648438
0186,14.313333333333333,13.941643714904785
0186,13.128333333333334,13.96871280670166
0186,14.521666666666668,13.797757148742676
0186,10.32,12.822052955627441
0186,14.23,13.810818672180176
0186,13.335,13.71922492980957
0186,14.248333333333331,14.401403427124023
0186,14.003333333333334,14.288715362548828
0186,15.105,14.406046867370605
0186,13.161666666666669,13.30133056640625
0186,13.108333333333333,13.415783882141113
0186,14.535,14.298649787902832
0186,13.57,13.94761848449707
0186,14.135,14.096386909484863
0186,13.165,13.340714454650879
0186,13.328333333333337,13.65188980102539
0186,13.376666666666669,14.046303749084473
0186,13.99,14.222301483154297
0186,14.95,14.195143699645996
0186,11.983333333333333,11.765549659729004
0186,13.775,14.576691627502441
0186,13.775,13.390460968017578
0186,13.518333333333334,13.254937171936035
0186,14.411666666666669,14.372306823730469
0186,14.213333333333331,14.583569526672363
0186,14.386666666666668,14.211627960205078
0186,11.793333333333331,12.160852432250977
0186,13.465,13.840106010437012
0186,13.941666666666666,12.349934577941895
0186,15.278333333333334,14.823312759399414
0186,14.15,14.205021858215332
0186,14.758333333333333,14.101078987121582
0186,15.278333333333334,14.54207706451416
0186,12.398333333333332,12.837136268615723
0186,13.646666666666668,14.192399024963379
0186,13.83,14.124238967895508
0186,14.316666666666666,13.613015174865723
0186,14.906666666666666,14.84481143951416
0186,13.326666666666666,13.953286170959473
0186,13.535,13.87695026397705
0186,14.165,14.095803260803223
0186,14.538333333333332,14.14481258392334
0186,14.871666666666666,14.526651382446289
0186,13.541666666666666,13.974082946777344
0186,10.99,11.099028587341309
0186,13.798333333333334,13.263803482055664
0186,17.506666666666668,14.264257431030273
0186,14.901666666666667,15.393929481506348
0186,12.873333333333331,13.058982849121094
0186,12.96,12.838221549987793
0186,12.786666666666669,12.682126998901367
0186,12.383333333333333,12.680581092834473
0186,14.561666666666667,15.316509246826172
0186,11.036666666666669,12.550216674804688
0186,13.463333333333331,14.838071823120117
0186,13.57,13.789694786071777
0186,14.856666666666666,13.843582153320312
0186,14.666666666666666,14.72990894317627
0186,15.32,14.734679222106934
0186,11.286666666666669,12.405415534973145
0186,13.526666666666667,13.460403442382812
0186,11.541666666666666,12.06791877746582
0186,15.016666666666667,14.418185234069824
0186,11.581666666666669,13.646860122680664
0186,13.741666666666667,14.253674507141113
0186,14.431666666666668,14.395947456359863
0186,10.923333333333334,12.215423583984375
0186,14.356666666666666,14.650915145874023
0186,15.25,15.424745559692383
0186,13.236666666666668,13.362460136413574
0186,14.823333333333332,14.868589401245117
0186,14.478333333333332,13.890193939208984
0186,11.976666666666668,13.03368091583252
0186,10.765,11.821256637573242
0186,14.803333333333336,13.845383644104004
0186,11.286666666666669,13.204054832458496
0186,16.571666666666665,15.46208667755127
0186,11.745,12.265467643737793
0186,11.786666666666669,11.69869613647461
0186,10.45,11.202278137207031
0186,9.991666666666667,12.307464599609375
0186,11.236666666666668,11.722944259643555
0186,10.706666666666669,11.17475414276123
0186,10.363333333333332,11.262653350830078
0186,11.121666666666666,11.713204383850098
0186,14.1,11.686745643615723
0186,10.985,12.056319236755371
0186,14.348333333333333,14.688050270080566
0186,12.803333333333336,11.594359397888184
0186,11.48,11.938162803649902
0186,10.728333333333332,3.3950181007385254
0186,11.13,13.171552658081055
0186,13.198333333333332,14.786544799804688
0186,11.611666666666668,13.943201065063477
0186,12.285,12.210502624511719
0186,20.451666666666664,16.560688018798828
0186,11.451666666666666,12.030092239379883
0186,11.875,12.869786262512207
0186,11.37,10.588170051574707
0186,10.933333333333334,11.305347442626953
0186,11.633333333333333,12.816128730773926
0186,11.931666666666668,14.46409797668457
0186,9.178333333333336,9.242632865905762
0186,12.068333333333332,9.816418647766113
0186,9.583333333333334,5.916861534118652
0186,15.015,14.801532745361328
0186,11.823333333333332,11.87744140625
0186,13.45,11.91313648223877
0186,13.125,15.020685195922852
0186,10.861666666666668,10.430076599121094
0186,12.01,11.924675941467285
0186,9.77,7.963866710662842
0186,13.956666666666669,14.8557767868042
0186,11.635,10.065289497375488
0186,10.946666666666664,9.343127250671387
0186,11.958333333333334,13.359519004821777
0186,11.938333333333333,12.598923683166504
0186,11.918333333333331,17.02977180480957
0186,10.693333333333332,12.135470390319824
0186,12.253333333333334,11.035643577575684
0186,16.185,16.00844955444336
0186,12.528333333333334,13.164799690246582
0186,15.845,15.622300148010254
0186,14.211666666666668,14.054248809814453
0186,17.348333333333336,16.35551643371582
0186,11.978333333333332,13.597301483154297
0186,12.121666666666666,13.210734367370605
0186,12.88,12.583226203918457
0186,12.381666666666666,12.995991706848145
0186,13.778333333333334,14.076234817504883
0186,12.956666666666669,13.13668441772461
0186,13.0,12.002614974975586
0186,10.026666666666667,13.353568077087402
0186,11.033333333333331,10.951457023620605
0186,11.578333333333337,12.21018123626709
0186,11.95,11.377289772033691
0186,10.86,11.49379825592041
0186,1.515,2.9171833992004395
0186,1.51,5.310059070587158
0186,11.281666666666666,11.835275650024414
0186,11.465,11.11706256866455
0186,11.943333333333332,11.286911964416504
0186,1.535,4.604354381561279
0186,13.863333333333332,13.94855785369873
0186,11.178333333333336,11.123658180236816
0186,13.931666666666668,12.479049682617188
0186,13.038333333333332,12.925179481506348
0186,11.305,11.377593994140625
0186,11.891666666666667,11.369911193847656
0186,1.43,3.936464309692383
0186,9.57,8.465726852416992
0186,9.441666666666666,11.328810691833496
0186,12.273333333333332,12.802154541015625
0186,12.418333333333331,13.107080459594727
0186,10.846666666666666,11.906445503234863
0186,12.361666666666668,12.507476806640625
0186,11.533333333333331,11.85142993927002
0186,12.78,12.992101669311523
0186,13.363333333333332,10.94461441040039
0186,10.236666666666668,8.542549133300781
0186,11.041666666666666,7.498488426208496
0186,12.611666666666668,13.781553268432617
0186,12.858333333333333,12.453831672668457
0186,14.376666666666669,15.294841766357422
0186,12.673333333333334,11.004165649414062
0186,11.813333333333333,12.456666946411133
0186,14.508333333333333,14.352696418762207
0186,10.801666666666668,12.243858337402344
0186,13.336666666666668,13.525629043579102
0186,10.06,9.920035362243652
0186,10.695,10.868087768554688
0186,12.061666666666667,11.307379722595215
0186,10.123333333333331,10.615303039550781
0186,14.405,13.463226318359375
0186,14.2,13.70816421508789
0186,12.753333333333334,12.249979019165039
0186,13.886666666666668,13.00954532623291
0186,12.848333333333333,13.770227432250977
0186,12.855,13.438474655151367
0186,12.141666666666667,13.187670707702637
0186,12.148333333333332,11.904633522033691
0186,13.941666666666666,13.577249526977539
0186,12.176666666666668,12.406146049499512
0186,15.335,13.739668846130371
0186,15.243333333333334,13.983721733093262
0186,13.1,13.710402488708496
0186,15.911666666666669,14.863130569458008
0186,13.9,13.270029067993164
0186,15.75,14.438344955444336
0186,14.188333333333333,14.235393524169922
0186,14.686666666666667,12.971966743469238
0186,14.881666666666666,14.409408569335938
0186,13.581666666666669,13.271350860595703
0186,9.78,9.50267219543457
0186,9.458333333333334,7.775538921356201
0186,9.531666666666666,12.30512523651123
0186,14.495,13.262686729431152
0186,15.365,14.424736976623535
0186,12.256666666666666,13.1780424118042
0186,11.31,10.774152755737305
0186,10.3,10.685497283935547
0186,10.486666666666668,10.795136451721191
0186,1.9733333333333327,5.227215766906738
0186,10.801666666666668,10.948519706726074
0186,9.911666666666669,9.201098442077637
0186,10.353333333333332,10.605981826782227
0186,1.5066666666666668,3.3312387466430664
0186,9.606666666666666,9.068235397338867
0186,1.495,6.0185675621032715
0186,1.4366666666666668,4.522184371948242
0186,12.75,12.210684776306152
0186,12.173333333333334,12.718276977539062
0186,17.58833333333333,15.640434265136719
0186,15.608333333333333,14.19072437286377
0186,16.529999999999998,14.353110313415527
0186,12.641666666666667,12.94079875946045
0186,15.615,13.572870254516602
0186,12.176666666666668,11.27414321899414
0186,13.301666666666668,13.559111595153809
0186,12.343333333333334,12.061534881591797
0186,13.83,13.672686576843262
0186,12.301666666666668,12.099924087524414
0186,14.718333333333334,12.767285346984863
0186,16.529999999999998,14.29685115814209
0186,17.08,16.40709686279297
0186,13.663333333333332,12.45212459564209
0186,11.863333333333332,12.457632064819336
0186,11.935,12.480636596679688
0186,13.211666666666668,12.988317489624023
0186,12.113333333333332,11.802042007446289
0186,12.975,13.378948211669922
0186,14.495,13.980511665344238
0186,11.745,12.339139938354492
0186,10.941666666666666,11.714390754699707
0186,13.785,12.950736045837402
0186,12.861666666666668,13.83437728881836
0186,13.25,12.714521408081055
0186,12.658333333333331,12.856834411621094
0186,13.965,13.846641540527344
0186,12.965,12.132909774780273
0186,13.583333333333334,13.571931838989258
0186,14.166666666666666,12.779295921325684
0186,12.006666666666666,13.956930160522461
0186,11.013333333333332,13.776138305664062
0186,12.166666666666666,12.083173751831055
0186,12.681666666666668,12.093156814575195
0186,11.578333333333337,11.735865592956543
0186,11.208333333333334,10.956469535827637
0186,12.066666666666666,12.425105094909668
0186,9.383333333333333,5.8552446365356445
0186,13.94,13.84182071685791
0186,1.5616666666666668,5.366421699523926
0186,1.4583333333333333,5.109359264373779
0186,11.301666666666668,12.099358558654785
0186,17.81,16.227184295654297
0186,11.258333333333333,11.031181335449219
0186,13.675,13.639996528625488
0186,13.966666666666669,12.746467590332031
0186,14.3,13.502290725708008
0186,14.803333333333336,13.777113914489746
0186,13.675,15.917618751525879
0186,13.05,12.462298393249512
0186,14.145,13.636327743530273
0186,9.881666666666666,10.861601829528809
0186,11.186666666666667,10.379382133483887
0186,12.545,12.572474479675293
0186,12.805,13.15664291381836
0186,12.05,13.272189140319824
0186,11.931666666666668,11.1951322555542
0186,9.521666666666668,11.49973201751709
0186,10.598333333333333,10.328453063964844
0186,11.211666666666668,10.692207336425781
0186,11.323333333333332,11.952889442443848
0186,11.043333333333331,11.260505676269531
0186,13.778333333333334,13.760371208190918
0186,10.975,10.928114891052246
0186,10.71,12.57465648651123
0186,14.23,13.368185997009277
0186,14.105,13.648174285888672
0186,12.635,12.290274620056152
0186,12.738333333333332,12.913273811340332
0186,14.23,13.34558391571045
0186,12.766666666666667,12.6505708694458
0186,14.271666666666668,13.762605667114258
0186,13.858333333333333,13.683621406555176
0186,14.001666666666669,13.935300827026367
0186,10.256666666666666,12.106402397155762
0186,14.716666666666669,14.421324729919434
0186,10.68,11.824271202087402
0186,11.263333333333332,11.014840126037598
0186,10.443333333333332,10.426980018615723
0186,14.255,13.1974515914917
0186,9.36,4.1707048416137695
0186,11.66,12.170997619628906
0186,1.495,6.286668300628662
0186,13.94,14.467708587646484
0186,14.44,13.951675415039062
0186,14.655,14.071741104125977
0186,11.956666666666669,11.9677152633667
0186,11.956666666666669,12.117114067077637
0186,9.251666666666669,9.952788352966309
0186,13.786666666666669,14.12897777557373
0186,12.39,12.715522766113281
0186,13.786666666666669,14.228500366210938
0186,14.73,14.370448112487793
0186,16.958333333333332,17.112028121948242
0186,12.223333333333333,12.057619094848633
0186,10.983333333333333,10.901391983032227
0186,13.035,12.790054321289062
0186,14.728333333333332,14.082879066467285
0186,11.926666666666668,11.885395050048828
0186,11.821666666666664,11.228717803955078
0186,12.526666666666667,10.982178688049316
0186,10.97,10.953814506530762
0186,13.035,12.928587913513184
0186,12.155,12.463558197021484
0186,12.196666666666664,11.65400218963623
0186,14.786666666666669,14.147974967956543
0186,10.778333333333334,10.728097915649414
0186,10.75,10.888904571533203
0186,13.031666666666666,12.982743263244629
0186,9.016666666666667,3.3740408420562744
0186,1.5566666666666669,6.174104690551758
0186,12.621666666666666,12.504392623901367
0186,12.698333333333332,12.885372161865234
0186,11.291666666666666,10.349517822265625
0186,15.648333333333332,12.857827186584473
0186,14.358333333333333,13.258769989013672
0186,15.648333333333332,14.903959274291992
0186,13.826666666666666,14.63512134552002
0186,14.236666666666668,14.251669883728027
0186,15.648333333333332,14.535810470581055
0186,11.318333333333332,13.408031463623047
0186,17.253333333333334,16.10807228088379
0186,15.633333333333333,15.43480396270752
0186,9.475,10.410751342773438
0186,13.075,12.253312110900879
0186,13.221666666666666,12.472336769104004
0186,13.215,12.253327369689941
0186,14.605,13.63670539855957
0186,15.826666666666666,13.254324913024902
0186,12.19,17.414222717285156
0186,10.321666666666664,10.131399154663086
0186,16.521666666666665,15.924371719360352
0186,11.69,11.49227237701416
0186,17.06,16.614002227783203
0186,18.64,16.53392791748047
0186,10.323333333333332,10.438517570495605
0186,14.72,15.589832305908203
0186,8.65,3.7435832023620605
0186,9.591666666666669,5.299055099487305
0186,13.478333333333332,13.563682556152344
0186,17.948333333333334,15.893121719360352
0186,12.585,12.012340545654297
0186,12.835,13.362889289855957
0186,14.281666666666666,14.35043716430664
0186,14.511666666666668,11.523863792419434
0186,13.251666666666669,13.629096031188965
0186,14.511666666666668,14.024918556213379
0186,17.868333333333332,16.22637367248535
0186,13.988333333333332,13.664379119873047
0186,11.103333333333332,10.960928916931152
0186,12.731666666666666,13.410331726074219
0186,12.933333333333334,9.999556541442871
0186,15.351666666666668,14.916080474853516
0186,13.24,12.734028816223145
0186,12.961666666666668,12.502920150756836
0186,11.23,11.406681060791016
0186,14.376666666666669,13.483495712280273
0186,12.285,13.118375778198242
0186,14.405,13.076693534851074
0186,12.201666666666666,11.694650650024414
0186,15.12,14.040492057800293
0186,16.408333333333335,15.926284790039062
0186,10.076666666666666,9.924670219421387
0186,9.915,10.200921058654785
0186,13.893333333333334,13.639430046081543
0186,11.63,11.851903915405273
0186,11.671666666666663,10.990381240844727
0186,13.893333333333334,13.26076602935791
0186,13.206666666666669,12.898646354675293
0186,12.728333333333332,13.419227600097656
0186,14.028333333333334,13.257864952087402
0186,13.651666666666667,13.333571434020996
0186,14.198333333333332,14.171330451965332
0186,12.58,11.35203742980957
0186,13.875,13.536011695861816
0186,10.54,10.566080093383789
0186,10.033333333333331,11.44953441619873
0186,13.11,12.522486686706543
0186,12.565,12.789894104003906
0186,9.683333333333334,10.812056541442871
0186,17.291666666666668,15.578099250793457
0186,12.933333333333334,13.62412166595459
0186,11.315,10.804463386535645
0186,13.608333333333333,13.592635154724121
0186,13.406666666666666,11.941946983337402
0186,15.72,15.105059623718262
0186,13.246666666666666,13.453470230102539
0186,11.273333333333332,10.732819557189941
0186,12.773333333333332,11.977351188659668
0186,12.148333333333332,12.67621898651123
0186,15.72,14.74149227142334
0186,12.738333333333332,12.644771575927734
0186,1.596666666666667,6.733376502990723
0186,16.081666666666667,15.612364768981934
0186,9.486666666666668,9.743192672729492
0186,11.913333333333332,12.58963680267334
0186,15.586666666666668,15.997337341308594
0186,12.516666666666667,11.414532661437988
0186,13.711666666666668,14.311410903930664
0186,13.286666666666669,13.688441276550293
0186,18.38833333333333,17.681631088256836
0186,13.176666666666668,13.928043365478516
0186,9.521666666666668,12.44542121887207
0186,11.186666666666667,11.93657112121582
0186,12.615,12.335945129394531
0186,13.233333333333333,13.95550537109375
0186,13.018333333333334,12.603699684143066
0186,13.685,13.683737754821777
0186,11.228333333333332,13.261551856994629
0186,16.596666666666668,16.164243698120117
0186,13.69,14.083990097045898
0186,15.228333333333332,14.562478065490723
0186,1.5433333333333332,4.426338195800781
0186,1.403333333333333,4.32197380065918
0186,10.235,11.593138694763184
0186,11.678333333333336,12.612544059753418
0186,12.74,13.326557159423828
0186,12.74,13.31425952911377
0186,12.335,12.130910873413086
0186,10.506666666666666,11.211655616760254
0186,10.151666666666667,10.95741081237793
0186,12.131666666666666,12.488755226135254
0186,1.345,5.082512855529785
0186,1.3666666666666667,10.289734840393066
0186,13.091666666666669,13.524188995361328
0186,12.3,13.451849937438965
0186,12.775,14.506425857543945
0186,10.463333333333331,12.359277725219727
0186,13.553333333333336,14.649019241333008
0186,10.998333333333331,11.577847480773926
0186,11.046666666666663,11.957385063171387
0186,11.761666666666668,13.059250831604004
0186,13.205,14.169947624206543
0186,11.831666666666669,13.484801292419434
0186,10.38,12.438836097717285
0186,13.205,14.001226425170898
0186,1.3916666666666666,4.68444299697876
0186,9.2,7.264551162719727
0186,10.801666666666668,12.32684326171875
0186,10.57,10.299825668334961
0186,13.081666666666669,12.682318687438965
0186,10.015,10.11709976196289
0186,11.856666666666666,12.797479629516602
0186,10.988333333333332,11.625741958618164
0186,9.735,9.939858436584473
0186,9.626666666666669,10.601314544677734
0186,9.663333333333332,10.159810066223145
0186,11.623333333333331,11.500728607177734
0186,12.331666666666669,13.032456398010254
0186,11.036666666666669,11.504378318786621
0186,11.975,12.155122756958008
0186,10.901666666666667,10.908890724182129
0186,11.851666666666668,12.397785186767578
0186,10.69,11.570045471191406
0186,11.415,12.461287498474121
0186,10.446666666666664,11.489246368408203
0186,9.826666666666666,10.346546173095703
0186,11.296666666666663,13.192483901977539
0186,13.346666666666666,14.300752639770508
0186,11.805,14.685526847839355
0186,10.14,9.497564315795898
0186,9.398333333333332,9.227209091186523
0186,9.148333333333332,9.177605628967285
0186,9.495,8.350655555725098
0186,9.238333333333332,8.911163330078125
0186,8.786666666666667,4.899134159088135
0186,10.293333333333331,9.80160903930664
0186,1.9666666666666663,1.1280250549316406
0186,1.538333333333333,7.611655235290527
0186,10.001666666666669,9.91639232635498
0186,1.6766666666666663,5.745279312133789
0186,10.036666666666669,10.010963439941406
0186,10.648333333333332,3.559077739715576
0186,1.4766666666666666,4.047019004821777
0186,1.5450000000000002,9.218998908996582
0186,1.5033333333333334,3.426546812057495
0186,9.925,9.783848762512207
0186,1.6700000000000002,8.625901222229004
0186,9.55,3.70133900642395
0186,10.12,10.042092323303223
0186,9.976666666666668,10.086655616760254
0186,10.511666666666668,10.98337459564209
0186,1.9183333333333328,2.550708055496216
0186,9.613333333333332,9.948519706726074
0186,9.46,9.20285701751709
0186,1.4516666666666669,5.120485782623291
0186,10.386666666666668,9.209458351135254
0186,1.8683333333333327,6.476650714874268
0186,9.536666666666669,4.33326530456543
0186,9.425,9.292961120605469
0186,9.668333333333331,10.19072151184082
0186,10.925,10.19343090057373
0186,9.486666666666668,9.046311378479004
0186,10.418333333333331,10.983664512634277
0186,9.05,8.615884780883789
0186,9.64,9.623340606689453
0186,9.605,9.56606388092041
0186,9.64,10.436272621154785
0186,9.556666666666668,9.656363487243652
0186,8.889999999999999,8.778526306152344
0186,1.4733333333333334,2.0351293087005615
0186,1.5483333333333331,7.50050687789917
0186,11.431666666666668,10.864958763122559
0186,1.445,3.0708630084991455
0186,1.6316666666666668,8.898330688476562
0186,10.25,10.317866325378418
0186,1.6116666666666668,8.066625595092773
0186,10.431666666666668,10.200143814086914
0186,9.035,8.783987045288086
0186,9.48,6.504779815673828
0186,9.98,9.947576522827148
0186,1.3616666666666668,3.02270770072937
0186,9.396666666666668,5.242761135101318
0186,1.5,3.14662766456604
0186,11.591666666666669,10.628312110900879
0186,9.168333333333331,5.033528804779053
0186,1.3083333333333331,-0.15463799238204956
0186,1.5216666666666667,0.9332019090652466
0186,9.55,6.564239978790283
0186,8.951666666666666,5.341639995574951
0186,1.5366666666666666,2.6978492736816406
0186,1.528333333333333,2.476611852645874
0186,8.938333333333333,10.01191520690918
0186,1.62,5.445643901824951
0186,1.403333333333333,1.164719581604004
0186,10.961666666666668,11.423223495483398
0186,1.5633333333333332,3.670886754989624
0186,9.46,9.274577140808105
0186,1.4666666666666666,2.313063144683838
0186,10.496666666666666,10.500286102294922
0186,9.7,6.76525354385376
0186,10.196666666666664,10.372964859008789
0186,9.576666666666666,9.210676193237305
0186,9.706666666666669,9.996610641479492
0186,13.313333333333333,12.594239234924316
0186,11.74,11.209327697753906
0186,12.238333333333332,12.935636520385742
0186,11.738333333333332,12.228391647338867
0186,12.203333333333337,9.935075759887695
0186,9.82,10.376118659973145
0186,10.136666666666668,10.178791999816895
0186,9.82,10.265033721923828
0186,11.511666666666668,11.458548545837402
0186,10.268333333333334,9.991260528564453
0186,11.393333333333334,12.550403594970703
0186,13.01,12.886016845703125
0186,17.146666666666665,14.258490562438965
0186,11.575,12.285653114318848
0186,9.961666666666668,9.725907325744629
0186,16.156666666666666,15.177639961242676
0186,11.731666666666666,11.5271577835083
0186,1.6383333333333332,4.975937843322754
0186,10.311666666666667,9.841699600219727
0186,10.895,10.331942558288574
0186,11.305,15.341499328613281
0186,1.61,4.777419090270996
0186,1.5833333333333333,3.5985758304595947
0186,1.5266666666666666,1.4947855472564697
0186,1.7283333333333333,3.4259800910949707
0186,1.66,2.525348424911499
0186,1.4933333333333332,1.7170764207839966
0186,10.52,10.575760841369629
0186,1.52,4.919962406158447
0186,1.535,1.995487928390503
0186,8.731666666666666,2.874091625213623
0186,8.731666666666666,7.195660591125488
0186,9.985,10.442831039428711
0186,1.5266666666666666,1.9179511070251465
0186,10.988333333333332,12.019804000854492
0186,12.83,12.54037857055664
0186,10.411666666666669,11.101581573486328
0186,11.3,11.690372467041016
0186,10.285,10.194161415100098
0186,16.313333333333333,16.364219665527344
0186,14.04,17.3731746673584
0186,16.988333333333333,16.76679801940918
0186,9.536666666666669,10.255904197692871
0186,10.078333333333337,10.583157539367676
0186,10.878333333333334,11.369848251342773
0186,15.505,13.660992622375488
0186,10.503333333333334,10.272198677062988
0186,9.578333333333337,9.707807540893555
0186,10.503333333333334,10.535831451416016
0186,17.605,16.98350715637207
0186,17.336666666666666,16.577186584472656
0186,17.605,17.543182373046875
0186,9.29,8.247844696044922
0186,1.4316666666666669,2.568235158920288
0186,11.425,11.918354034423828
0186,1.355,7.909830570220947
0186,1.46,2.259110450744629
0186,9.29,7.936117649078369
0186,9.75,8.708868026733398
0186,1.4883333333333333,5.419329643249512
0186,1.3833333333333333,3.4131357669830322
0186,10.333333333333334,10.228349685668945
0186,11.633333333333333,10.494308471679688
0186,11.056666666666668,10.026673316955566
0186,9.47,6.81687068939209
0186,10.576666666666666,9.93069076538086
0186,9.185,7.543625354766846
0186,1.4666666666666666,2.1413025856018066
0186,9.171666666666663,9.332724571228027
0186,1.615,2.3323142528533936
0186,10.301666666666668,7.279853343963623
0186,11.636666666666668,11.274626731872559
0186,9.436666666666667,8.718405723571777
0186,9.215,3.060387134552002
0186,1.4483333333333337,0.5734137296676636
0186,13.918333333333331,11.511940956115723
0186,10.308333333333334,10.895528793334961
0186,12.066666666666666,13.187185287475586
0186,1.615,3.868276834487915
0186,1.5733333333333337,6.664057731628418
0186,1.5799999999999998,8.81567096710205
0186,9.966666666666669,10.151415824890137
0186,10.37,10.876450538635254
0186,16.871666666666666,15.160928726196289
0186,1.596666666666667,2.649608850479126
0186,9.993333333333334,8.2194185256958
0186,11.473333333333333,11.321434020996094
0186,1.285,1.0106053352355957
0186,1.8766666666666665,4.735927104949951
0186,10.041666666666666,5.349623203277588
0186,1.5333333333333334,5.709700107574463
0186,1.45,2.040701389312744
0186,10.02,9.738311767578125
0186,9.285,7.592118263244629
0186,12.193333333333332,11.735611915588379
0186,9.221666666666666,4.255692481994629
0186,12.628333333333334,11.42872142791748
0186,1.38,6.732977867126465
0186,10.871666666666666,9.76877212524414
0186,9.478333333333332,6.751524448394775
0186,10.691666666666666,10.856637001037598
0186,10.476666666666668,9.889047622680664
0186,9.488333333333332,10.509243965148926
0186,9.53,10.406604766845703
0186,10.24,10.169183731079102
0186,13.146666666666668,12.46943473815918
0186,9.833333333333334,11.15190601348877
0186,16.736666666666668,16.444032669067383
0186,9.591666666666669,9.310538291931152
0186,9.265,8.389108657836914
0186,13.591666666666669,12.2018404006958
0186,9.321666666666664,9.27359390258789
0186,8.828333333333335,8.35401439666748
0186,9.62,8.91203498840332
0186,9.855,8.260034561157227
0186,1.43,1.4791680574417114
0186,9.146666666666668,4.060240268707275
0186,9.715,9.499837875366211
0186,11.096666666666666,11.52248477935791
0186,9.435,9.17768383026123
0186,11.326666666666666,10.655196189880371
0186,12.476666666666668,13.709394454956055
0186,16.368333333333332,14.050301551818848
0186,12.385,11.538176536560059
0186,8.791666666666666,7.679111003875732
0186,9.563333333333333,9.531866073608398
0186,9.64,10.077585220336914
0186,12.468333333333334,13.128520965576172
0186,13.821666666666664,12.92399787902832
0186,10.556666666666668,10.724645614624023
0186,16.74833333333333,15.090841293334961
0186,11.413333333333332,11.036707878112793
0186,11.49,12.373419761657715
0186,11.695,11.678155899047852
0186,12.348333333333333,11.714005470275879
0186,12.068333333333332,12.2542085647583
0186,13.333333333333334,12.7949800491333
0186,11.451666666666666,11.712697982788086
0186,9.966666666666669,9.929460525512695
0186,19.26833333333333,17.247608184814453
0186,15.77,15.893006324768066
0186,13.738333333333332,13.258499145507812
0186,11.541666666666666,12.723737716674805
0186,10.378333333333334,10.609846115112305
0186,12.068333333333332,12.709859848022461
0186,10.926666666666668,11.005484580993652
0186,10.308333333333334,10.852513313293457
0186,17.4,16.5690860748291
0186,17.83833333333333,17.29561424255371
0186,17.83833333333333,17.426979064941406
0186,17.83833333333333,16.739566802978516
0186,11.381666666666666,10.571088790893555
0186,10.115,9.837381362915039
0186,9.651666666666667,10.015273094177246
0186,9.721666666666666,9.88963794708252
0186,1.5333333333333334,6.2159223556518555
0186,10.086666666666668,6.77971887588501
0186,11.826666666666666,11.864328384399414
0186,9.823333333333332,9.831157684326172
0186,1.5266666666666666,4.940676689147949
0186,1.43,1.343575358390808
0186,1.4233333333333331,3.0588598251342773
0186,1.4566666666666668,5.271009922027588
0186,11.691666666666666,11.1117582321167
0186,14.153333333333334,12.521392822265625
0186,13.738333333333332,12.728955268859863
0186,11.513333333333332,12.034053802490234
0186,9.595,9.783453941345215
0186,9.758333333333333,10.251762390136719
0186,10.091666666666669,10.559961318969727
0186,10.175,10.324298858642578
0186,9.743333333333334,9.766340255737305
0186,9.581666666666669,9.773831367492676
0186,10.341666666666669,10.751604080200195
0186,13.391666666666667,12.794650077819824
0186,14.001666666666669,14.061107635498047
0186,9.903333333333334,10.234081268310547
0186,11.885,12.482797622680664
0186,11.596666666666666,10.937597274780273
0186,14.288333333333332,12.728589057922363
0186,15.886666666666668,14.347980499267578
0186,13.195,13.232800483703613
0186,9.816666666666666,9.879706382751465
0186,11.005,11.363425254821777
0186,10.458333333333334,10.736817359924316
0186,16.721666666666668,17.680408477783203
0186,19.043333333333333,17.438215255737305
0186,16.065,15.612685203552246
0186,10.69,11.567325592041016
0186,11.675,9.722193717956543
0186,9.343333333333334,9.666830062866211
0186,10.515,10.886863708496094
0186,16.53666666666667,14.43429183959961
0186,12.116666666666667,12.764513969421387
0186,10.168333333333331,10.248452186584473
0186,10.96,10.972402572631836
0186,9.96,10.211091995239258
0186,16.673333333333332,16.442909240722656
0186,18.10333333333333,16.837160110473633
0186,14.535,14.186324119567871
0186,11.775,11.667248725891113
0186,9.346666666666666,10.107555389404297
0186,10.555,10.491016387939453
0186,11.99,12.140798568725586
0186,16.53666666666667,14.708453178405762
0186,9.743333333333334,10.145468711853027
0186,12.553333333333336,11.677542686462402
0186,9.91,10.041687965393066
0186,10.013333333333332,9.733064651489258
0186,11.23,11.473406791687012
0186,11.933333333333334,10.891517639160156
0186,9.778333333333334,9.98745059967041
0186,10.201666666666666,10.603837013244629
0186,11.021666666666668,11.830779075622559
0186,12.141666666666667,11.931648254394531
0186,12.955,12.84585952758789
0186,10.938333333333333,10.863338470458984
0186,15.31,13.495356559753418
0186,11.558333333333334,11.680673599243164
0186,12.661666666666669,12.862385749816895
0186,10.296666666666663,9.980640411376953
0186,1.46,1.8324178457260132
0186,10.02,8.855340003967285
0186,9.603333333333332,7.838657855987549
0186,1.4183333333333332,0.61358642578125
0186,9.805,7.080767631530762
0186,1.46,2.0225372314453125
0186,9.491666666666667,7.47288179397583
0186,1.4733333333333334,4.201669216156006
0186,1.5433333333333332,5.64308500289917
0186,10.87,6.908994674682617
0186,10.841666666666669,10.753888130187988
0186,9.568333333333332,6.252474308013916
0186,9.443333333333332,8.517949104309082
0186,11.113333333333332,10.775490760803223
0186,1.515,7.145885467529297
0186,10.151666666666667,10.198714256286621
0186,9.275,7.517966270446777
0186,10.145,10.169116973876953
0186,13.435,8.240124702453613
0186,1.4933333333333332,4.746593475341797
0186,9.303333333333336,4.7356390953063965
0186,1.46,2.295323371887207
0186,10.728333333333332,10.915148735046387
0186,11.798333333333334,11.505783081054688
0186,11.375,11.478110313415527
0186,13.318333333333332,9.922407150268555
0186,10.985,11.826656341552734
0186,16.401666666666667,15.471922874450684
0186,15.948333333333332,13.204144477844238
0186,14.15,12.494057655334473
0186,11.548333333333334,11.21180534362793
0186,17.488333333333333,14.9459228515625
0186,10.723333333333333,10.171944618225098
0186,11.753333333333334,11.632551193237305
0186,9.85,9.482810020446777
0186,1.6016666666666666,6.082275390625
0186,9.975,11.377132415771484
0186,10.528333333333334,11.507274627685547
0186,9.828333333333337,9.528190612792969
0186,8.981666666666666,8.102788925170898
0186,10.12,9.874560356140137
0186,9.716666666666669,8.516698837280273
0186,8.718333333333334,9.401922225952148
0186,1.52,1.00054931640625
0186,9.856666666666666,11.191020965576172
0186,10.363333333333332,10.684118270874023
0186,9.405,5.207164287567139
0186,9.37,8.275115013122559
0186,11.025,10.876307487487793
0186,12.665,12.854199409484863
0186,10.403333333333334,11.131512641906738
0186,12.938333333333333,12.52042293548584
0186,13.81,13.659607887268066
0186,13.416666666666666,12.886366844177246
0186,10.323333333333332,10.84864616394043
0186,9.271666666666668,9.496759414672852
0186,13.478333333333332,12.882896423339844
0186,10.275,10.086819648742676
0186,11.863333333333332,11.852288246154785
0186,9.508333333333333,9.950689315795898
0186,10.275,10.35722827911377
0186,16.195,16.44424057006836
0186,12.33,11.528815269470215
0186,17.02,16.857694625854492
0186,16.195,15.938295364379883
0186,9.91,10.285330772399902
0186,9.833333333333334,8.461933135986328
0186,1.535,4.68869161605835
0186,1.425,0.37311863899230957
0186,1.4866666666666668,5.103490829467773
0186,1.4733333333333334,2.0907962322235107
0186,9.91,8.330503463745117
0186,8.868333333333334,4.297919273376465
0186,1.6183333333333332,6.874183654785156
0186,9.826666666666666,10.170208930969238
0186,1.5633333333333332,5.619103908538818
0186,1.48,6.65689754486084
0186,9.41,10.198211669921875
0186,9.535,6.433454513549805
0186,9.27,10.009136199951172
0186,8.608333333333333,3.963653564453125
0186,10.175,9.970145225524902
0186,1.403333333333333,2.871410369873047
0186,9.201666666666666,9.574438095092773
0186,9.595,9.797388076782227
0186,10.84,11.009129524230957
0186,9.641666666666667,9.892316818237305
0186,10.571666666666664,13.553287506103516
0186,14.221666666666666,14.229973793029785
0186,11.518333333333334,13.424934387207031
0186,9.676666666666668,10.41639232635498
0186,9.99,10.786369323730469
0186,9.93,10.923444747924805
0186,16.296666666666667,16.7152156829834
0186,15.168333333333331,15.600898742675781
0186,15.601666666666668,16.789793014526367
0186,15.01,14.855880737304688
0186,9.613333333333332,10.883509635925293
0186,12.873333333333331,14.22164249420166
0186,10.625,10.970087051391602
0186,10.958333333333334,12.835693359375
0186,11.381666666666666,11.28040885925293
0186,8.43,9.930720329284668
0186,9.421666666666663,9.172847747802734
0186,9.213333333333331,9.471125602722168
0186,8.998333333333333,8.83150863647461
0186,1.415,3.183135509490967
0186,9.553333333333336,10.334609985351562
0186,1.3183333333333331,2.3182318210601807
0186,10.513333333333332,11.50446605682373
0186,10.108333333333333,9.767926216125488
0186,12.705,12.853432655334473
0186,9.59,11.208423614501953
0186,10.178333333333336,10.5621337890625
0186,11.973333333333333,12.389291763305664
0186,12.175,12.780826568603516
0186,12.361666666666668,11.065034866333008
0186,12.096666666666666,11.077813148498535
0186,16.898333333333333,12.545175552368164
0186,10.011666666666668,10.426478385925293
0186,11.056666666666668,11.307799339294434
0186,9.726666666666668,9.756360054016113
0186,9.651666666666667,9.45324993133545
0186,11.376666666666669,11.389742851257324
0186,12.045,11.734618186950684
0186,12.211666666666668,12.461444854736328
0186,10.226666666666668,9.521148681640625
0186,10.87,11.664013862609863
0186,11.38,12.246837615966797
0186,12.538333333333332,13.085419654846191
0186,1.5333333333333334,7.537850379943848
0186,9.068333333333332,9.54470443725586
0186,9.103333333333332,9.222171783447266
0186,10.565,13.307419776916504
0186,1.3983333333333334,8.653351783752441
0186,9.701666666666666,8.173540115356445
0186,11.038333333333332,10.109342575073242
0186,12.403333333333334,13.513702392578125
0186,12.075,11.841994285583496
0186,10.64,9.249741554260254
0186,10.548333333333334,8.980401992797852
0186,11.05,11.250682830810547
0186,1.365,8.062041282653809
0186,14.64,12.779047966003418
0186,13.095,13.693163871765137
0186,11.46,12.223353385925293
0186,11.626666666666669,10.861247062683105
0186,11.036666666666669,11.4219388961792
0186,12.253333333333334,11.447639465332031
0186,9.943333333333332,11.012543678283691
0186,9.505,9.552323341369629
0186,13.026666666666667,12.322830200195312
0186,12.35,11.937553405761719
0186,13.701666666666666,12.389588356018066
0186,15.773333333333332,13.709972381591797
0186,10.885,11.29019546508789
0186,10.803333333333336,11.714558601379395
0186,13.065,14.039546966552734
0186,10.061666666666667,9.335245132446289
0383,4.36,4.283956527709961
0383,8.42,6.44359016418457
0383,13.96,12.116765975952148
0383,9.74,8.696276664733887
0383,6.61,10.695588111877441
0383,9.89,8.507869720458984
0383,10.16,8.46538257598877
0383,13.1,9.820147514343262
0383,9.22,9.000029563903809
0383,3.84,2.0587332248687744
0383,10.89,10.264816284179688
0383,6.06,5.692625045776367
0383,5.01,5.498730659484863
0383,3.68,4.801382064819336
0383,4.46,5.1710686683654785
0383,7.61,9.88891315460205
0383,6.99,7.442148685455322
0383,10.16,9.526671409606934
0383,12.51,12.235058784484863
0383,4.98,4.108799457550049
0383,12.36,10.014360427856445
0383,4.09,3.9836671352386475
0383,10.84,12.352960586547852
0383,13.64,13.32357406616211
0383,13.36,13.172778129577637
0383,7.94,10.053561210632324
0383,10.89,10.068697929382324
0383,6.56,3.694366216659546
0383,10.64,8.740909576416016
0383,8.48,9.478191375732422
0383,5.74,5.601098537445068
0383,3.36,5.506051063537598
0383,3.67,3.5273971557617188
0383,13.69,12.075528144836426
0383,8.63,5.356703281402588
0383,6.64,6.3180694580078125
0383,6.54,5.0901103019714355
0383,10.26,8.596019744873047
0383,9.58,10.508130073547363
0383,5.74,4.668858051300049
0383,4.91,6.63313627243042
0383,11.26,9.010398864746094
0383,12.07,4.858223915100098
0383,7.86,8.404616355895996
0383,9.91,8.030241966247559
0383,13.24,13.405540466308594
0383,10.0,9.269469261169434
0383,6.32,5.664021015167236
0383,5.74,4.930775165557861
0383,9.37,8.585723876953125
0383,5.55,7.327600479125977
0383,4.3,4.789511680603027
0383,10.63,9.327984809875488
0383,11.47,9.560820579528809
0383,3.59,2.258286237716675
0383,4.63,3.5981972217559814
0383,14.41,14.144556045532227
0383,10.84,9.676438331604004
0383,10.79,11.73585319519043
0383,7.82,6.970427989959717
0383,12.07,10.628462791442871
0383,3.89,3.472902536392212
0383,12.17,11.04712963104248
0383,11.06,11.11074161529541
0383,1.32,3.350717544555664
0383,6.74,10.042959213256836
0383,1.35,1.71726655960083
0383,12.51,12.094655990600586
0383,9.18,9.240913391113281
0383,9.15,9.988174438476562
0383,4.68,4.949935436248779
0383,12.7,12.729654312133789
0383,9.89,8.047371864318848
0383,8.26,8.856861114501953
0383,13.56,8.337942123413086
0383,11.55,10.75920295715332
0383,13.26,12.41889476776123
0383,3.18,3.2197959423065186
0383,9.64,9.133846282958984
0383,4.42,4.972151756286621
0383,9.01,7.564716339111328
0383,3.46,5.764310836791992
0383,3.03,4.251855373382568
0383,9.8,10.033323287963867
0383,6.22,5.535055637359619
0383,6.29,4.848816394805908
0383,8.33,8.440414428710938
0383,9.44,8.460733413696289
0383,6.33,5.986903667449951
0383,14.41,13.587324142456055
0383,2.59,3.3466789722442627
0383,5.12,8.41562271118164
0383,13.82,11.879372596740723
0383,5.12,4.038830757141113
0383,6.74,8.791003227233887
0383,11.37,9.935164451599121
0383,3.91,4.156760215759277
0383,13.96,10.81742000579834
0383,11.77,10.103035926818848
0383,7.69,8.834661483764648
0383,4.92,4.850016117095947
0383,9.43,9.776100158691406
0383,8.27,10.695068359375
0383,8.92,7.643634796142578
0383,8.31,7.247250080108643
0383,3.48,3.9934327602386475
0383,4.13,3.999539613723755
0383,4.67,3.805016040802002
0383,3.98,3.527203321456909
0383,12.81,11.818687438964844
0383,6.82,6.07951021194458
0383,1.46,1.5932965278625488
0383,12.52,11.394234657287598
0383,12.5,11.381794929504395
0383,8.59,8.14556884765625
0383,10.44,10.268750190734863
0383,11.54,9.301793098449707
0383,3.69,4.3851399421691895
0383,14.67,15.515380859375
0383,13.67,10.821305274963379
0383,7.41,10.645604133605957
0383,9.35,9.619172096252441
0383,7.32,5.178702354431152
0383,10.52,9.172114372253418
0383,4.66,5.080809116363525
0383,2.26,1.7330769300460815
0383,11.51,10.909830093383789
0383,3.18,2.851074695587158
0383,5.26,6.93269157409668
0383,6.55,7.453488349914551
0383,6.61,7.977947235107422
0383,12.42,13.856083869934082
0383,13.75,13.341569900512695
0383,4.08,4.487919330596924
0383,3.16,7.224562644958496
0383,9.17,8.693547248840332
0383,10.08,10.241839408874512
0383,10.41,10.352991104125977
0383,11.12,13.011384010314941
0383,4.08,4.730168342590332
0383,5.06,4.392117500305176
0383,11.51,10.214120864868164
0383,3.965,4.074643611907959
0383,10.691,10.710412979125977
0383,10.089,10.158748626708984
0383,9.414,9.499069213867188
0383,8.988,8.947681427001953
0383,9.01,9.525443077087402
0383,10.63,10.242116928100586
0383,9.11,11.2691068649292
0383,11.21,9.199806213378906
0383,3.19,4.647865295410156
0383,7.61,7.694737911224365
0383,7.01,6.9509596824646
0383,7.03,7.417716979980469
0383,5.18,5.383481025695801
0383,8.11,8.673182487487793
0383,9.56,10.651857376098633
0383,8.56,9.849124908447266
0383,12.04,10.555428504943848
0383,6.83,7.831860542297363
0383,6.38,7.764863967895508
0383,10.69,11.886587142944336
0383,5.51,8.828510284423828
0383,12.4,12.838805198669434
0383,12.01,12.428826332092285
0383,1.38,2.617033004760742
0383,3.41,3.791533946990967
0383,11.21,11.7598876953125
0383,11.11,11.07857894897461
0383,3.2,1.5193537473678589
0383,6.89,5.159909725189209
0383,3.76,3.8110554218292236
0383,1.38,2.202298879623413
0383,10.26,9.723091125488281
0383,8.17,7.553107261657715
0383,4.34,5.437408447265625
0383,7.66,8.384355545043945
0383,8.43,7.706909656524658
0383,8.0,10.750348091125488
0383,3.69,2.734686851501465
0383,7.81,6.209676742553711
0383,1.52,1.444008469581604
0383,9.03,10.438179016113281
0383,9.22,9.314191818237305
0383,5.99,8.123185157775879
0383,9.83,9.4179105758667
0383,10.7,9.582167625427246
0383,13.15,11.36828899383545
0383,10.84,10.441668510437012
0383,4.73,4.90640115737915
0383,11.49,10.088447570800781
0383,12.02,10.579312324523926
0383,12.77,12.705254554748535
0383,8.71,10.321603775024414
0383,9.95,10.951440811157227
0383,10.19,10.38890552520752
0383,13.49,12.564937591552734
0383,10.94,11.383028030395508
0383,8.28,7.715025424957275
0383,12.43,13.205381393432617
0383,4.19,3.850121259689331
0383,2.99,3.464853048324585
0383,11.63,4.483090400695801
0383,4.91,4.972151756286621
0383,9.79,7.239357948303223
0383,8.05,7.468047618865967
0383,10.85,10.606605529785156
0383,6.76,5.34576940536499
0383,4.27,3.75750470161438
0383,3.49,4.207931041717529
0383,4.63,5.604244709014893
0383,12.62,9.860008239746094
0383,1.23,3.4445366859436035
0383,3.69,3.9819605350494385
0383,7.82,8.85280990600586
0383,8.8,9.62951374053955
0383,2.91,3.7711782455444336
0383,8.24,5.073374271392822
0383,7.9,8.458078384399414
0383,9.79,8.576675415039062
0383,11.55,10.327831268310547
0383,4.17,6.478263854980469
0383,9.82,10.08595085144043
0383,5.02,8.567705154418945
0383,14.4,13.884927749633789
0383,14.2,13.507482528686523
0383,10.76,9.622374534606934
0383,5.09,4.620267868041992
0383,5.31,6.351250648498535
0383,3.68,5.152764797210693
0383,3.74,3.492046356201172
0383,4.84,6.710200309753418
0383,6.95,10.275887489318848
0383,4.41,5.704233169555664
0383,8.14,8.280327796936035
0383,8.33,8.388340950012207
0383,5.74,6.590065956115723
0383,6.01,6.703524589538574
0383,4.08,10.297857284545898
0383,5.56,4.848816394805908
0383,3.98,6.957779407501221
0383,5.92,5.508028030395508
0383,11.77,10.141219139099121
0383,6.95,8.006852149963379
0383,12.03,12.317800521850586
0383,5.48,5.6038408279418945
0383,5.59,5.5324859619140625
0383,5.56,5.307151794433594
0383,3.65,4.125310897827148
0383,3.94,3.3905651569366455
0383,12.39,11.433548927307129
0383,3.75,3.1190743446350098
0383,12.87,12.210333824157715
0383,11.33,11.529214859008789
0383,8.28,8.476846694946289
0383,8.59,9.570438385009766
0383,7.01,6.191290378570557
0383,10.58,5.075568675994873
0383,12.49,12.071542739868164
0383,8.16,7.081254005432129
0383,8.79,6.621153831481934
0383,13.57,13.032611846923828
0383,3.96,5.245687007904053
0383,3.73,3.9752867221832275
0383,5.29,5.41804838180542
0383,6.26,5.41804838180542
0383,8.08,8.371173858642578
0383,8.53,8.003162384033203
0383,5.1,5.831454277038574
0383,5.75,5.156538963317871
0383,11.1,11.847437858581543
0383,5.73,4.289318084716797
0383,6.23,6.831454277038574
0383,5.95,6.457432746887207
0383,10.02,10.214588165283203
0383,12.43,12.068778038024902
0383,11.71,8.656097412109375
0383,13.79,13.09060001373291
0383,2.92,4.324387550354004
0383,4.36,4.655640125274658
0383,2.54,2.3602089881896973
0383,1.63,6.545090675354004
0383,2.48,7.094933986663818
0383,2.66,2.8534340858459473
0383,4.08,3.6957242488861084
0383,2.71,2.519329309463501
0383,13.85,12.966798782348633
0383,5.17,7.138558864593506
0383,4.29,4.892758846282959
0383,8.52,9.177348136901855
0383,4.17,5.506969451904297
0383,3.39,3.8289687633514404
0383,3.44,3.6701934337615967
0383,3.58,4.8124494552612305
0383,9.37,10.977982521057129
0383,8.99,6.852296352386475
0383,16.1,13.854134559631348
0383,10.36,10.899334907531738
0383,2.41,3.4155399799346924
0383,13.94,12.888343811035156
0383,3.9,4.173969745635986
0383,9.15,9.707633018493652
0383,10.85,11.424736976623535
0383,6.96,6.866322994232178
0383,11.24,10.710539817810059
0383,10.29,11.621025085449219
0383,3.03,5.463224411010742
0383,6.89,8.834661483764648
0383,14.61,12.635946273803711
0383,7.44,7.699538707733154
0383,6.76,6.211076259613037
0383,4.73,5.059321880340576
0383,3.87,4.210570812225342
0383,3.61,3.097100019454956
0383,3.71,3.0550572872161865
0383,2.75,3.1003642082214355
0383,9.49,9.424227714538574
0383,7.87,7.858866214752197
0383,6.44,11.045044898986816
0383,5.46,6.811812877655029
0383,6.19,6.843623638153076
0383,13.24,8.151442527770996
0383,6.08,7.27999210357666
0383,1.93,2.121095657348633
0383,2.73,5.886597156524658
0383,6.27,6.859466552734375
0383,3.89,4.300425052642822
0383,6.07,6.362082004547119
0383,2.64,4.342805862426758
0383,8.36,10.695068359375
0383,7.84,8.638053894042969
0383,8.75,8.16447925567627
0383,7.85,7.247250080108643
0383,3.88,3.6878886222839355
0383,11.58,13.06921672821045
0383,13.1,11.527059555053711
0383,11.22,11.86181640625
0383,12.26,10.783670425415039
0383,9.68,5.753718852996826
0383,4.01,4.107470512390137
0383,12.95,12.316089630126953
0383,11.68,11.067262649536133
0383,11.55,11.574729919433594
0383,13.34,12.580601692199707
0383,12.16,11.872483253479004
0383,10.14,8.132049560546875
0383,8.87,9.515646934509277
0383,9.55,8.896963119506836
0383,5.24,7.29568338394165
0383,9.03,9.101191520690918
0383,5.29,5.56286096572876
0383,5.49,5.381570339202881
0383,8.56,9.44437026977539
0383,3.43,3.8776278495788574
0383,1.39,2.2094147205352783
0383,1.88,1.7819015979766846
0383,7.28,8.603068351745605
0383,11.95,12.657369613647461
0383,8.47,8.366345405578613
0383,5.93,6.804131507873535
0383,4.01,4.320766925811768
0383,4.33,4.1923651695251465
0383,1.36,1.764007329940796
0383,10.06,12.637165069580078
0383,3.79,6.400482654571533
0383,11.11,12.54149341583252
0383,7.03,7.87645149230957
0383,4.74,5.366371154785156
0383,10.43,9.150246620178223
0383,8.2,8.465158462524414
0383,10.47,10.15864372253418
0383,9.23,11.3862886428833
0383,3.83,3.6439085006713867
0383,3.88,3.752930164337158
0383,4.62,5.073194980621338
0383,5.07,5.720778942108154
0383,4.17,4.4525146484375
0383,4.5,4.591065883636475
0383,5.16,6.1104960441589355
0383,8.94,10.25536060333252
0383,9.02,9.137176513671875
0383,9.3,12.195274353027344
0383,9.26,10.645604133605957
0383,12.1,8.692065238952637
0383,9.91,9.473838806152344
0383,7.6,7.778592109680176
0383,12.64,12.036136627197266
0383,5.08,7.313878059387207
0383,7.95,7.880383014678955
0383,6.99,6.3982343673706055
0383,6.56,6.594454288482666
0383,11.84,10.849956512451172
0383,10.43,11.048012733459473
0383,11.23,10.683257102966309
0383,10.74,10.7908353805542
0383,8.23,7.815664768218994
0383,9.24,10.5267333984375
0383,1.26,8.447537422180176
0383,4.16,6.067469596862793
0383,1.6,2.1781582832336426
0383,8.26,7.990192890167236
0383,7.84,7.01947021484375
0383,10.22,9.783188819885254
0383,7.99,7.384888648986816
0383,11.02,10.197430610656738
0383,5.01,6.746650218963623
0383,5.14,4.2979888916015625
0383,13.41,12.258142471313477
0383,7.25,11.608199119567871
0383,2.69,3.3249833583831787
0383,7.21,7.201711177825928
0383,9.73,6.93269157409668
0383,10.97,8.907876968383789
0383,8.2,9.36865520477295
0383,10.37,12.956868171691895
0383,13.82,11.943434715270996
0383,4.37,4.360557556152344
0383,12.16,8.58385944366455
0383,13.97,13.184568405151367
0383,13.69,11.155208587646484
0383,9.21,8.722709655761719
0383,4.47,4.388889312744141
0383,9.03,8.779718399047852
0383,8.88,9.102258682250977
0383,7.64,7.791971206665039
0383,7.71,11.865843772888184
0383,11.26,7.307825088500977
0383,5.1,5.465717792510986
0383,5.28,4.825861930847168
0383,6.69,9.777522087097168
0383,6.08,5.364307403564453
0383,13.63,12.079668045043945
0383,4.88,4.900125503540039
0383,5.24,4.975944519042969
0383,4.36,4.351800918579102
0383,4.28,4.476669788360596
0383,9.55,10.111350059509277
0383,4.27,4.038567543029785
0383,8.89,9.1504545211792
0383,5.37,6.929924488067627
0383,6.96,5.393362045288086
0383,11.6,11.005204200744629
0383,6.28,6.634537696838379
0383,10.13,10.130518913269043
0383,5.09,6.0489630699157715
0383,5.72,9.39952564239502
0383,7.88,9.583317756652832
0383,10.46,10.351786613464355
0383,2.71,4.730168342590332
0383,9.21,11.3217191696167
0383,3.26,8.227216720581055
0383,3.63,4.301968097686768
0383,3.26,5.71651029586792
0383,5.04,6.870620250701904
0383,10.93,10.10793399810791
0383,5.08,4.948596000671387
0383,4.56,4.881425857543945
0383,6.56,8.475446701049805
0383,3.61,4.600681304931641
0383,9.79,8.625617027282715
0383,4.139,3.9135735034942627
0383,10.714,10.73298454284668
0383,10.112,10.209846496582031
0383,9.437,9.400602340698242
0383,8.735,8.986042976379395
0383,10.897,5.620258331298828
0383,10.545,10.162556648254395
0383,10.395,9.807894706726074
0383,11.153,10.862127304077148
0383,9.397,10.058086395263672
0383,8.795,6.552983283996582
0383,9.899,11.077920913696289
0383,4.69,4.772531509399414
0383,9.394,10.004337310791016
0383,11.918,10.740705490112305
0383,10.764,11.096285820007324
0383,10.162,10.62694263458252
0383,9.46,9.746047019958496
0383,9.56,10.68368148803711
0383,8.908,9.161211967468262
0383,9.008,9.119128227233887
0383,10.965,10.505335807800293
0383,10.865,11.081805229187012
0383,7.904,8.082534790039062
0383,10.541,10.999183654785156
0383,7.781,7.29771614074707
0383,8.685,8.52552604675293
0383,10.34,8.578391075134277
0383,8.283,8.721246719360352
0383,11.193,10.22874641418457
0383,8.685,9.436409950256348
0383,10.691,11.312322616577148
0383,8.233,8.228606224060059
0383,9.036,9.661809921264648
0383,10.691,10.741090774536133
0383,10.641,11.106223106384277
0383,10.641,10.666874885559082
0383,4.419,7.733774662017822
0383,12.1,11.484748840332031
0382,5.79,6.417621612548828
0382,4.5,5.600139141082764
0382,7.8,9.152783393859863
0382,6.2,4.676927089691162
0382,9.46,10.111492156982422
0382,6.9,6.617978572845459
0382,4.6,5.779269218444824
0382,6.8,4.692079067230225
0382,4.7,4.552008628845215
0382,4.23,5.017856597900391
0382,9.36,10.086967468261719
0382,11.27,10.402395248413086
0382,9.59,9.482339859008789
0382,8.93,9.294766426086426
0382,10.54,9.140480041503906
0382,9.99,9.544005393981934
0382,9.12,9.470023155212402
0382,5.67,5.242032527923584
0382,4.46,6.689112186431885
0382,7.09,8.040055274963379
0382,9.17,13.263855934143066
0382,6.66,9.03230094909668
0382,11.0,11.612454414367676
0382,3.14,2.0985093116760254
0382,5.19,3.9777824878692627
0382,10.76,9.909401893615723
0382,3.5,5.267581939697266
0382,8.87,10.470303535461426
0382,6.09,6.444014072418213
0382,12.32,9.900066375732422
0382,11.76,2.118046283721924
0382,10.48,10.4326171875
0382,12.88,10.572409629821777
0382,4.16,4.287145614624023
0382,4.21,4.003767013549805
0382,4.21,4.981597900390625
0382,2.68,3.9380130767822266
0382,13.33,12.892088890075684
0382,7.39,7.811789512634277
0382,5.01,5.2560906410217285
0382,10.91,9.79471492767334
0382,7.63,7.360084533691406
0382,9.96,11.432755470275879
0382,4.36,4.424095630645752
0382,8.76,6.233933448791504
0382,13.64,12.49573802947998
0382,13.36,12.416485786437988
0382,7.56,6.948513031005859
0382,5.98,8.551613807678223
0382,9.02,9.465311050415039
0382,8.18,9.366738319396973
0382,9.48,10.048876762390137
0382,7.8,8.08531665802002
0382,7.97,7.316593170166016
0382,11.29,10.770726203918457
0382,4.68,4.906274795532227
0382,9.37,9.087737083435059
0382,12.33,11.460433006286621
0382,13.59,12.239805221557617
0382,4.44,4.065511226654053
0382,9.03,10.539024353027344
0382,7.41,8.179702758789062
0382,4.21,5.503702640533447
0382,4.36,5.4480881690979
0382,7.96,7.431929588317871
0382,5.96,7.802262783050537
0382,3.35,5.436706066131592
0382,3.66,5.704046249389648
0382,12.71,4.872797012329102
0382,12.7,12.541585922241211
0382,9.77,10.376962661743164
0382,7.59,5.5333147048950195
0382,9.83,9.275683403015137
0382,4.59,3.429476261138916
0382,6.58,5.694433689117432
0382,3.68,3.651454210281372
0382,3.59,4.306671619415283
0382,4.09,5.546074867248535
0382,2.84,4.238222122192383
0382,4.08,4.531191825866699
0382,4.03,4.632800579071045
0382,4.16,5.631658554077148
0382,4.36,5.190038204193115
0382,3.76,4.064996719360352
0382,3.38,4.825191974639893
0382,5.44,4.731998920440674
0382,11.6,11.269621849060059
0382,10.13,10.513683319091797
0382,10.97,11.832015037536621
0382,9.34,9.199665069580078
0382,6.25,6.897828102111816
0382,8.99,9.752289772033691
0382,4.88,6.418323516845703
0382,12.42,11.135138511657715
0382,9.28,9.905688285827637
0382,9.86,9.166046142578125
0382,9.18,8.3650541305542
0382,9.16,8.237373352050781
0382,4.76,8.497627258300781
0382,6.92,5.230373859405518
0382,11.33,10.993942260742188
0382,10.67,10.283529281616211
0382,11.78,7.625925540924072
0382,5.56,10.393319129943848
0382,5.46,6.285706996917725
0382,4.84,4.82997465133667
0382,3.4,3.204951763153076
0382,3.36,3.3574771881103516
0382,3.5,2.9648826122283936
0382,6.43,6.545453071594238
0382,8.74,10.29686450958252
0382,7.86,7.897675037384033
0382,7.41,8.348264694213867
0382,3.75,2.9739320278167725
0382,13.08,12.631192207336426
0382,11.98,13.288322448730469
0382,9.24,6.118190765380859
0382,6.13,5.745063781738281
0382,5.99,6.373972415924072
0382,9.59,9.353407859802246
0382,13.01,12.960380554199219
0382,12.99,13.37382984161377
0382,1.39,2.014202356338501
0382,5.06,5.667133331298828
0382,4.54,5.134235858917236
0382,8.34,8.756102561950684
0382,8.21,8.69289779663086
0382,4.68,5.24300479888916
0382,5.33,4.763416290283203
0382,3.84,4.247562885284424
0382,13.73,9.741169929504395
0382,4.62,6.442382335662842
0382,8.38,8.433487892150879
0382,6.51,5.991625785827637
0382,7.73,9.844680786132812
0382,10.16,9.378454208374023
0382,4.5,5.289511680603027
0382,8.09,9.807075500488281
0382,6.22,7.278526782989502
0382,4.76,4.885192394256592
0382,6.41,7.286289691925049
0382,7.21,7.883387088775635
0382,9.22,9.2749605178833
0382,9.86,9.940237998962402
0382,10.66,8.482985496520996
0382,11.51,10.028120040893555
0382,3.59,2.2590746879577637
0382,15.05,12.152438163757324
0382,9.11,11.2322359085083
0382,11.21,9.286833763122559
0382,3.19,4.179962635040283
0382,7.61,7.941178798675537
0382,7.01,7.155666351318359
0382,7.03,7.528910160064697
0382,5.18,5.436589241027832
0382,8.11,8.348409652709961
0382,9.56,9.60999584197998
0382,8.56,9.457982063293457
0382,12.04,9.1062593460083
0382,6.83,6.501813888549805
0382,6.38,8.10869026184082
0382,10.69,9.537820816040039
0382,5.51,8.62412166595459
0382,12.4,12.391685485839844
0382,12.01,12.417038917541504
0382,1.38,3.549351930618286
0382,3.41,3.2261440753936768
0382,11.21,10.194358825683594
0382,11.11,10.639799118041992
0382,3.2,4.1201276779174805
0382,6.89,6.547520637512207
0382,3.76,3.426100492477417
0382,1.38,2.2654078006744385
0382,10.26,9.091206550598145
0382,8.17,8.271313667297363
0382,4.34,5.558052062988281
0382,7.66,8.297677040100098
0382,8.43,7.619563102722168
0382,8.0,8.674296379089355
0382,3.69,3.5411014556884766
0382,7.81,6.212220191955566
0382,1.52,3.1848578453063965
0382,9.03,10.086843490600586
0382,9.22,8.78663158416748
0382,5.99,7.606897354125977
0382,9.83,9.241654396057129
0382,10.7,11.022189140319824
0382,13.15,11.63001537322998
0382,10.84,11.024035453796387
0382,4.73,8.982216835021973
0382,11.49,10.65844440460205
0382,12.02,10.105417251586914
0382,12.77,11.06927490234375
0382,8.71,8.753857612609863
0382,9.95,10.601663589477539
0382,10.19,9.329660415649414
0382,13.49,12.794489860534668
0382,10.94,9.739184379577637
0382,8.28,8.410638809204102
0382,12.43,11.500038146972656
0382,4.19,3.6607656478881836
0382,2.99,3.627326250076294
0382,11.63,3.571213483810425
0382,4.91,4.402829170227051
0382,9.79,7.715601921081543
0382,8.05,6.798171043395996
0382,10.85,10.421391487121582
0382,6.76,5.329004287719727
0382,4.27,3.6602673530578613
0382,3.49,4.377350330352783
0382,4.63,5.365321159362793
0382,12.62,10.281551361083984
0382,1.23,3.9618964195251465
0382,3.69,4.145583629608154
0382,7.82,7.977609634399414
0382,8.8,8.792339324951172
0382,2.91,3.405797004699707
0382,8.24,5.314383029937744
0382,7.9,8.788361549377441
0382,9.79,7.789581298828125
0382,11.55,10.324503898620605
0382,4.17,6.777356147766113
0382,9.82,10.573004722595215
0382,5.02,7.688038349151611
0382,14.4,14.085604667663574
0382,14.2,12.812911987304688
0382,10.76,9.654403686523438
0382,5.09,5.549211502075195
0382,5.31,5.923032760620117
0382,3.68,5.164971828460693
0382,3.74,4.259696006774902
0382,4.84,6.124843597412109
0382,6.95,9.767911911010742
0382,4.41,5.066209316253662
0382,8.14,8.538618087768555
0382,8.33,8.047500610351562
0382,5.74,6.0012946128845215
0382,6.01,6.1184401512146
0382,4.08,6.962421894073486
0382,5.56,5.475397109985352
0382,3.98,8.14608383178711
0382,5.92,5.5391621589660645
0382,11.77,10.600790977478027
0382,6.95,8.72281551361084
0382,12.03,12.227726936340332
0382,5.48,5.600067138671875
0382,5.59,5.559793949127197
0382,5.56,5.168828010559082
0382,3.65,4.089547157287598
0382,3.94,3.874376058578491
0382,12.39,12.136277198791504
0382,3.75,3.5357449054718018
0382,12.87,12.235471725463867
0382,11.33,11.224796295166016
0382,8.28,9.745071411132812
0382,8.59,8.344658851623535
0382,7.01,5.833037376403809
0382,10.58,4.0035271644592285
0382,12.49,11.495621681213379
0382,8.16,8.699727058410645
0382,8.79,8.10187816619873
0382,13.57,12.879344940185547
0382,3.96,4.880845546722412
0382,3.73,3.72843861579895
0382,5.29,5.961309432983398
0382,6.26,5.119107246398926
0382,8.08,8.502166748046875
0382,8.53,8.157649040222168
0382,5.1,5.728352069854736
0382,5.75,5.177393913269043
0382,11.1,11.951431274414062
0382,5.73,4.37856912612915
0382,6.23,6.782198905944824
0382,5.95,5.980845928192139
0382,10.02,10.1617431640625
0382,12.43,12.490781784057617
0382,11.71,8.751174926757812
0382,13.79,10.983501434326172
0382,2.92,4.2904558181762695
0382,4.36,4.7663893699646
0382,2.54,2.796152353286743
0382,1.63,3.060798168182373
0382,2.48,2.8873417377471924
0382,2.66,2.883143186569214
0382,4.08,3.73382568359375
0382,2.71,2.76330304145813
0382,13.85,12.740887641906738
0382,5.17,6.879305362701416
0382,4.29,3.3284294605255127
0382,8.52,9.136269569396973
0382,4.17,4.869703769683838
0382,3.39,3.698443651199341
0382,3.44,3.499605655670166
0382,3.58,3.8236374855041504
0382,9.37,10.130252838134766
0382,8.99,6.1034393310546875
0382,16.1,11.973979949951172
0382,10.36,9.018829345703125
0382,2.41,3.5674524307250977
0382,13.94,13.619447708129883
0382,3.9,4.982239246368408
0382,9.15,9.405783653259277
0382,10.85,10.495560646057129
0382,6.96,6.368677616119385
0382,11.24,9.776408195495605
0382,10.29,5.964574813842773
0382,3.03,5.037503242492676
0382,6.89,8.656632423400879
0382,14.61,12.836996078491211
0382,7.44,7.418567657470703
0382,6.76,6.787241458892822
0382,4.73,5.656419277191162
0382,3.87,4.25715446472168
0382,3.61,3.2657694816589355
0382,3.71,3.205273151397705
0382,2.75,3.073801279067993
0382,9.49,10.006922721862793
0382,7.87,6.99952507019043
0382,6.44,8.916440963745117
0382,5.46,7.123672008514404
0382,6.19,6.847241401672363
0382,13.24,7.977785110473633
0382,6.08,6.815078258514404
0382,1.93,2.2263734340667725
0382,2.73,4.59699821472168
0382,6.27,6.686006546020508
0382,3.89,3.426990032196045
0382,6.07,5.956546783447266
0382,2.64,3.9401626586914062
0382,8.36,9.693073272705078
0382,7.84,7.589024066925049
0382,8.75,8.001240730285645
0382,7.85,7.9257988929748535
0382,3.88,4.222123146057129
0382,11.58,13.037535667419434
0382,13.1,11.595324516296387
0382,11.22,11.716914176940918
0382,12.26,10.793126106262207
0382,9.68,4.592521667480469
0382,4.01,3.782071352005005
0382,12.95,12.615826606750488
0382,11.68,12.101966857910156
0382,11.55,12.224544525146484
0382,13.34,12.94240951538086
0382,12.16,12.125140190124512
0382,10.14,8.641731262207031
0382,8.87,9.599658966064453
0382,9.55,8.933005332946777
0382,5.24,6.67833948135376
0382,9.03,8.981440544128418
0382,5.29,5.528695106506348
0382,5.49,5.314466953277588
0382,8.56,9.447491645812988
0382,3.43,3.261573076248169
0382,1.39,2.0463249683380127
0382,1.88,1.531014084815979
0382,7.28,7.811868667602539
0382,11.95,10.848548889160156
0382,8.47,7.805594444274902
0382,5.93,7.204288959503174
0382,4.01,4.958393573760986
0382,4.33,4.348494529724121
0382,1.36,2.497570753097534
0382,10.06,11.893895149230957
0382,3.79,5.643898963928223
0382,11.11,11.945098876953125
0382,7.03,7.79378604888916
0382,4.74,5.586419582366943
0382,10.43,8.351202964782715
0382,8.2,8.212886810302734
0382,10.47,8.639067649841309
0382,9.23,8.467602729797363
0382,3.83,3.573448657989502
0382,3.88,3.6803107261657715
0382,4.62,4.635042667388916
0382,5.07,4.781713008880615
0382,4.17,4.52041482925415
0382,4.5,4.687361240386963
0382,5.16,5.473579406738281
0382,8.94,9.053312301635742
0382,9.02,9.576435089111328
0382,9.3,10.788228034973145
0382,9.26,12.05118179321289
0382,12.1,9.386652946472168
0382,9.91,9.9129056930542
0382,7.6,8.273298263549805
0382,12.64,12.086326599121094
0382,5.08,5.856571674346924
0382,7.95,7.569185733795166
0382,6.99,6.418330192565918
0382,6.56,6.614264488220215
0382,11.84,11.366076469421387
0382,10.43,11.052196502685547
0382,11.23,10.682296752929688
0382,10.74,10.849133491516113
0382,8.23,7.037682056427002
0382,9.24,11.268129348754883
0382,1.26,7.283276081085205
0382,4.16,4.946795463562012
0382,1.6,2.2939484119415283
0382,8.26,7.955126762390137
0382,7.84,6.4055376052856445
0382,10.22,9.499439239501953
0382,7.99,7.2406415939331055
0382,11.02,10.65591049194336
0382,5.01,6.184426784515381
0382,5.14,5.13162088394165
0382,13.41,12.264266014099121
0382,7.25,10.840591430664062
0382,2.69,4.151064395904541
0382,7.21,9.84477710723877
0382,9.73,7.3515472412109375
0382,10.97,8.887627601623535
0382,8.2,9.603206634521484
0382,10.37,9.951322555541992
0382,13.82,12.25374984741211
0382,4.37,4.1475324630737305
0382,12.16,9.096989631652832
0382,13.97,12.649589538574219
0382,13.69,10.783757209777832
0382,9.21,8.01718807220459
0382,4.47,4.311043739318848
0382,9.03,8.753594398498535
0382,8.88,8.925670623779297
0382,7.64,8.227822303771973
0382,7.71,11.778844833374023
0382,11.26,7.637876510620117
0382,5.1,5.542633533477783
0382,5.28,5.581389427185059
0382,6.69,8.114978790283203
0382,6.08,5.286338806152344
0382,13.63,12.553794860839844
0382,4.88,5.090676784515381
0382,5.24,5.1519598960876465
0382,4.36,4.249789237976074
0382,4.28,4.295845985412598
0382,9.55,9.598094940185547
0382,4.27,7.6840715408325195
0382,8.89,8.426088333129883
0382,5.37,6.679937839508057
0382,6.96,5.460021018981934
0382,11.6,10.705901145935059
0382,6.28,6.269601345062256
0382,10.13,9.498116493225098
0382,5.09,5.588223457336426
0382,5.72,9.075932502746582
0382,7.88,7.738518714904785
0382,10.46,9.548646926879883
0382,2.71,4.80333948135376
0382,9.21,10.522552490234375
0382,3.26,8.636941909790039
0382,3.63,3.827970027923584
0382,3.26,5.257098197937012
0382,5.04,6.317159652709961
0382,10.93,9.770854949951172
0382,5.08,5.5430803298950195
0382,4.56,2.8040554523468018
0382,6.56,7.415772438049316
0382,3.61,4.8285369873046875
0382,9.79,9.307781219482422
0382,4.139,3.8338842391967773
0382,10.714,10.897405624389648
0382,10.112,10.714802742004395
0382,9.437,9.46710205078125
0382,8.735,8.663135528564453
0382,10.897,6.333119869232178
0382,10.545,10.022839546203613
0382,10.395,10.30557632446289
0382,11.153,11.219930648803711
0382,9.397,9.54308032989502
0382,8.795,7.6517415046691895
0382,9.899,11.074309349060059
0382,4.69,4.52506685256958
0382,9.394,10.538949966430664
0382,11.918,11.365031242370605
0382,10.764,10.452545166015625
0382,10.162,9.919417381286621
0382,9.46,9.603455543518066
0382,9.56,10.193254470825195
0382,8.908,8.491289138793945
0382,9.008,9.030877113342285
0382,10.965,10.733074188232422
0382,10.865,11.01632022857666
0382,7.904,8.582001686096191
0382,10.541,10.662548065185547
0382,7.781,6.77422571182251
0382,8.685,8.208984375
0382,10.34,9.225462913513184
0382,8.283,8.08743953704834
0382,11.193,10.253344535827637
0382,8.685,8.714301109313965
0382,10.691,10.856837272644043
0382,8.233,8.134683609008789
0382,9.036,9.20119857788086
0382,10.691,10.55020523071289
0382,10.641,11.440261840820312
0382,10.641,10.750494003295898
0382,4.419,7.6437177658081055
0382,12.1,12.431720733642578
0230,0.438,0.6373733878135681
0230,0.405,0.6410940289497375
0230,0.824,0.7748914361000061
0230,0.407,0.7009429335594177
0230,0.788,0.8497739434242249
0230,0.417,0.11875418573617935
0230,2.166,5.358023166656494
0230,1.212,1.1515517234802246
0230,6.501,6.693761825561523
0230,0.622,1.2620068788528442
0230,0.554,0.7223383784294128
0230,0.423,0.8178344964981079
0230,0.655,0.758011519908905
0230,2.361,1.7922204732894897
0230,6.033,6.024295330047607
0230,0.425,0.8675040602684021
0230,4.681,3.831843376159668
0230,3.316,2.49485445022583
0230,0.444,1.2976261377334595
0230,0.451,1.229015827178955
0230,8.064,7.522621154785156
0230,0.628,0.42077359557151794
0230,3.64,3.212165117263794
0230,0.441,1.045935869216919
0230,2.919,3.150228500366211
0230,5.89,5.866426467895508
0230,4.106,4.118077754974365
0230,1.394,2.9855737686157227
0230,3.508,3.907454252243042
0230,4.057,3.6085522174835205
0230,1.225,1.4447342157363892
0230,0.586,0.7018226385116577
0230,1.14,3.3120126724243164
0230,0.436,0.48721039295196533
0230,1.55,1.8109943866729736
0230,3.281,0.9675351977348328
0230,3.085,2.482705593109131
0230,3.5,3.774162530899048
0230,0.47,0.5672971606254578
0230,0.571,0.9320372343063354
0230,0.554,0.6276941895484924
0230,3.626,3.365084171295166
0230,0.433,0.8698369264602661
0230,5.878,5.954466819763184
0230,0.613,0.5499934554100037
0230,0.467,0.5062317848205566
0230,2.915,3.1646201610565186
0230,2.754,1.9156414270401
0230,0.412,0.7900803685188293
0230,7.742,6.443801403045654
0230,1.146,1.458683967590332
0230,4.756,5.396914958953857
0230,4.574,5.448360919952393
0230,1.232,3.864248037338257
0230,0.441,0.7732458114624023
0230,0.575,1.1842759847640991
0230,0.477,0.4909929633140564
0230,0.517,2.952807664871216
0230,0.675,1.868821144104004
0230,5.731,6.032436847686768
0230,0.535,0.7916241884231567
0230,3.976,0.5526278018951416
0230,0.875,2.7552297115325928
0230,0.621,1.8347094058990479
0230,0.733,0.8521815538406372
0230,5.888,5.679101467132568
0230,1.816,0.7970338463783264
0230,5.831,4.250538349151611
0230,0.651,0.8798409700393677
0230,2.208,2.2844834327697754
0230,3.148,2.94864559173584
0230,5.165,2.971421241760254
0230,1.367,1.4039242267608643
0230,0.529,2.286423444747925
0230,2.002,2.90548038482666
0230,6.989,5.969819068908691
0230,3.096,3.7464568614959717
0230,0.996,2.3488073348999023
0230,2.297,1.6654709577560425
0230,6.497,6.866746425628662
0230,2.062,1.5071216821670532
0230,0.604,0.7699260115623474
0230,4.141,2.666684627532959
0230,6.563,7.227921962738037
0230,5.7,5.542575836181641
0230,0.452,0.6652831435203552
0230,6.196,5.777840614318848
0230,0.963,1.0440380573272705
0230,0.766,1.557431936264038
0230,0.477,1.368241786956787
0230,6.956,6.774282932281494
0230,6.223,6.06036901473999
0230,0.78,5.262082576751709
0230,0.431,0.4145946800708771
0230,6.154,6.227633476257324
0230,2.584,1.4812790155410767
0230,5.233,5.365251541137695
0230,6.073,5.952528476715088
0230,1.083,1.8082133531570435
0230,0.729,2.2405335903167725
0230,2.668,2.2741568088531494
0230,0.815,1.3531898260116577
0230,6.689,6.307148456573486
0230,2.437,3.4480180740356445
0230,2.448,2.107455015182495
0230,0.423,0.32622575759887695
0230,0.437,0.44473743438720703
0230,7.098,7.102862358093262
0230,3.023,4.487810134887695
0230,4.49,4.7054667472839355
0230,1.776,3.676008939743042
0230,5.343,5.436294078826904
0230,8.067,6.654187202453613
0230,2.276,1.159668207168579
0230,2.082,3.609844207763672
0230,9.464,8.619482040405273
0230,5.664,4.480218887329102
0230,6.756,7.195734977722168
0230,0.407,0.5075824856758118
0230,6.537,5.110819339752197
0230,7.579,7.559429168701172
0230,7.532,7.628957748413086
0230,0.433,1.1076819896697998
0230,2.909,4.113623142242432
0230,0.756,1.0623142719268799
0230,0.977,0.9736058115959167
0230,2.021,1.9716249704360962
0230,5.792,5.275313377380371
0230,4.857,4.112629413604736
0230,4.238,4.2308573722839355
0230,0.481,0.5511940121650696
0230,1.253,0.9757275581359863
0230,4.005,5.359415531158447
0230,3.338,2.951669454574585
0230,1.018,1.3224245309829712
0230,0.416,0.5208259224891663
0230,0.91,1.5341745615005493
0230,0.413,0.4724313020706177
0230,0.872,0.9559084177017212
0230,6.752,6.901942729949951
0230,0.479,0.4461861550807953
0230,0.518,1.4861363172531128
0230,0.424,0.4369184970855713
0230,1.173,2.73730206489563
0230,0.453,0.6592154502868652
0230,0.429,0.17967084050178528
0230,0.943,1.4316933155059814
0230,1.099,1.6196314096450806
0230,0.469,0.558034360408783
0230,1.032,1.628840684890747
0230,1.328,1.41829252243042
0230,4.758,3.5072262287139893
0230,1.001,1.0248914957046509
0230,0.434,0.4167134761810303
0230,2.588,2.247016191482544
0230,2.201,1.0773124694824219
0230,0.991,0.9055147171020508
0230,8.513,8.298108100891113
0230,0.799,1.1117868423461914
0230,0.942,0.9721011519432068
0230,0.459,0.5037034153938293
0230,0.472,0.5419419407844543
0230,7.855,6.92378568649292
0230,0.431,0.33062395453453064
0230,8.008,7.8462419509887695
0230,4.727,4.720864295959473
0230,7.402,7.530019760131836
0230,10.094,8.426763534545898
0230,3.345,2.9704549312591553
0230,6.723,5.083585262298584
0230,7.422,7.289261817932129
0230,4.573,4.5870680809021
0230,0.473,0.5378521084785461
0230,5.848,5.866699695587158
0230,7.326,7.1771674156188965
0230,0.444,0.4442872107028961
0230,6.531,6.081717014312744
0230,2.64,1.9405707120895386
0230,0.476,0.4086034297943115
0230,7.357,7.3606767654418945
0230,8.213,7.651458740234375
0230,7.756,7.604971408843994
0230,6.802,6.7870306968688965
0230,0.404,0.5876051187515259
0230,0.456,0.541711688041687
0230,0.43,0.6529432535171509
0230,0.425,0.4071519374847412
0230,0.746,2.1263623237609863
0230,6.587,6.432960510253906
0230,1.043,0.6964993476867676
0230,0.944,0.9386876821517944
0230,7.792,6.554843425750732
0230,7.927,7.553443431854248
0230,0.473,1.2874811887741089
0230,5.295,3.595585346221924
0230,5.694,6.297658920288086
0230,0.968,2.1006884574890137
0230,5.378,5.576226234436035
0230,4.225,3.0576541423797607
0230,1.04,0.8457894325256348
0230,5.844,5.949579238891602
0230,7.122,7.270966053009033
0230,4.142,2.005373954772949
0230,4.341,2.650014638900757
0230,1.95,4.06591272354126
0230,0.57,0.8186960220336914
0230,2.517,4.7376861572265625
0230,0.422,0.8903599381446838
0230,0.418,0.7227116823196411
0230,6.91,7.031383991241455
0230,0.453,1.0911798477172852
0230,0.602,0.8866850137710571
0230,2.899,6.3533430099487305
0230,0.401,0.7018300890922546
0230,0.564,0.3813032805919647
0230,7.384,7.692739009857178
0230,0.425,0.5129637122154236
0230,0.978,1.5654006004333496
0230,0.561,1.0304388999938965
0230,5.87,5.126600742340088
0230,5.942,5.984814167022705
0230,0.446,0.5134062767028809
0230,0.586,2.0727226734161377
0230,5.83,6.340859413146973
0230,4.732,4.869192123413086
0230,0.458,0.45036932826042175
0230,0.446,1.1689343452453613
0230,0.423,0.53899085521698
0230,0.44,0.8103899955749512
0230,0.463,0.4442439079284668
0230,0.417,0.5771079063415527
0230,0.412,0.5291128158569336
0230,0.406,0.6007876992225647
0230,2.667,2.702143430709839
0230,4.171,2.7132174968719482
0230,2.784,2.764162540435791
0230,2.604,2.737994432449341
0230,7.021,6.400230407714844
0230,5.813,6.104015827178955
0230,5.97,5.243973255157471
0230,6.023,6.037179470062256
0230,1.614,1.0458561182022095
0230,0.402,0.6423484683036804
0230,6.125,5.730370044708252
0230,3.978,3.498396396636963
0230,4.958,4.574831008911133
0230,9.205,8.67292308807373
0230,7.355,7.233811855316162
0230,2.966,3.5814425945281982
0230,1.275,1.3588314056396484
0230,1.59,1.9031870365142822
0230,7.918,3.399195432662964
0230,3.386,2.3804147243499756
0230,0.479,0.7687618732452393
0230,0.485,0.3651568591594696
0230,2.294,1.851791262626648
0230,6.096,3.653226375579834
0230,0.939,0.9736418128013611
0230,0.475,1.601027250289917
0230,0.506,0.7989655137062073
0230,1.306,0.6569281816482544
0230,0.455,1.4042030572891235
0230,3.935,3.1900675296783447
0230,7.038,7.245414733886719
0230,0.767,0.8421200513839722
0230,0.475,0.9144095182418823
0230,3.046,2.14194655418396
0230,4.018,3.437262773513794
0230,0.455,1.3310469388961792
0230,0.567,0.8901323676109314
0230,1.216,2.6004648208618164
0230,3.561,1.15147864818573
0230,5.85,3.762265920639038
0230,5.822,5.853199481964111
0230,5.358,4.548858165740967
0230,6.597,6.481523036956787
0230,5.225,5.28148078918457
0230,7.919,7.1590046882629395
0230,0.475,1.5044946670532227
0230,7.482,7.164154529571533
0230,6.654,6.763538360595703
0230,7.27,7.2636919021606445
0230,0.455,0.7602734565734863
0230,6.219,5.987013339996338
0230,7.749,7.131380558013916
0230,6.763,6.891178607940674
0230,6.788,6.699019908905029
0230,8.156,7.624170780181885
0230,6.06,5.337922096252441
0230,0.421,2.7731199264526367
0230,6.793,6.778721332550049
0230,6.535,6.699056625366211
0230,8.686,7.616479396820068
0230,7.033,7.556519031524658
0230,7.729,6.981813907623291
0230,7.052,5.996034622192383
0230,7.386,7.338257789611816
0230,6.586,6.884801864624023
0230,7.569,7.762112140655518
0230,6.315,6.507608890533447
0230,6.087,6.280361175537109
0230,6.869,3.5111327171325684
0230,5.234,5.210931777954102
0230,4.667,4.643432140350342
0230,5.006,5.073985576629639
0230,5.823,6.313210487365723
0230,7.668,7.52299165725708
0230,5.968,5.506200790405273
0230,3.877,1.6239380836486816
0230,4.987,5.138676643371582
0230,5.654,5.373308181762695
0230,0.433,1.468056559562683
0230,0.419,0.9371997714042664
0230,4.833,4.284940242767334
0230,5.845,5.984591960906982
0230,6.811,4.054025650024414
0230,6.563,6.657651424407959
0230,6.225,6.124924659729004
0230,4.585,4.647130012512207
0230,5.615,5.204179286956787
0230,0.593,0.5468685626983643
0230,5.922,5.864792346954346
0230,6.591,6.739757537841797
0230,7.438,7.207733631134033
0230,0.429,0.42568525671958923
0230,0.437,0.47718900442123413
0230,0.468,0.5420803427696228
0230,7.076,6.706624507904053
0230,0.416,0.6963621973991394
0230,1.943,2.066138982772827
0230,3.674,5.099170684814453
0230,2.399,3.447723150253296
0230,0.431,0.41016870737075806
0230,0.421,0.5251123309135437
0230,0.625,1.0563037395477295
0230,0.415,0.42104318737983704
0230,3.462,2.857997179031372
0230,0.562,1.0564039945602417
0230,0.773,0.5453525185585022
0230,1.251,1.7155383825302124
0230,4.611,3.1572067737579346
0230,5.805,4.7486677169799805
0230,8.503,6.886127471923828
0230,7.255,7.117212772369385
0230,0.492,1.3412034511566162
0230,5.286,5.26635217666626
0230,5.818,5.7860798835754395
0230,1.321,1.4198650121688843
0230,5.253,5.258306980133057
0230,5.849,4.576699256896973
0230,5.644,4.3278703689575195
0230,4.356,4.430554389953613
0230,6.206,6.665862560272217
0230,3.492,4.588156223297119
0230,1.182,1.998828649520874
0230,1.972,2.632694721221924
0230,6.579,6.252684593200684
0230,1.318,1.798376202583313
0230,4.984,3.956601858139038
0230,2.847,2.550353765487671
0230,6.84,6.5900702476501465
0230,7.819,8.387838363647461
0230,7.501,7.974418640136719
0230,8.704,7.88655948638916
0230,5.852,6.027955055236816
0230,6.171,6.839548110961914
0230,3.665,3.0396862030029297
0230,3.522,3.080976963043213
0230,0.596,0.7563128471374512
0230,2.339,5.514602184295654
0230,0.678,2.5063347816467285
0230,0.714,0.8958619236946106
0230,2.437,2.8112943172454834
0230,5.186,3.130197763442993
0230,0.418,0.7215448617935181
0230,1.632,1.7498955726623535
0230,3.027,2.9429707527160645
0230,7.016,6.261496543884277
0230,6.543,6.043053150177002
0230,0.564,1.2755993604660034
0230,2.534,1.4663127660751343
0230,1.968,3.5771048069000244
0230,5.883,5.135223388671875
0230,3.855,3.5772225856781006
0230,0.424,1.074509859085083
0230,2.298,0.6782716512680054
0230,0.484,1.023136019706726
0230,7.281,6.693012237548828
0230,7.707,7.276749134063721
0230,2.472,2.3707635402679443
0230,1.882,1.998351812362671
0230,0.847,0.6842516660690308
0230,0.555,1.4900927543640137
0230,1.186,0.8543117046356201
0230,4.508,4.831218719482422
0230,0.553,1.5906360149383545
0230,1.547,1.6546292304992676
0230,3.825,4.282583236694336
0230,1.249,4.164501667022705
0230,7.082,5.901374340057373
0230,7.903,7.990533351898193
0230,0.963,1.2578885555267334
0230,1.224,0.9344900250434875
0230,0.909,1.98613703250885
0230,0.47,0.5590632557868958
0230,0.44,0.7584702968597412
0230,0.44,0.5855733156204224
0230,2.301,1.318485140800476
0230,0.425,0.41144734621047974
0230,0.952,0.9456411600112915
0230,0.478,0.6871323585510254
0230,1.014,2.723177909851074
0230,0.981,1.2337557077407837
0230,5.973,1.3061023950576782
0230,6.505,4.751852989196777
0230,1.922,3.5912251472473145
0230,0.592,0.6760730743408203
0230,3.989,1.0018811225891113
0230,1.483,1.6263760328292847
0230,1.423,1.0976396799087524
0230,3.122,1.7418091297149658
0230,0.769,1.6016660928726196
0230,0.433,0.42326900362968445
0230,0.776,1.731913685798645
0230,3.109,4.266321659088135
0230,3.654,4.504028797149658
0230,6.382,4.985562801361084
0230,2.415,0.8171067833900452
0230,3.407,1.4745177030563354
0230,0.416,0.49863046407699585
0230,4.421,4.283266544342041
0230,8.079,6.879894256591797
0230,3.156,2.105526924133301
0230,0.448,1.4667600393295288
0230,3.291,2.6458916664123535
0230,0.474,0.45270854234695435
0230,0.561,0.5872493982315063
0230,7.206,5.813667297363281
0230,0.486,2.7078235149383545
0230,9.604,7.077762126922607
0230,4.848,7.328230857849121
0230,0.712,0.7468864321708679
0230,5.459,2.312561511993408
0230,6.266,6.662265777587891
0230,0.449,1.110806941986084
0230,0.56,0.38772568106651306
0230,3.202,2.5138113498687744
0230,0.457,0.8935460448265076
0230,0.887,0.8876938819885254
0230,5.823,5.5834879875183105
0230,2.71,2.5021209716796875
0230,2.699,2.889920711517334
0230,0.687,0.762389600276947
0230,0.596,0.7964004278182983
0230,8.438,5.4572625160217285
0230,0.953,1.6467264890670776
0230,1.036,1.201086163520813
0230,0.793,1.458939552307129
0230,0.432,0.581946849822998
0230,0.772,0.871366024017334
0230,5.557,1.0893468856811523
0230,0.475,0.5374882817268372
0230,0.43,0.8214330673217773
0230,0.485,0.471996545791626
0230,0.561,0.7180452942848206
0230,0.499,1.983433723449707
0230,2.5,2.0595815181732178
0230,0.641,0.7758163213729858
0230,2.245,2.128545045852661
0230,3.186,3.042860984802246
0230,8.144,8.202689170837402
0230,8.183,8.132113456726074
0230,5.957,6.062666416168213
0230,8.144,8.571259498596191
0230,6.857,7.30756950378418
0230,1.89,2.482658624649048
0230,0.733,1.87177312374115
0230,8.201,4.794695854187012
0230,0.435,0.819313108921051
0230,0.407,0.7868871092796326
0230,0.412,0.4471851885318756
0230,2.916,2.2087743282318115
0230,5.096,4.295276165008545
0230,7.425,7.23784875869751
0230,5.378,5.4896697998046875
0063,3.69,5.069159507751465
0063,4.64,4.746563911437988
0063,7.18,7.620309352874756
0063,3.6,3.8871169090270996
0063,4.73,5.776979923248291
0063,0.76,2.697023391723633
0063,0.85,2.062716007232666
0063,8.78,8.42406940460205
0063,6.23,6.761483192443848
0063,2.15,1.9042134284973145
0063,4.59,5.311112403869629
0063,5.85,5.619093894958496
0063,1.35,1.3799872398376465
0063,8.93,8.679614067077637
0063,5.77,6.419609069824219
0063,6.93,5.250320911407471
0063,6.17,5.7894511222839355
0063,6.32,6.780097007751465
0063,7.32,7.202713489532471
0063,7.29,6.882697105407715
0063,8.49,1.9786347150802612
0063,6.79,6.64054536819458
0063,2.8,3.455954074859619
0063,3.37,2.8739171028137207
0063,3.82,4.603009223937988
0063,5.96,4.603009223937988
0063,6.8,6.145773410797119
0063,6.55,6.08906888961792
0063,7.58,7.007908344268799
0063,5.93,5.4724907875061035
0063,5.47,4.757948875427246
0063,7.31,6.62886905670166
0063,5.63,6.606986045837402
0063,4.14,3.742720603942871
0063,6.75,6.793766021728516
0063,6.76,6.7763752937316895
0063,5.72,6.514786243438721
0063,7.42,7.662614345550537
0063,4.13,4.109679222106934
0063,5.43,4.876238822937012
0063,0.98,3.2720272541046143
0063,5.08,5.714262008666992
0063,4.72,5.143226146697998
0063,5.22,5.235605716705322
0063,3.5,3.4177350997924805
0063,7.85,7.835892200469971
0063,5.54,5.837349891662598
0063,9.35,8.593804359436035
0063,5.97,6.865633964538574
0063,8.19,7.888886451721191
0063,5.46,4.969423770904541
0063,5.8,6.030900478363037
0063,6.12,7.228984832763672
0063,6.06,5.880553722381592
0063,4.94,6.014902591705322
0063,7.99,5.707888126373291
0063,7.99,7.9506731033325195
0063,7.59,7.816247463226318
0063,2.36,3.750945806503296
0063,4.03,2.9440689086914062
0063,5.4,5.621624946594238
0063,7.79,6.073043346405029
0063,7.35,6.010215759277344
0063,4.18,3.3270256519317627
0063,4.1,4.615667343139648
0063,8.65,5.348459720611572
0063,8.03,7.4783735275268555
0063,8.95,9.237092971801758
0063,6.87,6.538913726806641
0063,5.52,4.840565204620361
0063,4.41,3.3522067070007324
0063,4.08,4.517886161804199
0063,8.71,8.971694946289062
0063,2.31,2.419795513153076
0063,6.86,6.633384704589844
0063,5.78,6.060760974884033
0063,3.67,4.010799407958984
0063,5.02,4.69049072265625
0063,4.18,5.274247169494629
0063,3.74,6.12393045425415
0063,6.58,6.188648700714111
0063,2.8,3.400468587875366
0063,4.09,4.411955833435059
0063,4.2,3.861711025238037
0063,4.2,4.716647148132324
0063,4.77,4.6381940841674805
0063,4.11,3.7304463386535645
0063,3.42,3.762242555618286
0063,3.35,3.9248616695404053
0063,5.22,4.814560413360596
0063,4.51,4.321737289428711
0063,5.35,4.3251423835754395
0063,9.14,7.739971160888672
0063,5.28,5.722480297088623
0063,8.01,7.909709453582764
0063,6.27,6.0902323722839355
0063,4.79,4.347622871398926
0063,6.9,6.570284366607666
0063,4.7,4.757875442504883
0063,7.74,7.388657093048096
0063,4.62,4.331115245819092
0063,6.74,5.750032424926758
0063,0.54,2.836944818496704
0063,3.46,2.6740384101867676
0063,6.15,5.90303373336792
0063,6.58,6.373976230621338
0063,4.87,4.307029724121094
0063,8.84,8.081755638122559
0063,7.84,7.693819046020508
0063,3.71,3.5275962352752686
0063,7.09,7.025388717651367
0063,7.43,5.718421459197998
0063,6.6,6.599261283874512
0063,5.31,5.936563968658447
0063,6.66,5.763256549835205
0063,4.64,4.701056003570557
0063,7.24,6.469517707824707
0063,8.57,7.427548885345459
0063,0.92,1.2896755933761597
0063,4.21,2.1732425689697266
0063,6.15,6.361319065093994
0063,2.53,2.3738443851470947
0063,4.92,7.1471967697143555
0063,4.21,4.310247421264648
0063,6.01,5.443276405334473
0063,6.31,6.0004777908325195
0063,6.12,6.235537528991699
0063,5.84,6.455756187438965
0063,6.8,6.589622974395752
0063,5.59,5.149550437927246
0063,1.2,1.874074935913086
0063,6.6,6.3021674156188965
0063,6.32,7.619959831237793
0063,5.3,5.360654354095459
0063,4.26,4.53830099105835
0063,7.83,8.656000137329102
0063,7.81,7.319016933441162
0063,6.31,6.767231464385986
0063,6.93,7.3782453536987305
0063,5.4,6.08385705947876
0063,4.95,4.976102828979492
0063,4.96,4.992908477783203
0063,5.33,5.449544429779053
0063,0.52,0.5813559293746948
0063,6.94,6.549437522888184
0063,2.89,2.7005715370178223
0063,6.22,6.63350772857666
0063,8.26,6.813523769378662
0063,7.52,7.361745834350586
0063,5.79,6.213716506958008
0063,6.82,4.573439598083496
0063,5.6,6.211474895477295
0063,4.7,4.787522792816162
0063,0.52,0.6348356008529663
0063,7.37,7.399942874908447
0063,6.21,4.909513473510742
0063,2.93,4.173348426818848
0063,5.56,6.22763729095459
0063,5.13,5.2532057762146
0063,4.94,4.89509916305542
0063,2.81,4.079100131988525
0063,7.22,8.278738975524902
0063,5.91,6.041921615600586
0063,8.28,8.162286758422852
0063,4.71,4.742875576019287
0063,7.71,6.764855861663818
0063,5.25,5.684149265289307
0063,5.79,6.273387908935547
0063,7.88,6.48110294342041
0063,5.88,5.714723110198975
0063,7.66,6.815706729888916
0063,2.82,2.7564845085144043
0063,5.23,4.973538398742676
0063,4.15,4.561337471008301
0063,8.75,8.807842254638672
0063,6.1,4.830120086669922
0063,2.66,3.297549247741699
0063,7.85,6.270213603973389
0063,5.24,5.182287216186523
0063,6.06,6.914506912231445
0063,5.06,6.286514759063721
0063,5.56,5.249998569488525
0063,6.12,6.143890380859375
0063,6.37,5.905764102935791
0063,5.49,5.426545143127441
0063,4.77,4.802257061004639
0063,4.78,4.775450706481934
0063,7.0,6.677886962890625
0063,4.42,4.911752700805664
0063,0.51,3.7220420837402344
0063,7.48,7.566809177398682
0063,5.52,4.871682643890381
0063,9.88,8.790227890014648
0063,8.95,8.776005744934082
0063,7.18,7.595091342926025
0063,7.09,6.820331573486328
0063,2.89,2.808920383453369
0063,6.02,7.476772785186768
0063,7.97,8.096953392028809
0063,6.95,7.237681865692139
0063,5.37,5.548299789428711
0063,4.96,5.711664199829102
0063,2.9,2.968514919281006
0063,6.03,7.27211856842041
0063,6.85,6.3075408935546875
0063,6.35,6.716727256774902
0063,7.34,6.839943885803223
0063,6.5,7.515419960021973
0063,6.35,6.8583221435546875
0063,7.86,7.734482288360596
0063,7.4,6.252958297729492
0063,5.86,5.912350654602051
0063,3.45,3.778923511505127
0063,7.27,7.231801509857178
0063,4.48,5.075037479400635
0063,0.57,1.760287880897522
0063,8.49,7.986922740936279
0063,8.37,8.063399314880371
0063,7.75,7.881654262542725
0063,3.3,4.551170349121094
0063,4.52,4.040665626525879
0063,8.38,8.731559753417969
0063,3.0,4.138747215270996
0063,7.1,7.882805824279785
0063,1.67,2.687934160232544
0063,7.07,7.407958984375
0063,0.46,0.4014001786708832
0063,4.64,4.895416736602783
0063,8.9,6.792766571044922
0063,6.58,6.387460708618164
0063,4.69,4.961050510406494
0063,7.74,7.6953349113464355
0063,7.76,7.770094394683838
0063,3.67,4.118105411529541
0063,5.61,6.15887451171875
0063,4.18,4.473744869232178
0063,9.01,9.302729606628418
0063,0.39,1.2446849346160889
0063,4.13,4.146460056304932
0063,6.78,5.594667911529541
0063,8.89,7.840092658996582
0063,5.65,6.083768367767334
0063,3.09,2.9410057067871094
0063,5.16,5.034444332122803
0063,5.56,6.318065166473389
0063,2.22,2.422477960586548
0063,2.26,4.875912666320801
0063,4.99,6.524468421936035
0063,7.77,6.024825096130371
0063,6.94,7.081364631652832
0063,6.82,5.134384632110596
0063,5.01,5.122198581695557
0063,5.71,5.266574382781982
0063,0.37,2.535482883453369
0063,5.84,5.692164897918701
0063,8.69,7.310263156890869
0063,0.52,0.6381819248199463
0063,4.29,5.452618598937988
0063,2.21,2.6994903087615967
0063,0.47,1.6723966598510742
0063,3.23,3.111839771270752
0063,3.33,3.554882764816284
0063,7.38,7.348927021026611
0063,5.97,4.526790142059326
0063,3.18,3.8979809284210205
0063,6.05,5.970078945159912
0063,6.37,6.536854267120361
0063,4.96,5.225746154785156
0063,3.61,4.413358211517334
0063,4.89,3.988294839859009
0063,5.65,6.220352649688721
0063,3.63,4.57338285446167
0063,7.83,6.120796203613281
0063,7.76,7.062601566314697
0063,7.78,7.817323207855225
0063,8.36,8.229170799255371
0063,6.04,6.0913286209106445
0063,6.75,5.511472702026367
0063,8.07,7.6736884117126465
0063,3.68,4.763275623321533
0063,5.08,7.727497100830078
0063,4.71,5.399775981903076
0063,7.59,7.486103534698486
0063,6.1,6.7644147872924805
0063,0.47,0.42006736993789673
0063,5.14,4.217125415802002
0063,8.29,6.545592308044434
0063,4.1,3.248310089111328
0063,4.83,4.884488105773926
0063,3.74,3.782679557800293
0063,2.06,2.6858317852020264
0063,5.95,5.513323783874512
0063,8.08,8.039543151855469
0063,5.81,5.29079532623291
0063,7.8,6.4884352684021
0063,6.1,7.185324192047119
0063,0.47,0.769782543182373
0063,4.89,4.804271221160889
0063,3.73,5.635246753692627
0063,3.96,2.838089942932129
0063,5.79,6.247208118438721
0063,3.69,1.6210294961929321
0063,7.92,7.656931400299072
0063,8.92,7.016129493713379
0063,4.73,5.158051490783691
0063,8.36,6.160012245178223
0063,6.3,6.547059059143066
0063,5.55,5.679389953613281
0063,6.55,6.340954303741455
0063,6.7,6.562321186065674
0063,4.35,5.440180778503418
0063,3.37,4.262143611907959
0063,3.69,3.68953275680542
0063,6.72,6.090340614318848
0063,5.54,5.264944553375244
0063,7.55,6.1716790199279785
0063,6.88,8.005701065063477
0063,2.9,2.1474838256835938
0063,6.36,6.7246832847595215
0063,4.78,6.547447681427002
0063,1.23,3.6480953693389893
0063,5.14,5.168577194213867
0063,4.67,5.319948196411133
0063,4.04,3.312349319458008
0063,4.25,4.587757587432861
0063,2.77,3.408376932144165
0063,6.88,7.031415939331055
0063,7.88,6.570605278015137
0063,4.63,5.081819534301758
0063,5.31,5.634954452514648
0063,4.12,4.584750652313232
0063,6.79,5.465494155883789
0063,10.3,8.909594535827637
0063,5.02,4.3292975425720215
0063,7.86,6.910949230194092
0063,3.98,4.226950168609619
0063,6.29,5.6033148765563965
0063,10.55,4.829685688018799
0063,4.06,3.5933678150177
0063,3.22,3.300917387008667
0063,3.23,3.2963178157806396
0063,6.12,5.73160982131958
0063,7.45,7.466071128845215
0063,5.85,5.784294605255127
0063,5.05,4.976942539215088
0063,5.72,5.318243026733398
0063,7.18,7.782415866851807
0063,4.07,5.108012676239014
0063,4.89,5.576266288757324
0063,5.54,5.541542053222656
0063,5.31,5.409463882446289
0063,2.73,2.508157968521118
0063,2.72,3.691006898880005
0063,5.21,4.626589775085449
0063,9.63,8.919069290161133
0063,5.55,5.379716873168945
0063,7.36,5.959042549133301
0063,5.66,6.876687526702881
0063,7.59,6.238772392272949
0063,3.16,5.21940803527832
0063,4.19,4.7101263999938965
0063,5.1,5.532443523406982
0063,0.89,0.9587880969047546
0063,0.9,0.9475644826889038
0063,5.8,7.108908176422119
0063,5.55,5.539203643798828
0063,5.56,5.936435699462891
0063,7.92,7.859012126922607
0063,8.02,7.672043323516846
0063,2.08,3.3908495903015137
0063,4.17,4.045413494110107
0063,6.02,6.483574390411377
0063,3.98,4.087137699127197
0063,4.04,4.021546363830566
0063,4.53,4.9101386070251465
0063,6.41,4.887494087219238
0063,5.73,6.438374042510986
0063,4.82,4.880664348602295
0063,3.05,3.5476510524749756
0063,8.94,9.112371444702148
0063,5.53,6.269776821136475
0063,6.65,6.804091930389404
0063,6.19,6.147546768188477
0063,4.06,4.458324909210205
0063,5.97,6.804890155792236
0063,0.95,1.554394245147705
0063,6.68,7.260053634643555
0063,6.95,6.992691516876221
0063,7.32,7.200509071350098
0063,7.38,6.967599868774414
0063,5.74,5.856635093688965
0063,3.94,4.45062255859375
0063,7.65,6.512687683105469
0063,5.86,5.631323337554932
0063,4.74,5.51596212387085
0063,5.6,5.192852973937988
0063,6.5,6.397490501403809
0063,5.45,5.371191501617432
0063,6.19,3.8525328636169434
0063,4.39,4.477743148803711
0063,5.17,5.009871959686279
0063,9.41,7.907374382019043
0063,4.05,4.02510404586792
0063,4.06,4.011772632598877
0063,3.65,4.788725852966309
0063,7.02,6.118836879730225
0063,5.33,5.145071029663086
0063,6.16,6.7316813468933105
0063,5.75,6.090807914733887
0063,4.75,5.600581645965576
0063,8.68,8.30776596069336
0063,4.9,5.511488914489746
0063,4.74,5.009527206420898
0063,5.96,5.367863178253174
0063,5.96,6.251322269439697
0063,7.77,6.653344631195068
0063,7.12,6.6270060539245605
0063,4.58,4.998529434204102
0063,0.49,3.556483507156372
0063,4.68,6.15543794631958
0063,5.29,5.239251136779785
0063,8.47,3.1433496475219727
0063,0.4,5.125537872314453
0063,5.54,1.1190967559814453
0063,3.0,2.3784127235412598
0063,6.3,6.669155120849609
0063,5.51,5.533693790435791
0063,5.52,5.531575679779053
0063,8.84,7.764615058898926
0063,6.33,5.206440448760986
0063,7.21,7.27432107925415
0063,5.04,5.455891132354736
0063,7.81,6.486050128936768
0063,2.82,2.8348746299743652
0063,5.47,5.71159553527832
0063,5.43,4.878121376037598
0063,7.72,7.50237512588501
0063,2.64,4.349287033081055
0063,6.53,6.570840358734131
0063,6.59,6.312568664550781
0063,8.83,8.394853591918945
0063,4.59,4.868531703948975
0063,6.42,6.328658103942871
0063,1.78,2.862088680267334
0063,5.23,6.015626430511475
0063,5.55,5.71168327331543
0063,6.48,6.469018459320068
0063,6.49,6.422995090484619
0063,6.67,6.85829496383667
0063,10.22,8.706639289855957
0063,5.04,4.97171688079834
0063,3.99,4.604099273681641
0063,4.14,4.510641574859619
0063,6.01,5.535477161407471
0063,7.25,5.252427101135254
0392,1.823896,1.6250869035720825
0392,1.57248,1.8334192037582397
0392,3.977221,4.580017566680908
0392,6.120927,6.613450527191162
0392,0.8426437,0.8465314507484436
0392,0.861631,0.8159556984901428
0392,4.474173,4.467475414276123
0392,0.769078,0.7779724597930908
0392,0.7620134,0.8090677261352539
0392,7.089094,6.966775894165039
0392,6.929407,6.161645889282227
0392,7.496823,7.482684135437012
0392,2.047178,2.942988157272339
0392,0.7679397,0.9313362836837769
0392,0.7321703,0.716414749622345
0392,0.8635308,0.9652272462844849
0392,2.805289,5.208956241607666
0392,2.82318,3.2070155143737793
0392,0.9594361,0.9109559655189514
0392,0.8579172,0.8835274577140808
0392,0.9098913,0.8672628998756409
0392,0.8822599,0.8672628998756409
0392,7.375361,7.227962493896484
0392,3.293973,2.584777355194092
0392,0.8601388,0.8799482583999634
0392,5.279608,6.354770183563232
0392,5.697023,6.145342826843262
0392,0.8654402,0.865959644317627
0392,0.8130684,0.82896888256073
0392,0.8454584,0.8267035484313965
0392,4.590616,4.206218719482422
0392,0.8252127,0.8229071497917175
0392,1.311365,2.27668833732605
0392,0.7796243,0.827880322933197
0392,4.451331,1.4008195400238037
0392,7.652177,7.559851169586182
0392,8.702062,8.12108039855957
0392,0.8415797,0.8200693130493164
0392,8.11413,7.915417194366455
0392,0.7479671,0.6951624751091003
0392,3.804712,2.7052698135375977
0392,0.8257059,0.7843849062919617
0392,4.779872,4.533177375793457
0392,1.318398,3.4855401515960693
0392,0.8157439,0.8193756937980652
0392,0.8248888,0.7916927337646484
0392,0.8415797,0.7916927337646484
0392,0.8640565,2.588397979736328
0392,0.9051945,0.9254565834999084
0392,3.503489,3.134171962738037
0392,0.7272271,0.7097989916801453
0392,3.456032,3.8703832626342773
0392,2.363786,1.50636625289917
0392,0.9603053,0.8763969540596008
0392,7.036083,7.090888977050781
0392,6.878665,6.673245429992676
0392,0.8739836,1.9972362518310547
0392,4.379376,4.163227558135986
0392,3.277116,2.956944465637207
0392,1.114154,1.3941981792449951
0392,0.954046,1.4094446897506714
0392,1.220349,1.3865102529525757
0392,1.354546,1.9657963514328003
0392,1.162925,1.201891541481018
0392,1.27699,0.9477443099021912
0392,0.9447762,1.5839780569076538
0392,0.8362628,1.322313904762268
0392,0.7663042,0.7631978392601013
0392,0.9426966,1.0298935174942017
0392,0.748523,0.7661048173904419
0392,0.764198,1.1649563312530518
0392,0.74866,0.7627684473991394
0392,8.997613,8.55233383178711
0392,6.630363,6.643555164337158
0392,0.7662432,0.7161383628845215
0392,7.173041,8.02375316619873
0392,0.78514,0.7698163986206055
0392,0.807618,1.0065953731536865
0392,0.8135216,0.8198739290237427
0392,5.171141,4.237899303436279
0392,0.8237685,0.8281060457229614
0392,0.8103786,0.8120051622390747
0392,2.126587,2.3330492973327637
0392,0.798804,0.8424496054649353
0392,4.589065,3.228605270385742
0392,3.889356,1.7214208841323853
0392,4.551251,4.241971015930176
0392,0.724404,1.3972339630126953
0392,11.31631,9.433574676513672
0392,7.295895,7.316809177398682
0392,8.057423,7.018635272979736
0392,0.7636269,1.3571010828018188
0392,7.939523,6.941895008087158
0392,0.8820419,1.178629994392395
0392,8.604807,7.936432838439941
0392,0.8171282,0.815119206905365
0392,0.8243928,0.930947482585907
0392,7.132817,6.979687213897705
0392,5.015175,5.267533779144287
0392,0.8860252,0.8894848227500916
0392,0.862863,0.9135981798171997
0392,0.7298573,0.7148733735084534
0392,0.844722,0.7547785043716431
0392,4.365856,3.680738925933838
0392,6.740026,6.7753753662109375
0392,6.666147,6.856252670288086
0392,6.063773,5.924375534057617
0392,6.924148,6.548705577850342
0392,6.118897,5.764447212219238
0392,4.745909,4.556621074676514
0392,0.7272292,0.7242718935012817
0392,0.86112,0.8265897631645203
0392,3.669592,3.720325231552124
0392,7.06894,6.870544910430908
0392,7.175663,6.52613639831543
0392,3.352634,2.7028398513793945
0392,3.351506,2.173388957977295
0392,0.7855349,1.0769520998001099
0392,0.824876,0.8300814032554626
0392,0.8096035,0.9009725451469421
0392,0.8180969,0.9548300504684448
0392,0.7894486,2.5168981552124023
0392,1.405745,1.4781856536865234
0392,0.9395872,1.968524694442749
0392,0.9413419,1.0805000066757202
0392,4.08221,4.499499320983887
0392,0.8036578,0.9009725451469421
0392,3.332299,2.7646355628967285
0392,2.067293,2.70214581489563
0392,7.66757,7.196045875549316
0392,7.24093,7.1919169425964355
0392,7.636316,7.6794209480285645
0392,1.778943,2.330326795578003
0392,1.369016,1.1716381311416626
0392,3.388125,2.8971920013427734
0392,1.474717,2.4446959495544434
0392,3.269626,2.2980268001556396
0392,1.696957,1.9012264013290405
0392,3.689464,2.739506483078003
0392,9.247055,9.337663650512695
0392,4.845654,5.53375768661499
0392,0.8396229,0.8611806035041809
0392,0.7690591,0.7794712781906128
0392,8.509256,8.274266242980957
0392,0.7671853,0.7953763604164124
0392,0.8119274,0.8447423577308655
0392,0.9266385,2.9289791584014893
0392,1.818155,2.2279088497161865
0392,0.7810997,2.1529951095581055
0392,10.03042,9.169504165649414
0392,5.954811,5.649979114532471
0392,6.684069,6.083139896392822
0392,6.569434,6.06752347946167
0392,0.8156535,1.5876473188400269
0392,4.295235,4.346498966217041
0392,0.7667363,0.8151895999908447
0392,7.146504,6.872647762298584
0392,4.148164,3.2927157878875732
0392,5.165938,4.236917018890381
0392,3.725853,4.188536167144775
0392,4.022002,3.88053297996521
0392,0.8259105,0.8631154894828796
0392,0.8172888,0.8103168606758118
0392,0.8182725,0.8080617785453796
0392,0.8429307,0.8084696531295776
0392,0.8107842,0.8334313631057739
0392,3.652045,4.15037202835083
0392,4.574294,4.54309606552124
0392,5.046778,4.509444713592529
0392,0.8470622,0.847978413105011
0392,0.7875124,0.7676446437835693
0392,0.7891006,0.7648603916168213
0392,0.7877266,0.7938905954360962
0392,4.985294,4.9962239265441895
0392,0.8152096,0.9035063982009888
0392,5.012241,4.968267440795898
0392,0.8047551,0.8150551915168762
0392,0.9111403,0.8852516412734985
0392,0.8449776,0.7749149799346924
0392,0.780918,0.7899659276008606
0392,6.680193,6.539954662322998
0392,8.079117,8.508222579956055
0392,0.8592064,1.3607045412063599
0392,1.288536,1.6708687543869019
0392,3.374984,2.831674337387085
0392,1.367016,1.458769679069519
0392,1.565486,1.7631103992462158
0392,6.257996,5.316442489624023
0392,4.768305,4.271785736083984
0392,0.745227,0.7634168267250061
0392,0.68955,0.8973023891448975
0392,0.8037941,0.764797568321228
0392,0.8170193,2.8732407093048096
0392,4.883789,3.399594306945801
0392,6.982238,7.002398490905762
0392,5.609865,6.474921703338623
0392,4.430441,3.3384499549865723
0392,3.373819,2.80167555809021
0392,1.660342,1.5974189043045044
0392,3.821004,3.736154556274414
0392,6.469707,5.916636943817139
0392,0.7809463,0.8519968390464783
0392,6.641988,6.871458053588867
0392,1.024489,2.1391937732696533
0392,4.462936,4.591677665710449
0392,0.8876248,0.8258413672447205
0392,4.503993,4.591677665710449
0392,3.641577,3.628239870071411
0392,3.62339,3.649148941040039
0392,3.648009,3.6407089233398438
0392,4.116847,4.108542442321777
0392,4.107578,4.114650249481201
0392,4.081199,4.162556171417236
0392,1.108459,1.1912531852722168
0392,1.423454,0.7997856140136719
0392,0.8267069,0.6913248896598816
0392,1.162925,1.1912531852722168
0392,3.595677,3.8239598274230957
0392,3.884984,3.604945182800293
0392,7.137434,5.286851406097412
0392,0.8418131,1.2165894508361816
0392,3.391904,1.0188688039779663
0392,0.9664283,3.401679515838623
0392,3.946933,3.617311954498291
0392,3.625731,3.7878236770629883
0392,0.8407647,2.101496696472168
0392,3.603333,3.785534143447876
0392,0.8234225,0.8099843859672546
0392,3.618678,2.3683083057403564
0392,4.922838,4.1403985023498535
0392,0.8429307,0.8414903283119202
0392,0.8059491,0.8305159211158752
0392,0.8259105,1.0917437076568604
0392,1.70031,1.978684902191162
0392,3.643466,4.130247116088867
0392,0.8248888,0.8772980570793152
0392,7.748744,9.4402437210083
0392,6.231216,6.138691425323486
0392,8.269394,8.307711601257324
0392,7.617705,7.804355621337891
0392,7.545022,7.253734588623047
0392,5.761667,5.717564105987549
0392,1.854173,1.5072828531265259
0392,0.7420691,0.7480389475822449
0392,0.8974274,1.6980648040771484
0392,3.901111,3.7596848011016846
0392,5.487339,3.8683345317840576
0392,4.443549,4.611182689666748
0392,0.7291811,0.8527449369430542
0392,1.11105,1.1158721446990967
0392,5.309516,4.629404067993164
0392,1.065157,0.903733491897583
0392,0.7823889,0.9085609912872314
0392,0.7979993,0.9386693239212036
0392,0.9413419,0.8443347811698914
0392,4.773714,5.0061821937561035
0392,10.78713,8.668307304382324
0392,0.8856108,0.8657658100128174
0392,0.90017,0.8747214674949646
0392,0.7852663,0.9635639190673828
0392,0.8616284,0.881248414516449
0392,7.945992,6.517807960510254
0392,7.43066,7.118463516235352
0392,0.8393661,1.5505675077438354
0392,1.163838,1.6058317422866821
0392,3.331022,2.70458984375
0392,0.817367,0.849920392036438
0392,0.7474642,1.0786538124084473
0392,0.7823889,1.1962802410125732
0392,2.398211,1.8872580528259277
0392,1.097643,1.2979581356048584
0392,1.409721,1.4924615621566772
0392,3.995962,1.9040148258209229
0392,2.754314,1.8038474321365356
0392,2.204026,1.9475188255310059
0392,4.882167,4.419649600982666
0392,0.8068136,0.8251780271530151
0392,4.211543,3.5267646312713623
0392,1.087466,0.9721944332122803
0392,0.9004657,1.377693772315979
0392,5.176081,5.130271911621094
0392,3.768882,2.6176183223724365
0392,1.116317,1.1682103872299194
0392,0.8471043,0.8157047033309937
0392,0.8434027,0.8171278834342957
0392,0.8005893,0.8327615261077881
0392,0.8020751,0.7952913641929626
0392,0.7812126,0.8031114935874939
0392,4.695714,4.678248882293701
0392,0.8047551,0.7981899976730347
0392,0.8180969,2.104952573776245
0392,4.064515,2.6365790367126465
0392,4.773628,4.111960411071777
0392,2.420968,2.3955483436584473
0392,2.403602,2.4104602336883545
0392,2.016155,2.1277122497558594
0392,0.9591463,1.3893753290176392
0392,0.824876,0.9189276099205017
0392,0.8630869,1.195948839187622
0392,0.8427115,1.3593796491622925
0392,0.8869361,1.8435262441635132
0392,2.790682,2.7581748962402344
0392,7.250443,7.48343563079834
0392,1.479806,2.159163236618042
0392,8.900778,8.286209106445312
0392,9.51579,7.890941619873047
0392,5.050073,4.483479976654053
0392,2.75112,2.659355401992798
0392,2.028859,2.4128501415252686
0392,1.678313,0.8844848275184631
0392,8.148901,8.22860050201416
0392,3.722098,2.72269606590271
0392,10.04523,9.588568687438965
0392,3.901307,3.8571600914001465
0392,5.009577,4.589652061462402
0392,7.167463,7.1510748863220215
0392,7.156512,7.178536891937256
0392,1.330223,1.3379452228546143
0392,7.220081,7.0909528732299805
0392,7.256991,7.54674768447876
0392,0.9158561,1.230480670928955
0392,7.075324,7.233301639556885
0392,7.191761,7.141296863555908
0392,0.8935997,3.3738081455230713
0392,0.8596087,2.020578384399414
0392,2.442195,1.3663767576217651
0392,3.761982,4.188032627105713
0392,4.413196,4.50614595413208
0392,4.680234,4.58279275894165
0392,0.9196991,1.681255578994751
0392,3.878607,6.981466770172119
0392,0.9624138,0.8622114658355713
0392,5.29972,6.755478858947754
0392,9.054754,8.460330963134766
0392,0.9126243,1.133232831954956
0392,4.398697,3.7807223796844482
0392,0.820007,0.8403773903846741
0392,1.239093,2.532381296157837
0392,5.438682,5.100578784942627
0392,7.546854,5.961315631866455
0392,4.250534,4.452478408813477
0392,3.078766,1.8197250366210938
0392,2.949827,3.0294747352600098
0392,2.557487,3.617236375808716
0392,0.7892115,0.7216566801071167
0392,0.7800591,0.793512225151062
0392,3.207626,1.08733069896698
0392,4.583706,4.62136697769165
0392,2.026882,3.306872606277466
0392,5.713446,4.790689945220947
0392,7.514596,8.087305068969727
0392,7.386015,7.8711838722229
0392,0.9211836,1.0596083402633667
0392,0.7613593,0.9128159880638123
0392,0.9417521,0.7474448084831238
0392,5.853816,6.813066005706787
0392,7.436393,8.50462532043457
0392,5.182864,5.198869705200195
0392,0.9424535,1.2585234642028809
0392,3.561793,2.891732692718506
0392,2.733497,2.2087714672088623
0392,6.619645,6.3990583419799805
0392,0.8851056,1.0055785179138184
0392,6.448153,5.812260627746582
0392,0.9112275,0.8574673533439636
0392,0.8831322,1.0055785179138184
0392,2.436105,1.8854312896728516
0392,2.448298,1.292317271232605
0392,1.264737,1.2967537641525269
0392,1.39299,2.740311861038208
0392,1.4556,1.5745893716812134
0392,1.209661,3.0591490268707275
0392,3.45035,2.318636417388916
0392,1.871972,1.647874355316162
0263,16.02067,16.06772804260254
0263,17.310258,15.103205680847168
0263,14.486619,14.452271461486816
0263,14.386578,14.379411697387695
0263,16.065161,16.040987014770508
0263,16.620996,16.64647674560547
0263,5.9218591,5.915489673614502
0263,10.426402,10.672566413879395
0263,12.34128,12.510287284851074
0263,7.7781663,7.8620219230651855
0263,13.597356,13.622447967529297
0263,17.565971,18.255645751953125
0263,14.053109,15.479043006896973
0263,15.342547,15.361614227294922
0263,15.02018,13.019515991210938
0263,15.531525,16.019350051879883
0263,13.052678,9.525980949401855
0263,12.374626,13.294973373413086
0263,8.1672139,11.321596145629883
0263,4.0322059,4.016536712646484
0263,14.986835,15.03065299987793
0263,8.0227106,5.744499206542969
0263,14.119803,13.995320320129395
0263,14.89791,14.927892684936523
0263,13.419507,13.449578285217285
0263,10.106391,10.162357330322266
0263,17.265003,17.222219467163086
0263,8.4501637,8.367250442504883
0263,11.929351,12.041901588439941
0263,12.910591,13.07274341583252
0263,14.766965,14.877802848815918
0263,16.456715,16.354337692260742
0263,13.622003,13.591796875
0263,14.978201,15.021976470947266
0263,15.689644,15.597732543945312
0263,14.133335,14.096906661987305
0263,16.590103,16.69925308227539
0263,19.358439,17.08465003967285
0263,14.28898,15.274535179138184
0263,14.077756,14.07182788848877
0263,13.833212,13.919523239135742
0263,17.346132,17.343904495239258
0263,15.83416,15.306632041931152
0263,16.367751,16.28257179260254
0263,15.83416,15.479043006896973
0263,5.2611693,5.519954204559326
0263,20.685204,20.480838775634766
0263,7.3731589,7.304993152618408
0263,12.019545,12.608109474182129
0263,7.9622865,8.492082595825195
0263,13.577677,13.563105583190918
0263,7.9178243,8.131678581237793
0263,10.541108,10.56977653503418
0263,11.441471,11.384079933166504
0263,12.743951,12.997906684875488
0263,15.345073,15.321393966674805
0263,4.9963345,11.057822227478027
0263,13.85317,5.3639397621154785
0263,6.030099,9.218368530273438
0263,9.7555762,9.739151000976562
0263,10.180949,10.138614654541016
0263,9.4070913,8.235107421875
0263,9.4070913,10.698020935058594
0263,11.218936,11.241791725158691
0263,6.3947618,6.485722064971924
0263,17.270154,17.222219467163086
0263,12.420688,12.594470024108887
0263,14.479791,14.427196502685547
0263,16.881052,16.785566329956055
0263,15.280143,15.26326847076416
0263,7.1648186,5.599605083465576
0263,7.5218539,8.457944869995117
0263,14.199486,15.368010520935059
0263,12.098136,12.21959400177002
0263,10.370153,10.757332801818848
0263,16.069356,16.05801773071289
0263,15.213176,17.204360961914062
0263,10.04773,8.211834907531738
0263,14.433666,14.466300964355469
0263,14.36626,14.324943542480469
0263,8.1221106,11.294241905212402
0263,14.812928,13.907505989074707
0263,16.035946,16.03646469116211
0263,16.647844,16.615373611450195
0263,13.176611,8.585782051086426
0263,5.8961159,5.988292694091797
0263,13.376718,14.192255020141602
0263,8.3556196,9.935983657836914
0263,11.764626,11.756431579589844
0263,12.342747,12.553735733032227
0263,15.357691,13.37665843963623
0263,16.269667,15.91952896118164
0263,7.8108731,7.87039041519165
0263,13.565698,13.534981727600098
0263,17.192878,16.203632354736328
0263,16.380927,16.315786361694336
0263,3.383825,4.815304279327393
0263,2.0233938,7.57757043838501
0263,5.4292333,8.332523345947266
0263,10.08109,10.73868179321289
0263,13.854832,8.043268203735352
0263,11.564517,12.360876083374023
0263,15.324344,15.354925155639648
0263,13.221073,14.84609317779541
0263,16.113922,15.483292579650879
0263,16.781378,17.689477920532227
0263,5.9850404,6.183206558227539
0263,11.608979,11.316448211669922
0263,18.205001,16.772863388061523
0263,12.398366,13.294973373413086
0263,15.15754,15.248371124267578
0263,8.2111038,11.321596145629883
0263,4.0063401,3.963435411453247
0263,15.035268,14.973697662353516
0263,5.629328,7.965455532073975
0263,14.143895,13.997312545776367
0263,9.6141494,6.4992547035217285
0263,14.946344,14.825831413269043
0263,13.476759,13.390067100524902
0263,10.231907,10.162357330322266
0263,17.293762,15.344731330871582
0263,17.33836,17.258291244506836
0263,17.929856,17.807641983032227
0263,8.4421744,8.392863273620605
0263,11.932801,11.999527931213379
0263,9.709448,7.730739116668701
0263,12.890341,13.0108003616333
0263,14.859783,14.749140739440918
0263,16.464813,16.341934204101562
0263,13.613587,13.59922981262207
0263,14.971025,15.04969596862793
0263,15.696109,15.706568717956543
0263,14.126042,14.162445068359375
0263,16.709632,16.571218490600586
0263,11.921701,14.155970573425293
0263,17.121118,19.160165786743164
0263,14.092682,14.017668724060059
0263,13.837009,13.948339462280273
0263,17.432574,17.29578971862793
0263,15.751865,15.306632041931152
0263,16.364716,16.35605812072754
0263,15.751865,15.479043006896973
0263,5.3268664,5.499261379241943
0263,20.671969,20.54426383972168
0263,13.989412,15.49238109588623
0263,7.5317426,9.172008514404297
0263,11.113241,12.179463386535645
0263,13.065694,13.031579971313477
0263,9.3567231,8.29570484161377
0263,5.9406627,8.776504516601562
0263,14.067515,13.270259857177734
0263,8.9676192,9.955848693847656
0263,12.530806,11.899144172668457
0263,7.374779,8.980996131896973
0263,10.135,10.92740249633789
0263,15.340418,12.655166625976562
0263,6.8189053,8.39320182800293
0263,7.3525354,8.958423614501953
0263,11.615872,14.436806678771973
0263,13.94523,13.161866188049316
0263,19.56494,17.733312606811523
0263,11.972666,12.632944107055664
0263,14.724844,13.806912422180176
0263,16.386238,16.420547485351562
0263,10.806878,10.800475120544434
0263,8.7651361,7.836318016052246
0263,15.328821,13.919168472290039
0263,11.496174,12.417510986328125
0263,12.95864,12.428845405578613
0263,11.642096,11.888737678527832
0263,9.4488382,9.555214881896973
0263,7.9302976,6.100894927978516
0263,7.2966534,7.371243953704834
0263,13.29215,13.778765678405762
0263,8.9551766,8.376459121704102
0263,15.039693,13.473366737365723
0263,12.680721,11.800904273986816
0263,11.843011,11.01930046081543
0263,8.9104623,9.197890281677246
0263,14.105808,13.433646202087402
0263,10.1715,11.475708961486816
0263,8.60846,7.878655433654785
0263,11.273792,14.070979118347168
0263,17.957144,19.12969207763672
0263,14.005742,14.578261375427246
0263,12.789125,12.022735595703125
0263,11.648605,11.808979988098145
0263,9.3796976,9.635425567626953
0263,7.3856327,7.274470329284668
0263,12.005282,12.608109474182129
0263,7.9547376,8.492082595825195
0263,11.804533,12.354347229003906
0263,13.594038,13.606228828430176
0263,10.16083,9.871832847595215
0263,9.781262,9.243998527526855
0263,14.796758,14.865952491760254
0263,7.9102211,8.092339515686035
0263,13.225037,12.955602645874023
0263,10.563188,10.566472053527832
0263,11.737589,11.706204414367676
0263,11.4372,11.424732208251953
0263,12.733133,12.949773788452148
0263,15.704294,11.576346397399902
0263,15.335005,15.288817405700684
0263,9.1064698,10.32654857635498
0263,15.560674,14.507329940795898
0263,11.240746,9.524479866027832
0263,11.585332,11.113914489746094
0263,14.960334,13.046279907226562
0263,9.8623714,10.15262508392334
0263,12.331508,12.273759841918945
0263,9.7400868,8.359216690063477
0263,13.557568,14.107170104980469
0263,11.618692,10.4536714553833
0263,15.482852,14.373381614685059
0263,14.591334,14.82101821899414
0263,12.052214,12.565064430236816
0263,12.085574,12.365019798278809
0263,15.21602,16.105560302734375
0263,15.905299,17.507843017578125
0263,14.737304,15.101449012756348
0263,16.42795,13.405158042907715
0263,3.0637509,5.3639397621154785
0263,9.7520722,9.677444458007812
0263,10.163463,10.09883975982666
0263,8.6902329,7.400230884552002
0263,6.7960966,8.156496047973633
0263,8.6859446,10.253822326660156
0263,8.1078647,8.257294654846191
0263,15.83069,15.121203422546387
0263,6.6164322,8.64727783203125
0263,16.420024,16.22239875793457
0263,16.686948,16.53528594970703
0263,15.128684,15.430352210998535
0263,14.183723,14.240395545959473
0263,11.215133,11.260290145874023
0263,6.3941065,6.458771705627441
0263,18.312769,18.004680633544922
0263,17.934542,17.88892936706543
0263,15.139813,15.153755187988281
0263,15.797345,15.484212875366211
0263,19.048031,17.69109344482422
0263,7.7502794,7.386984348297119
0263,15.507559,15.446724891662598
0263,16.753712,16.602867126464844
0263,17.265986,17.25669288635254
0263,15.719454,15.655021667480469
0263,12.685649,12.381773948669434
0263,14.439409,14.468581199645996
0263,16.475616,14.621208190917969
0263,15.262188,14.922099113464355
0263,16.887209,16.79258155822754
0263,15.239957,15.278324127197266
0263,18.869716,19.00376319885254
0263,19.17058,18.915355682373047
0263,19.17058,18.6208438873291
0263,16.322405,15.686762809753418
0263,14.168251,14.225791931152344
0263,14.430047,14.225491523742676
0263,14.749961,14.277092933654785
0263,15.692407,14.531661033630371
0263,7.7526151,7.386984348297119
0263,15.465119,15.47431755065918
0263,7.7007383,7.784308910369873
0263,15.714554,15.697386741638184
0263,12.672088,14.830695152282715
0263,17.894455,13.76456069946289
0263,13.994971,14.348933219909668
0263,10.56255,10.981752395629883
0263,15.646576,15.522014617919922
0263,12.101592,12.006673812866211
0263,10.009187,10.191203117370605
0263,5.6710306,7.816350936889648
0263,9.2765392,8.760421752929688
0263,10.823426,10.81214714050293
0263,9.2532204,14.118907928466797
0263,18.483391,18.596452713012695
0263,8.601334,11.851883888244629
0263,8.3419439,9.985238075256348
0263,16.408945,16.234127044677734
0263,15.527024,14.829977989196777
0263,14.636454,16.391998291015625
0263,18.847203,18.953975677490234
0263,18.59646,18.426036834716797
0263,18.492705,18.457183837890625
0263,19.729126,17.364524841308594
0263,19.305458,18.767253875732422
0263,14.21621,13.26694107055664
0263,14.2637645,13.587031364440918
0263,11.3845475,12.896443367004395
0263,14.3329345,14.721923828125
0263,3.6372539,10.176257133483887
0263,11.15542,12.968575477600098
0263,13.291055,13.208327293395996
0263,13.4855975,17.104475021362305
0263,6.4258951,6.3604350090026855
0263,12.95385,5.554985046386719
0263,8.6177321,9.004083633422852
0263,15.889311,15.820998191833496
0263,16.728004,16.56980323791504
0263,8.7388189,8.095444679260254
0263,18.915517,16.731843948364258
0263,14.194637,14.132899284362793
0263,15.854726,14.84351921081543
0263,16.606955,15.909717559814453
0263,16.892282,15.825607299804688
0263,10.225982,10.034750938415527
0263,13.511578,13.434981346130371
0263,10.044411,11.344858169555664
0263,16.062237,15.422225952148438
0263,13.961186,13.309651374816895
0263,11.090612,12.968575477600098
0263,6.7415211,8.360687255859375
0263,6.6464133,6.920069694519043
0263,7.5110433,8.182649612426758
0263,13.286774,13.202119827270508
0263,14.350269,13.999563217163086
0263,14.58372,14.08322811126709
0263,14.505903,15.349344253540039
0263,14.246513,15.583261489868164
0263,14.929572,15.341100692749023
0263,17.359183,17.042537689208984
0263,17.246782,17.37029457092285
0263,12.949567,12.107122421264648
0263,6.7415211,8.377339363098145
0263,14.358917,14.465620040893555
0263,13.511578,12.773150444030762
0263,18.69936,17.252517700195312
0263,10.122227,8.801016807556152
0263,18.353508,17.453594207763672
0263,14.307038,14.388984680175781
0263,15.508874,14.913047790527344
0263,14.332977,14.37203311920166
0263,14.471318,15.336725234985352
0263,12.66424,14.830695152282715
0263,13.511578,13.438837051391602
0263,12.180047,13.663862228393555
0263,15.119791,14.634007453918457
0263,12.197339,12.856600761413574
0263,14.894986,14.076982498168945
0263,14.108173,14.574371337890625
0263,13.822845,14.418484687805176
0263,14.108173,14.108672142028809
0263,13.649919,13.932984352111816
0263,15.958482,15.311380386352539
0263,15.629923,15.576765060424805
0263,13.649919,17.60797882080078
0263,15.119791,15.20508098602295
0263,9.0241462,10.974783897399902
0263,7.7099087,7.784308910369873
0263,6.3956691,6.382254600524902
0263,15.759616,15.613848686218262
0263,15.61263,16.09088897705078
0263,14.540489,15.626035690307617
0263,15.70774,15.689396858215332
0263,16.658834,16.623058319091797
0263,15.033327,15.54450798034668
0263,13.900661,14.218422889709473
0263,15.61263,15.338831901550293
0262,5.1657184,7.724624156951904
0262,15.916425,15.899518013000488
0262,15.482782,15.452860832214355
0262,17.294986,17.244647979736328
0262,13.592913,12.527792930603027
0262,11.457386,9.672240257263184
0262,9.9900847,14.9747314453125
0262,9.1119109,9.147260665893555
0262,2.773077,2.7956652641296387
0262,13.269867,13.292489051818848
0262,6.2995656,7.9475178718566895
0262,9.2675307,9.2726411819458
0262,4.7988768,7.4859490394592285
0262,15.727445,15.702199935913086
0262,8.0447863,5.354258060455322
0262,13.336562,13.285520553588867
0262,6.2995656,6.302215099334717
0262,15.771922,15.6723051071167
0262,15.360439,15.2514009475708
0262,11.14903,11.30688762664795
0262,16.886061,16.882593154907227
0262,6.0266863,5.755699157714844
0262,16.068265,15.65363883972168
0262,16.09059,16.027843475341797
0262,13.311224,13.179906845092773
0262,17.548746,17.49509048461914
0262,13.555841,13.587031364440918
0262,17.068851,16.95476531982422
0262,17.659901,15.943652153015137
0262,17.068851,18.588153839111328
0262,8.8902739,8.887077331542969
0262,11.032362,9.484973907470703
0262,6.3413849,6.331427574157715
0262,16.872325,16.885257720947266
0262,16.438667,16.488767623901367
0262,16.3941,16.334678649902344
0262,4.1881837,5.979170322418213
0262,15.912931,15.892217636108398
0262,9.8959717,8.490970611572266
0262,14.128662,14.596105575561523
0262,14.061957,14.049848556518555
0262,9.8070326,11.128305435180664
0262,15.477975,15.451858520507812
0262,17.282935,17.241748809814453
0262,9.0826912,6.912697792053223
0262,13.114835,13.37220573425293
0262,5.957052,5.8966755867004395
0262,5.879215,7.932465553283691
0262,6.7039099,8.745656967163086
0262,11.513831,13.712725639343262
0262,15.05339,9.99821949005127
0262,15.857352,16.485227584838867
0262,9.0938078,9.180099487304688
0262,13.303901,13.090657234191895
0262,16.803494,16.108219146728516
0262,12.681238,12.722258567810059
0262,2.7096324,2.8761422634124756
0262,2.0144595,5.723823547363281
0262,6.3127644,7.433104991912842
0262,12.714598,11.721428871154785
0262,13.638238,12.869077682495117
0262,11.547191,9.687349319458008
0262,9.5735778,12.07205867767334
0262,12.492204,13.44212818145752
0262,5.7458263,5.94426155090332
0262,11.458252,9.097916603088379
0262,13.059256,12.794222831726074
0262,13.248309,13.258302688598633
0262,14.806967,14.755719184875488
0262,6.3016353,7.9475178718566895
0262,9.2722694,9.290940284729004
0262,15.701609,15.733396530151367
0262,13.34839,13.30105972290039
0262,9.4278871,8.397921562194824
0262,14.173139,14.416160583496094
0262,6.3016353,6.282018184661865
0262,8.3046001,8.6033296585083
0262,15.779475,15.6959228515625
0262,15.34377,15.27955436706543
0262,11.136563,11.30688762664795
0262,14.660393,13.994755744934082
0262,13.520229,14.743569374084473
0262,16.886921,16.876914978027344
0262,17.517276,17.456483840942383
0262,5.7479331,6.046390056610107
0262,11.528016,11.662211418151855
0262,9.5226767,8.47122859954834
0262,12.603684,13.109455108642578
0262,21.410215,19.70989418029785
0262,16.096181,16.074499130249023
0262,13.3068,13.179906845092773
0262,14.629984,14.084196090698242
0262,15.323544,15.553274154663086
0262,13.807291,13.813722610473633
0262,17.533472,17.562786102294922
0262,11.664856,13.328967094421387
0262,16.727183,16.596111297607422
0262,19.177412,16.979116439819336
0262,13.762829,13.860020637512207
0262,13.551632,13.587784767150879
0262,21.343466,19.593482971191406
0262,18.46535,18.840438842773438
0262,15.973434,17.588701248168945
0262,8.9029423,8.865179061889648
0262,19.64777,18.640600204467773
0262,2.3071753,4.917153835296631
0262,7.5030186,6.652672290802002
0262,12.786509,11.430042266845703
0262,9.2482787,7.217136859893799
0262,5.8686306,8.735960006713867
0262,14.354245,13.905948638916016
0262,5.1682516,6.900859832763672
0262,8.6479972,8.099470138549805
0262,6.9916029,8.569210052490234
0262,6.5245058,6.6049675941467285
0262,9.3372782,10.675058364868164
0262,6.5133892,7.101437091827393
0262,6.835956,7.789005756378174
0262,11.369295,10.896928787231445
0262,10.432907,10.375901222229004
0262,18.994638,17.145641326904297
0262,11.715235,11.37797737121582
0262,14.387606,14.558204650878906
0262,12.685087,12.725690841674805
0262,2.0099715,5.498176574707031
0262,4.9191266,5.338725566864014
0262,14.983917,13.940672874450684
0262,11.282373,12.15560531616211
0262,5.1980561,6.833639621734619
0262,8.1511214,8.192654609680176
0262,6.7569488,6.736736297607422
0262,7.9175957,6.475128650665283
0262,7.2260166,7.316685676574707
0262,13.364435,14.191122055053711
0262,8.3630451,7.445953845977783
0262,14.714985,12.579344749450684
0262,8.5533689,8.496746063232422
0262,8.128834,8.234071731567383
0262,11.955394,9.736129760742188
0262,8.1065883,7.78984260559082
0262,9.2553375,10.7566556930542
0262,9.4677218,9.441327095031738
0262,7.739626,7.594778060913086
0262,11.025298,10.943984031677246
0262,14.289019,17.911212921142578
0262,9.3998679,13.317628860473633
0262,5.3906136,5.8865275382995605
0262,8.1655529,8.229290962219238
0262,6.6842557,6.838487148284912
0262,7.3203601,7.237199783325195
0262,7.3760452,9.236303329467773
0262,7.9096482,7.139039516448975
0262,7.8874046,8.04308032989502
0262,14.509822,14.833093643188477
0262,6.0041786,6.347562789916992
0262,8.8240676,8.27804183959961
0262,9.6037649,10.626895904541016
0262,7.8874046,9.409296989440918
0262,9.4023247,9.46020221710205
0262,9.3689644,9.900972366333008
0262,10.996213,10.663396835327148
0262,11.20888,10.967604637145996
0262,12.472724,12.520541191101074
0262,12.136656,11.339690208435059
0262,14.982355,14.298969268798828
0262,4.3339317,5.567988872528076
0262,10.543852,11.371286392211914
0262,7.05094,7.544916152954102
0262,8.051411,8.157120704650879
0262,14.623573,11.482805252075195
0262,6.7174587,6.8972368240356445
0262,7.7290317,8.864278793334961
0262,9.6212161,6.8830671310424805
0262,8.6541054,10.05516242980957
0262,7.6178491,7.423103332519531
0262,10.14369,11.546192169189453
0262,9.432238,12.434500694274902
0262,8.0958732,9.185715675354004
0262,11.699876,14.747986793518066
0262,17.239953,18.9486026763916
0262,14.423401,15.466233253479004
0262,12.567021,11.785399436950684
0262,6.3861249,8.837552070617676
0262,10.292068,9.818740844726562
0262,10.392109,10.32656192779541
0262,9.7117212,9.651887893676758
0262,9.6671985,9.358211517333984
0262,8.6170648,8.704713821411133
0262,8.0501412,8.123801231384277
0262,15.484696,15.475574493408203
0262,6.5692919,9.522417068481445
0262,16.063151,16.09164047241211
0262,16.296876,16.279190063476562
0262,14.784052,15.348087310791016
0262,13.878087,15.157805442810059
0262,11.037571,9.522673606872559
0262,9.6754938,7.073321342468262
0262,6.3580953,6.320235252380371
0262,17.876471,14.393312454223633
0262,17.517127,17.482507705688477
0262,14.817456,14.839882850646973
0262,5.4983757,17.789018630981445
0262,15.42909,14.89531421661377
0262,18.561219,16.615497589111328
0262,5.7554096,6.895593643188477
0262,15.151065,15.115435600280762
0262,16.352515,16.3533935546875
0262,16.87932,16.88572883605957
0262,15.362357,15.368152618408203
0262,16.463754,16.412872314453125
0262,14.1338,14.596105575561523
0262,16.10764,16.081315994262695
0262,14.939801,14.050200462341309
0262,16.408151,16.337663650512695
0262,14.906453,14.99184513092041
0262,15.707078,16.07356834411621
0262,16.141094,16.452533721923828
0262,16.185639,15.935132026672363
0262,8.68517145,8.608633995056152
0262,8.1101921,8.098746299743652
0262,8.37390495,10.668169021606445
0262,14.322558,14.727773666381836
0262,16.099448,12.444164276123047
0262,13.885995,15.157805442810059
0262,15.8745795,15.190017700195312
0262,14.44794,13.809198379516602
0262,15.38174,14.821135520935059
0262,14.153966,13.220255851745605
0262,12.0694515,11.091787338256836
0262,16.345045,16.276988983154297
0262,16.379631,16.323875427246094
0262,16.137535,16.06751823425293
0262,17.183736,15.111824989318848
0262,15.1742355,15.090693473815918
0262,7.71680335,7.756987571716309
0262,15.390444,15.361725807189941
0262,14.301011,13.888870239257812
0262,12.4378675,12.433241844177246
0262,6.2730586,6.27952241897583
0262,14.0763415,14.111334800720215
0262,10.4145075,10.70130443572998
0262,15.325604,15.346367835998535
0262,9.38992085,9.404738426208496
0262,6.76577005,6.132246971130371
0262,11.235905,11.160900115966797
0262,14.609482,13.621180534362793
0262,14.471696,14.024944305419922
0262,15.984799,15.595383644104004
0262,14.8089,14.824631690979004
0262,14.938595,14.968894958496094
0262,6.74412245,6.29928731918335
0262,14.738751,14.722373008728027
0262,18.370197,16.981346130371094
0262,8.1051376,11.046196937561035
0262,7.0372768,11.295588493347168
0262,16.085627,15.955585479736328
0262,13.063747,12.140402793884277
0262,14.706543,15.700592041015625
0262,16.051042,15.75706672668457
0262,17.1318285,18.078929901123047
0262,18.10886,13.120298385620117
0262,18.843796,13.695145606994629
0262,18.8048875,10.747085571289062
0262,3.6625422,9.162467002868652
0262,13.51068,13.513161659240723
0262,7.9856941,7.951812744140625
0262,7.2334655,7.2055230140686035
0262,11.046485,8.929344177246094
0262,13.1553745,13.251978874206543
0262,16.3674745,16.332822799682617
0262,8.68956155,6.699611663818359
0262,13.994066,13.888821601867676
0262,18.157257,15.401308059692383
0262,13.9292185,14.406494140625
0262,15.528782,14.7195405960083
0262,16.3674745,15.933908462524414
0262,14.2923625,12.075162887573242
0262,6.28589055,6.290942668914795
0262,12.424762,12.195161819458008
0262,13.2461605,13.146695137023926
0262,12.424762,10.66891098022461
0262,9.9303051,7.819305419921875
0262,13.280746,13.7855806350708
0262,9.4072035,9.378885269165039
0262,13.514196,13.501413345336914
0262,7.8854556,8.974236488342285
0262,8.94462755,8.053054809570312
0262,3.3893813,4.858291149139404
0262,7.9848883,7.983745098114014
0262,14.076205,14.077160835266113
0262,14.2966855,13.888870239257812
0262,14.231838,14.552169799804688
0262,13.9551565,14.021476745605469
0262,14.6382145,14.822528839111328
0262,13.9638035,14.743569374084473
0262,14.071882,12.028656005859375
0262,5.6590334,8.897719383239746
0262,14.0848515,14.622443199157715
0262,13.2461605,12.82988166809082
0262,13.9681265,15.799542427062988
0262,15.675771,15.334709167480469
0262,9.9994757,9.71161937713623
0262,15.84005,14.296062469482422
0262,14.011357,14.45821762084961
0262,15.1872545,15.187027931213379
0262,14.04162,14.369961738586426
0262,14.188607,13.758546829223633
0262,12.4377315,12.413946151733398
0262,13.2461605,13.133197784423828
0262,11.962185,11.30599594116211
0262,14.819786,14.255044937133789
0262,11.7417055,12.275266647338867
0262,14.612276,14.22186279296875
0262,13.8341085,13.587693214416504
0262,13.56175,13.990726470947266
0262,13.8341085,13.78617000579834
0262,13.4190865,13.452107429504395
0262,15.628216,14.537494659423828
0262,15.321272,15.340851783752441
0262,13.397471,13.925739288330078
0262,14.819786,14.823665618896484
0262,8.8235794,9.388949394226074
0262,7.72117545,7.707648754119873
0262,7.236984,7.202719688415527
0262,19.008918,18.520618438720703
0262,15.4379975,15.744108200073242
0262,15.295334,15.39538860321045
0262,15.619569,15.856232643127441
0262,15.390443,15.3654203414917
0262,16.3199195,16.266094207763672
0262,14.7290005,14.420144081115723
0262,13.639567,14.095367431640625
0262,15.2866875,15.810532569885254
0262,8.0,7.994155406951904
0436,1.23,2.308980703353882
0436,1.26,9.276471138000488
0436,1.3099999999999998,3.039640188217163
0436,1.36,3.045133113861084
0436,1.38,2.9027278423309326
0436,1.38,3.3763251304626465
0436,1.52,2.4091379642486572
0436,1.63,3.0042150020599365
0436,1.93,3.403172254562378
0436,1.93,4.750426769256592
0436,2.41,3.3428125381469727
0436,2.48,2.7207696437835693
0436,2.54,2.926771879196167
0436,2.64,3.7209391593933105
0436,2.68,3.239124298095703
0436,2.69,3.7009668350219727
0436,2.71,2.6443841457366943
0436,2.71,5.119826316833496
0436,2.73,4.267784118652344
0436,2.74,3.584549903869629
0436,2.75,3.3810880184173584
0436,2.8400000000000003,4.129647731781006
0436,2.91,3.410144567489624
0436,2.92,4.67778205871582
0436,2.96,3.409796953201294
0436,2.99,3.582000732421875
0436,3.1300000000000003,3.0879454612731934
0436,3.14,1.9947547912597656
0436,3.14,3.988247871398926
0436,3.19,5.8116326332092285
0436,3.24,3.960698127746582
0436,3.26,6.453754425048828
0436,3.36,3.2654976844787598
0436,3.3800000000000003,4.9068756103515625
0436,3.39,3.859158754348755
0436,3.4,3.4154138565063477
0436,3.44,3.632080554962158
0436,3.49,4.7253031730651855
0436,3.5,4.670924663543701
0436,3.5,3.2597815990448
0436,3.58,3.8206851482391357
0436,3.5900000000000003,4.428253173828125
0436,3.5900000000000003,2.956230878829956
0436,3.61,4.353468894958496
0436,3.61,3.352844476699829
0436,3.65,3.9191365242004395
0436,3.66,4.005791664123535
0436,3.68,5.056705474853516
0436,3.68,3.376826286315918
0436,3.69,3.661910057067871
0436,3.69,3.6521801948547363
0436,3.71,3.3598954677581787
0436,3.73,3.914106607437134
0436,3.73,4.275277614593506
0436,3.74,3.4014029502868652
0436,3.75,2.8977882862091064
0436,3.75,3.394362688064575
0436,3.75,3.485447645187378
0436,3.76,3.565622091293335
0436,3.76,3.857842445373535
0436,3.77,5.2986016273498535
0436,3.79,5.588430881500244
0436,3.83,4.14566707611084
0436,3.84,4.23432731628418
0436,3.87,4.97873067855835
0436,3.88,3.9101457595825195
0436,3.89,3.7096590995788574
0436,3.94,4.08167839050293
0436,3.96,5.61808443069458
0436,3.98,7.418984889984131
0436,4.01,4.278710842132568
0436,4.01,4.169017314910889
0436,4.03,4.846303462982178
0436,4.06,4.377157688140869
0436,4.08,5.332657337188721
0436,4.08,3.322096347808838
0436,4.16,4.765946865081787
0436,4.16,5.1650214195251465
0436,4.16,4.624866008758545
0436,4.17,4.413825511932373
0436,4.17,4.031255722045898
0436,4.19,3.631756544113159
0436,4.21,5.025861740112305
0436,4.21,3.809025526046753
0436,4.21,4.466420650482178
0436,4.23,6.240833759307861
0436,4.27,3.5321004390716553
0436,4.27,3.8299267292022705
0436,4.28,4.40332555770874
0436,4.29,3.603682518005371
0436,4.33,5.4726433753967285
0436,4.34,5.174394607543945
0436,4.36,5.224911689758301
0436,4.36,3.9024763107299805
0436,4.36,4.541781425476074
0436,4.36,3.980170965194702
0436,4.37,4.163422584533691
0436,4.44,3.776104688644409
0436,4.46,6.822021961212158
0436,4.47,4.733466148376465
0436,4.5,4.343507289886475
0436,4.5,4.776034355163574
0436,4.5600000000000005,2.9267427921295166
0436,4.59,3.8922019004821777
0436,4.62,4.965837001800537
0436,4.63,5.2379961013793945
0436,4.680000000000001,4.750847816467285
0436,4.71,7.707961082458496
0436,4.73,6.055751800537109
0436,4.739999999999999,5.621623992919922
0436,4.760000000000001,5.444723129272461
0436,4.760000000000001,5.142301082611084
0436,4.84,7.03407621383667
0436,4.84,5.390121936798096
0436,4.88,4.065197944641113
0436,4.88,4.981924057006836
0436,4.88,6.8170247077941895
0436,4.91,5.61319637298584
0436,4.989999999999999,5.425920009613037
0436,5.010000000000001,6.8462815284729
0436,5.02,8.160158157348633
0436,5.04,6.756269454956055
0436,5.069999999999999,4.607235431671143
0436,5.08,5.759462356567383
0436,5.09,5.2500996589660645
0436,5.09,6.0677971839904785
0436,5.1,5.773995399475098
0436,5.14,5.194328784942627
0436,5.15,4.670374393463135
0436,5.16,5.8071489334106445
0436,5.19,4.069805145263672
0436,5.239999999999999,6.671716213226318
0436,5.239999999999999,5.5492682456970215
0436,5.28,5.313201427459717
0436,5.29,5.479488372802734
0436,5.3,4.851316928863525
0436,5.39,7.739147663116455
0436,5.44,3.962002992630005
0436,5.46,7.671250820159912
0436,5.46,5.615513801574707
0436,5.489999999999999,5.290160179138184
0436,5.510000000000001,8.218040466308594
0436,5.5600000000000005,6.00108003616333
0436,5.6,5.049550533294678
0436,5.67,5.358524322509766
0436,5.72,9.147165298461914
0436,5.73,4.330108165740967
0436,5.739999999999999,5.756175518035889
0436,5.92,5.748385429382324
0436,5.95,6.533148765563965
0436,5.96,7.731416702270508
0436,5.98,8.399937629699707
0436,5.989999999999999,5.732748031616211
0436,6.010000000000001,9.184364318847656
0436,6.010000000000001,5.6032586097717285
0436,6.08,4.286213397979736
0436,6.09,6.295430660247803
0436,6.13,4.694482326507568
0436,6.14,8.399420738220215
0436,6.17,4.453514575958252
0436,6.19,6.373536586761475
0436,6.23,7.500085830688477
0436,6.28,7.370614528656006
0436,6.41,7.122069835662842
0436,6.430000000000001,6.597764015197754
0436,6.44,8.995692253112793
0436,6.510000000000001,6.534786224365234
0436,6.58,5.14217472076416
0436,6.66,6.437739849090576
0436,6.66,8.90636920928955
0436,6.69,9.24202823638916
0436,6.760000000000001,5.832914352416992
0436,6.83,6.223890781402588
0436,6.83,6.231356620788574
0436,6.89,8.308382987976074
0436,6.89,4.796740531921387
0436,6.96,6.571231842041016
0436,7.03,7.761648178100586
0436,7.09,7.980039596557617
0436,7.180000000000001,8.449369430541992
0436,7.21,7.338037967681885
0436,7.25,10.788314819335938
0436,7.28,7.402400016784668
0436,7.489999999999999,9.002113342285156
0436,7.56,8.04577350616455
0436,7.61,7.929025650024414
0436,7.63,8.227932929992676
0436,7.64,7.830833435058594
0436,7.71,10.732178688049316
0436,7.73,10.198633193969727
0436,7.81,6.159369945526123
0436,7.84,8.29211711883545
0436,7.84,7.55558443069458
0436,7.84,6.749084949493408
0436,7.85,7.4999775886535645
0436,7.88,8.731682777404785
0436,7.9,8.027254104614258
0436,7.939999999999999,5.763806343078613
0436,7.95,7.662542819976807
0436,7.96,7.960927963256836
0436,7.97,7.307310104370117
0436,7.989999999999999,7.122161388397217
0436,8.0,8.576478004455566
0436,8.09,9.749263763427734
0436,8.110000000000001,8.65710163116455
0436,8.139999999999999,8.279810905456543
0436,8.17,7.623595714569092
0436,8.18,8.81820011138916
0436,8.21,8.324874877929688
0436,8.23,6.858345031738281
0436,8.24,6.3941826820373535
0436,8.25,6.408882141113281
0436,8.26,7.576569080352783
0436,8.32,6.4502854347229
0436,8.33,7.970170021057129
0436,8.34,8.695247650146484
0436,8.360000000000001,10.283894538879395
0436,8.43,9.540576934814453
0436,8.47,7.753949165344238
0436,8.52,8.385315895080566
0436,8.56,9.170692443847656
0436,8.69,8.86441707611084
0436,8.74,9.827303886413574
0436,8.75,7.946070671081543
0436,8.8,8.9454345703125
0436,8.870000000000001,11.25781536102295
0436,8.889999999999999,8.524507522583008
0436,8.99,6.758917331695557
0436,9.01,8.34925365447998
0436,9.02,8.720070838928223
0436,9.03,9.415900230407715
0436,9.03,8.273425102233887
0436,9.03,9.683280944824219
0436,9.15,9.277365684509277
0436,9.18,8.498468399047852
0436,9.21,11.906099319458008
0436,9.21,8.34704303741455
0436,9.22,8.40265941619873
0436,9.23,8.177679061889648
0436,9.24,11.358648300170898
0436,9.24,6.508444786071777
0436,9.28,10.12909984588623
0436,9.29,10.5197114944458
0436,9.35,8.530713081359863
0436,9.36,10.618426322937012
0436,9.37,9.132186889648438
0436,9.39,10.086750984191895
0436,9.55,9.707520484924316
0436,9.56,9.11823558807373
0436,9.59,8.355182647705078
0436,9.68,4.069576740264893
0436,9.77,11.077302932739258
0436,9.79,8.848305702209473
0436,9.79,5.589211463928223
0436,9.79,7.076508045196533
0436,9.82,11.38715648651123
0436,9.83,9.03477668762207
0436,9.86,9.654399871826172
0436,9.91,9.263420104980469
0436,10.06,11.91709041595459
0436,10.16,10.176112174987793
0436,10.22,8.682181358337402
0436,10.29,7.316108226776123
0436,10.36,8.888772964477539
0436,10.37,10.273058891296387
0436,10.47,9.128947257995605
0436,10.54,8.486515998840332
0436,10.58,4.30109167098999
0436,10.66,8.309703826904297
0436,10.7,11.233647346496582
0436,10.76,8.602011680603027
0436,10.76,8.181297302246094
0436,10.85,10.870645523071289
0436,10.91,9.754294395446777
0436,10.93,9.230439186096191
0436,10.97,9.276017189025879
0436,11.02,8.906373977661133
0436,11.1,11.735893249511719
0436,11.11,10.655401229858398
0436,11.21,8.605493545532227
0436,11.22,12.205057144165039
0436,11.24,9.440557479858398
0436,11.27,9.88112735748291
0436,11.33,9.708379745483398
0436,11.55,11.485949516296387
0436,11.63,3.181427478790283
0436,11.67,11.281554222106934
0436,11.68,10.331058502197266
0436,11.71,9.382326126098633
0436,11.77,11.116779327392578
0436,11.95,11.361894607543945
0436,12.01,12.465312957763672
0436,12.03,12.262372970581055
0436,12.16,12.502376556396484
0436,12.39,11.3026704788208
0436,12.4,12.2316312789917
0436,12.43,11.289769172668457
0436,12.43,12.490057945251465
0436,12.47,12.766120910644531
0436,12.49,12.496742248535156
0436,12.5,12.190611839294434
0436,12.64,12.39886474609375
0436,12.7,12.624363899230957
0436,12.87,12.059996604919434
0436,12.88,11.675540924072266
0436,12.9,12.205469131469727
0436,12.95,12.53357982635498
0436,13.0,13.157879829406738
0436,13.08,13.467094421386719
0436,13.08,12.366888999938965
0436,13.15,11.374822616577148
0436,13.24,7.753003120422363
0436,13.34,12.860942840576172
0436,13.36,12.062926292419434
0436,13.51,13.092572212219238
0436,13.53,13.558158874511719
0436,13.57,12.868080139160156
0436,13.59,11.285552024841309
0436,13.6,12.440746307373047
0436,13.73,9.866544723510742
0436,13.79,11.27114486694336
0436,13.82,13.29633903503418
0436,13.85,12.932076454162598
0436,13.94,12.869125366210938
0436,13.97,12.485309600830078
0436,14.2,14.124316215515137
0436,14.4,13.577269554138184
0436,14.61,13.243367195129395
0436,15.05,12.52574634552002
0403,0.688,0.7257581353187561
0403,0.702,0.7029584050178528
0403,0.702,0.7012853622436523
0403,0.703,0.7782161235809326
0403,0.706,0.7208104729652405
0403,0.709,0.7069634795188904
0403,0.709,0.7087737917900085
0403,0.713,0.6620008945465088
0403,0.713,0.7055742144584656
0403,0.716,0.715015709400177
0403,0.72,0.8863269686698914
0403,0.722,0.7216953635215759
0403,0.722,0.7239260077476501
0403,0.726,0.7839857935905457
0403,0.727,0.749723494052887
0403,0.727,0.7280349135398865
0403,0.727,0.7294405698776245
0403,0.728,0.7414770126342773
0403,0.728,0.7251526713371277
0403,0.73,0.7236586809158325
0403,0.73,0.7302725911140442
0403,0.73,0.7302725911140442
0403,0.731,0.7275599837303162
0403,0.731,0.7390927076339722
0403,0.733,0.7045034766197205
0403,0.734,0.7349257469177246
0403,0.737,0.7575244307518005
0403,0.737,0.7358677387237549
0403,0.737,0.7363927364349365
0403,0.738,0.6619728803634644
0403,0.744,0.7367817759513855
0403,0.744,0.7636668682098389
0403,0.747,0.7624343037605286
0403,0.748,0.7412732839584351
0403,0.751,0.8244692087173462
0403,0.753,1.0313962697982788
0403,0.754,0.77413010597229
0403,0.754,0.7348891496658325
0403,0.757,0.749170184135437
0403,0.757,0.7465324401855469
0403,0.758,0.7665593028068542
0403,0.76,0.7508843541145325
0403,0.761,0.7743080258369446
0403,0.761,0.763346791267395
0403,0.761,0.7678734660148621
0403,0.761,0.7680176496505737
0403,0.764,0.7666864395141602
0403,0.764,0.7634351253509521
0403,0.764,0.7644844651222229
0403,0.769,0.7945598363876343
0403,0.77,0.7691797614097595
0403,0.77,0.7698162198066711
0403,0.771,0.7655836939811707
0403,0.771,0.7888999581336975
0403,0.771,0.7658739686012268
0403,0.772,0.7764014005661011
0403,0.772,0.868952751159668
0403,0.772,0.7773937582969666
0403,0.774,0.8382186889648438
0403,0.776,0.8090847134590149
0403,0.779,0.8027175664901733
0403,0.779,0.8762654066085815
0403,0.781,0.7557618618011475
0403,0.781,0.8616938591003418
0403,0.781,0.7826772332191467
0403,0.781,0.8354681134223938
0403,0.782,0.8230094313621521
0403,0.782,0.8230094313621521
0403,0.782,0.8647212386131287
0403,0.786,0.789209246635437
0403,0.786,0.7863074541091919
0403,0.787,0.8164581656455994
0403,0.789,0.7713733315467834
0403,0.789,0.7798241376876831
0403,0.789,0.7891327142715454
0403,0.79,0.7983753681182861
0403,0.791,0.7881239056587219
0403,0.794,0.8135724663734436
0403,0.797,0.761830747127533
0403,0.804,1.819345474243164
0403,0.806,0.7902265191078186
0403,0.809,0.8138631582260132
0403,0.809,0.8961869478225708
0403,0.81,0.842204749584198
0403,0.81,0.8349526524543762
0403,0.812,0.8091537952423096
0403,0.812,0.8405366539955139
0403,0.812,0.8080121874809265
0403,0.813,0.8167891502380371
0403,0.813,0.8167891502380371
0403,0.813,0.812674880027771
0403,0.813,0.8127446174621582
0403,0.817,0.8527835011482239
0403,0.818,0.852288544178009
0403,0.819,0.8722920417785645
0403,0.822,0.8372716307640076
0403,0.822,0.8347475528717041
0403,0.822,0.9023246765136719
0403,0.825,1.507826805114746
0403,0.828,0.856133759021759
0403,0.829,0.8024537563323975
0403,0.831,0.8783613443374634
0403,0.831,1.0101499557495117
0403,0.832,0.8151188492774963
0403,0.836,0.826827883720398
0403,0.837,0.987780749797821
0403,0.839,0.8391442894935608
0403,0.839,0.8422766327857971
0403,0.839,0.9463225603103638
0403,0.842,0.8759380578994751
0403,0.844,0.8495963215827942
0403,0.844,0.8443540930747986
0403,0.844,0.869775652885437
0403,0.844,0.7810810804367065
0403,0.846,0.8509150147438049
0403,0.846,0.8467079997062683
0403,0.846,0.8060627579689026
0403,0.846,0.8491334915161133
0403,0.846,0.8476704359054565
0403,0.846,0.8441047072410583
0403,0.846,0.843930721282959
0403,0.846,0.8475382924079895
0403,0.846,0.844641923904419
0403,0.846,0.844641923904419
0403,0.846,0.8509150147438049
0403,0.847,0.7615494132041931
0403,0.847,0.80002361536026
0403,0.849,0.8464201092720032
0403,0.849,0.8487144708633423
0403,0.852,0.8544333577156067
0403,0.852,0.8506047129631042
0403,0.852,0.853828489780426
0403,0.852,0.8623032569885254
0403,0.852,0.8484506607055664
0403,0.852,0.8507309556007385
0403,0.852,0.8498333692550659
0403,0.855,0.8166788220405579
0403,0.855,1.5064448118209839
0403,0.86,0.8001899123191833
0403,0.86,0.9931967258453369
0403,0.86,0.953425407409668
0403,0.861,0.8269575834274292
0403,0.862,0.8902907967567444
0403,0.863,0.8038787245750427
0403,0.865,1.0034146308898926
0403,0.869,0.8070192337036133
0403,0.871,0.9627489447593689
0403,0.872,2.540771961212158
0403,0.874,1.1060956716537476
0403,0.875,0.9757388234138489
0403,0.876,0.8654840588569641
0403,0.876,0.8152629137039185
0403,0.876,0.8478471636772156
0403,0.877,0.8947551846504211
0403,0.877,0.867652952671051
0403,0.878,0.849763810634613
0403,0.878,0.8677210807800293
0403,0.878,1.1053354740142822
0403,0.878,0.8673887252807617
0403,0.878,0.8666578531265259
0403,0.878,1.5908246040344238
0403,0.878,0.7451220154762268
0403,0.878,0.8677210807800293
0403,0.878,0.8687925934791565
0403,0.878,0.8673210740089417
0403,0.878,0.8659505248069763
0403,0.878,0.8573947548866272
0403,0.879,0.9240472912788391
0403,0.879,1.0371553897857666
0403,0.879,0.8226974606513977
0403,0.879,0.9775388240814209
0403,0.88,1.5716160535812378
0403,0.88,0.8069123029708862
0403,0.88,0.8744202852249146
0403,0.88,1.0015618801116943
0403,0.88,0.8656293153762817
0403,0.88,0.7740389704704285
0403,0.881,0.8910460472106934
0403,0.881,0.9241121411323547
0403,0.881,0.9282466173171997
0403,0.882,0.8857423067092896
0403,0.883,0.9410973191261292
0403,0.883,0.917812168598175
0403,0.884,2.378664493560791
0403,0.885,0.8006868958473206
0403,0.886,0.844650387763977
0403,0.886,1.6647701263427734
0403,0.887,1.0438041687011719
0403,0.887,1.019134283065796
0403,0.889,0.8640536665916443
0403,0.889,0.8825889825820923
0403,0.889,0.8823395371437073
0403,0.889,0.8996608853340149
0403,0.889,0.8816878199577332
0403,0.892,1.4571611881256104
0403,0.894,0.8155871629714966
0403,0.894,1.4600257873535156
0403,0.895,1.396696925163269
0403,0.906,0.8016949892044067
0403,0.906,1.3672919273376465
0403,0.914,0.9470995664596558
0403,0.914,0.9467852711677551
0403,0.921,1.1878461837768555
0403,1.174,1.228426218032837
0403,1.18,1.2109084129333496
0403,1.213,1.432985544204712
0403,1.228,1.7351806163787842
0403,1.292,1.5351327657699585
0403,1.32,1.416599988937378
0403,1.397,2.1946702003479004
0403,1.435,1.4002230167388916
0403,1.452,1.4527463912963867
0403,1.452,1.455870270729065
0403,1.46,1.4663974046707153
0403,1.46,1.4637478590011597
0403,1.548,1.429089069366455
0403,1.586,1.4365969896316528
0403,1.586,2.2645466327667236
0403,1.592,1.0541070699691772
0403,1.61,1.6654611825942993
0403,1.642,1.8125051259994507
0403,1.672,1.145871639251709
0403,1.673,1.4100600481033325
0403,1.72,1.2327555418014526
0403,1.721,2.1315248012542725
0403,1.738,1.3591068983078003
0403,1.754,1.1076157093048096
0403,1.76,1.831894874572754
0403,1.78,1.4919772148132324
0403,1.893,2.0629358291625977
0403,1.926,1.5611677169799805
0403,1.926,1.7024052143096924
0403,1.948,1.3812482357025146
0403,2.149,1.263593077659607
0403,2.2,2.140864849090576
0403,2.203,1.9013630151748657
0403,2.222,2.1282711029052734
0403,2.227,1.6911596059799194
0403,2.344,1.6054775714874268
0403,2.458,1.6941230297088623
0403,2.517,2.056074857711792
0403,2.576,3.3628640174865723
0403,2.602,1.1304694414138794
0403,2.603,2.523265838623047
0403,2.648,3.0540828704833984
0403,2.721,1.9629614353179932
0403,2.724,1.835418939590454
0403,2.728,2.903028964996338
0403,2.751,3.2070343494415283
0403,2.766,2.2072958946228027
0403,2.783,2.2781338691711426
0403,2.879,1.881360650062561
0403,2.942,4.669723033905029
0403,2.975,2.6310365200042725
0403,2.981,3.3762753009796143
0403,3.053,2.9246480464935303
0403,3.091,4.201226711273193
0403,3.133,2.515155792236328
0403,3.177,3.53355073928833
0403,3.207,2.7550203800201416
0403,3.249,3.237617254257202
0403,3.249,3.245788812637329
0403,3.309,2.8381853103637695
0403,3.355,2.1337130069732666
0403,3.437,2.5244340896606445
0403,3.441,3.0875229835510254
0403,3.554,2.242650270462036
0403,3.694,2.7220895290374756
0403,3.7,3.0360629558563232
0403,3.728,3.859179973602295
0403,4.025,3.7111504077911377
0403,4.122,3.402888536453247
0403,4.157,3.421826124191284
0403,4.462,1.6511372327804565
0403,4.612,3.832456350326538
0403,4.664,3.793548345565796
0403,4.854,3.806785821914673
0403,4.903,4.866082668304443
0403,4.953,2.090120792388916
0403,4.999,4.729872226715088
0403,5.074,5.2686967849731445
0403,5.247,3.446932077407837
0403,5.286,4.908528804779053
0403,5.295,5.295709133148193
0403,5.296,4.918166160583496
0403,5.307,4.521085739135742
0403,5.317,5.131801605224609
0403,5.355,3.550281047821045
0228,5.77,6.130489349365234
0228,3.87,3.797569990158081
0228,1.01,1.456152081489563
0228,7.46,5.186932563781738
0228,5.84,6.711094856262207
0228,2.69,6.029842376708984
0228,8.63,7.8571391105651855
0228,5.87,3.894641160964966
0228,9.16,8.992524147033691
0228,6.4,5.442870140075684
0228,9.25,9.194316864013672
0228,2.96,3.417372226715088
0228,1.39,6.400432586669922
0228,4.06,4.426131248474121
0228,8.31,6.232938766479492
0228,7.29,6.114387035369873
0228,8.17,8.116466522216797
0228,6.99,5.060975551605225
0228,1.12,4.886363983154297
0228,6.88,7.217983722686768
0228,5.09,4.575259685516357
0228,5.8,5.126674175262451
0228,1.07,2.115642786026001
0228,3.56,4.319009304046631
0228,7.34,7.505483627319336
0228,1.09,0.9999844431877136
0228,4.62,1.9858912229537964
0228,9.49,8.190763473510742
0228,1.14,1.5443307161331177
0228,9.66,9.387110710144043
0228,5.45,4.362403392791748
0228,9.85,9.264333724975586
0228,9.51,9.320085525512695
0228,9.9,9.77987289428711
0228,9.3,9.496975898742676
0228,9.47,9.185104370117188
0228,8.14,7.940528869628906
0228,2.42,1.8924784660339355
0228,4.32,3.435926675796509
0228,1.26,1.8488987684249878
0228,1.33,1.995581030845642
0228,1.46,2.53202223777771
0228,2.03,1.5493656396865845
0228,0.99,2.23956298828125
0228,2.85,4.084104061126709
0228,9.42,9.618584632873535
0228,1.0,1.0167410373687744
0228,9.54,9.730568885803223
0228,4.11,6.200883865356445
0228,5.61,3.8619956970214844
0228,6.94,7.845519542694092
0228,7.79,6.731657028198242
0228,1.12,4.731372356414795
0228,1.18,1.9511470794677734
0228,6.68,6.981331825256348
0228,7.63,3.0494446754455566
0228,2.61,2.6325020790100098
0228,9.18,1.7243205308914185
0228,1.95,3.457913398742676
0228,3.0,3.462076425552368
0228,2.12,2.32560133934021
0228,2.2,3.3223395347595215
0228,1.14,3.5969362258911133
0228,1.25,1.4446663856506348
0228,1.29,1.9336943626403809
0228,1.15,1.3356510400772095
0228,9.91,9.632394790649414
0228,5.31,7.195727825164795
0228,6.72,6.848971366882324
0228,6.85,6.73625373840332
0228,9.48,9.032583236694336
0228,1.16,2.518378734588623
0228,1.03,1.2078280448913574
0228,9.77,9.398648262023926
0228,6.61,5.783945083618164
0228,2.56,2.732666254043579
0228,2.54,2.684701442718506
0228,3.87,3.230149030685425
0228,4.47,4.198254108428955
0228,1.34,3.344932794570923
0228,2.88,2.7024662494659424
0228,2.17,2.6128416061401367
0228,6.19,5.811408042907715
0228,9.15,8.71441650390625
0228,5.03,1.89326012134552
0228,7.19,8.509685516357422
0228,5.61,5.553999423980713
0228,4.49,5.014758586883545
0228,6.02,5.64545202255249
0228,5.36,5.57621431350708
0228,6.09,5.544291019439697
0228,1.73,3.088832378387451
0228,8.99,8.073378562927246
0228,1.06,1.6472103595733643
0228,3.63,3.6829562187194824
0228,10.15,9.235722541809082
0228,5.0,7.980134963989258
0228,8.86,8.576871871948242
0228,7.32,3.009103775024414
0228,2.95,2.8100531101226807
0228,1.45,4.034651756286621
0228,2.9,2.2880568504333496
0228,0.99,0.8449900150299072
0228,8.73,8.983833312988281
0228,1.15,3.3149945735931396
0228,3.1,2.7702395915985107
0228,0.97,1.8340461254119873
0228,9.84,9.203912734985352
0228,9.38,8.898975372314453
0228,8.75,7.828533172607422
0228,4.28,3.0450944900512695
0228,0.96,0.8589874505996704
0228,7.67,7.230167865753174
0228,1.04,2.220679521560669
0228,1.04,1.1898982524871826
0228,4.23,5.96658182144165
0228,0.99,1.3588861227035522
0228,1.0,2.648679733276367
0228,3.23,2.9827780723571777
0228,4.69,2.2549333572387695
0228,8.16,9.319528579711914
0228,8.15,7.950926303863525
0228,7.35,8.03796100616455
0228,5.62,5.1153998374938965
0228,4.83,6.18972110748291
0228,5.28,6.526973247528076
0228,5.08,5.467290878295898
0228,8.07,7.51873254776001
0228,8.35,8.560790061950684
0228,2.29,4.11187744140625
0228,8.18,7.203437805175781
0228,7.01,6.766789436340332
0228,3.23,5.359257698059082
0228,9.26,9.425071716308594
0228,7.67,7.822770118713379
0228,5.25,4.153564453125
0228,8.31,8.066203117370605
0228,4.45,3.8438966274261475
0228,1.06,1.3131152391433716
0228,5.61,6.145992279052734
0228,1.3,1.6822813749313354
0228,2.95,4.88756799697876
0228,1.55,2.0113251209259033
0228,8.03,7.913505554199219
0228,7.51,5.412135124206543
0228,4.65,3.4507381916046143
0228,7.67,5.670053005218506
0228,9.02,9.432456970214844
0228,9.47,9.0071382522583
0228,6.22,2.977513074874878
0228,7.6,7.911461353302002
0228,7.67,7.429114818572998
0228,10.28,9.525983810424805
0228,4.41,2.6288390159606934
0228,1.08,1.7058303356170654
0228,4.58,4.8786115646362305
0228,5.5,4.065874099731445
0228,2.99,2.990996837615967
0228,4.05,2.578941583633423
0228,2.49,3.9604239463806152
0228,2.41,3.9178342819213867
0228,2.14,3.085374593734741
0228,4.47,5.255218982696533
0228,6.03,6.645133018493652
0228,1.8,1.6360331773757935
0228,0.97,1.196593999862671
0228,8.75,9.37909984588623
0228,4.61,6.3212456703186035
0228,4.7,4.510996341705322
0228,2.11,2.616412401199341
0228,1.4,1.9252727031707764
0228,1.01,3.0212602615356445
0228,1.41,2.1599063873291016
0228,2.76,2.3182082176208496
0228,1.81,3.4639296531677246
0228,2.87,2.5464916229248047
0228,1.15,2.0584375858306885
0228,8.85,8.517962455749512
0228,4.48,6.998279094696045
0228,2.85,3.856722116470337
0228,5.11,2.623319625854492
0228,3.75,3.637673854827881
0228,8.49,9.009516716003418
0228,2.74,2.5618927478790283
0228,8.44,8.521485328674316
0228,9.75,9.660538673400879
0228,1.19,2.3642373085021973
0228,2.96,3.4797260761260986
0228,8.05,7.950454235076904
0228,4.32,5.934677600860596
0228,2.84,2.5014171600341797
0228,1.33,2.1164872646331787
0228,1.05,1.0710914134979248
0228,8.56,7.725651264190674
0228,8.28,7.7140092849731445
0228,3.94,1.9046398401260376
0228,1.1,4.890503883361816
0228,1.89,3.155409336090088
0228,2.02,3.8777225017547607
0228,4.64,4.915411949157715
0228,9.72,9.169602394104004
0228,1.51,4.031913757324219
0228,1.02,2.989574670791626
0228,3.36,1.8289345502853394
0228,4.72,6.8049445152282715
0228,2.49,3.3921985626220703
0228,4.19,5.373992443084717
0228,1.46,3.0148112773895264
0228,5.11,6.208272457122803
0228,1.11,1.2224329710006714
0228,1.33,1.496759295463562
0228,7.19,6.490257740020752
0228,8.88,9.15318489074707
0228,8.88,8.985636711120605
0228,1.1,1.0468822717666626
0228,8.39,8.427714347839355
0228,1.12,1.0490448474884033
0228,5.09,5.936941146850586
0228,9.34,9.151311874389648
0228,9.58,8.725691795349121
0228,3.8,4.387977123260498
0228,2.56,1.5471750497817993
0228,8.14,8.114678382873535
0228,5.58,5.555093765258789
0228,6.12,3.3006038665771484
0228,3.81,2.8830838203430176
0228,2.89,3.121490240097046
0228,7.8,8.779996871948242
0228,4.72,4.687430381774902
0228,9.87,7.966794013977051
0228,6.83,7.954365253448486
0228,5.76,4.10982608795166
0228,4.76,3.7560079097747803
0228,5.33,5.754552364349365
0228,7.3,6.132392883300781
0228,4.8,3.558417797088623
0228,9.11,9.41140079498291
0228,1.81,3.153167724609375
0228,6.02,5.893294811248779
0228,10.17,4.2551398277282715
0228,5.92,5.9970316886901855
0228,1.06,1.6512727737426758
0228,2.2,3.0277938842773438
0228,1.35,2.4719340801239014
0228,0.99,1.5071989297866821
0228,0.98,1.4400168657302856
0228,0.98,0.9059668183326721
0228,5.59,7.436428070068359
0228,1.01,1.3308480978012085
0228,1.17,1.2617608308792114
0228,9.52,7.451756954193115
0228,2.93,2.1633188724517822
0228,8.44,4.257786750793457
0228,4.62,3.8241403102874756
0228,8.98,9.225296020507812
0228,8.1,8.717525482177734
0228,9.9,9.541990280151367
0228,1.84,7.762718677520752
0228,9.61,8.43751335144043
0228,9.9,9.55334758758545
0228,8.2,7.782332897186279
0228,9.07,9.6048002243042
0228,8.67,6.269011497497559
0228,8.14,7.217100620269775
0228,8.62,6.17303991317749
0228,8.07,7.994447231292725
0228,7.89,8.40798568725586
0228,8.05,8.207259178161621
0228,7.83,7.416380882263184
0228,7.33,6.873102188110352
0402,0.62080789,0.7621546387672424
0402,0.62368644,0.6206514239311218
0402,0.63079769,0.628669798374176
0402,0.63239004,0.6207991242408752
0402,0.63454287,0.781052827835083
0402,0.63834754,0.6582985520362854
0402,0.64022599,0.6595057249069214
0402,0.64434604,0.7517111897468567
0402,0.64451146,0.6350961327552795
0402,0.64602319,0.6300135254859924
0402,0.65724485,0.6591880917549133
0402,0.65844972,0.6417778134346008
0402,0.66257407,0.6647878885269165
0402,0.66311134,0.6802996397018433
0402,0.66609131,0.6818027496337891
0402,0.66645562,0.6674149632453918
0402,0.66725499,0.6995397806167603
0402,0.66756559,0.6654614210128784
0402,0.66764257,0.711035430431366
0402,0.66808014,0.6656637787818909
0402,0.66903346,0.6728071570396423
0402,0.66979447,0.6727385520935059
0402,0.67028986,0.6647700071334839
0402,0.67033011,0.7017000317573547
0402,0.67259482,0.6670068502426147
0402,0.67651626,0.8170024156570435
0402,0.67652019,0.6562055945396423
0402,0.67769884,0.7033302187919617
0402,0.67800796,0.7164248824119568
0402,0.68166295,0.6587804555892944
0402,0.68180526,0.6777656674385071
0402,0.68405707,0.6691003441810608
0402,0.69422886,0.700640857219696
0402,0.69546187,0.6799208521842957
0402,0.69564846,0.6614081263542175
0402,0.69625809,0.7076788544654846
0402,0.69786016,1.047327995300293
0402,0.70002382,0.781367301940918
0402,0.70148969,0.9966335296630859
0402,0.70453531,0.6815913915634155
0402,0.70666782,0.852512776851654
0402,0.70687674,0.692488968372345
0402,0.70710052,0.7492983341217041
0402,0.70791862,0.6811183094978333
0402,0.70966959,0.7019181251525879
0402,0.71001705,0.7026869654655457
0402,0.71274146,0.7168586254119873
0402,0.71615217,0.7778347134590149
0402,0.71707072,0.7165811657905579
0402,0.71737469,0.7288743257522583
0402,0.71892462,0.7222003936767578
0402,0.71947749,0.7967665195465088
0402,0.72168623,0.7106476426124573
0402,0.72248364,0.6864287853240967
0402,0.72317617,0.7732066512107849
0402,0.7236814,0.7641875743865967
0402,0.72523174,0.811099112033844
0402,0.72570111,0.7395325303077698
0402,0.72843052,0.7318776249885559
0402,0.72856809,0.7395375967025757
0402,0.72900387,0.7195345163345337
0402,0.73087374,0.6695064902305603
0402,0.73144847,1.4719172716140747
0402,0.73171704,0.7650375962257385
0402,0.73177934,1.6868892908096313
0402,0.73582637,0.8986195921897888
0402,0.73606761,0.756803035736084
0402,0.73704486,0.7526404857635498
0402,0.73991277,0.7370303869247437
0402,0.74010035,0.8787630796432495
0402,0.74062784,0.7918121814727783
0402,0.74246605,0.7373866438865662
0402,0.74775942,0.7433717846870422
0402,0.74975179,0.7287571430206299
0402,0.75000692,0.7792791128158569
0402,0.75300502,0.9825626015663147
0402,0.76006526,0.8810584545135498
0402,0.76085216,0.754429042339325
0402,0.76170679,0.7665985822677612
0402,0.76352455,0.7888608574867249
0402,0.76737914,0.8971638083457947
0402,0.76798359,0.7711067199707031
0402,0.76815885,0.746391236782074
0402,0.76940219,0.767371416091919
0402,0.76953624,0.7630123496055603
0402,0.77088622,0.7811825275421143
0402,0.77966641,0.8007537722587585
0402,0.78090177,0.7853943705558777
0402,0.78185628,0.8017542362213135
0402,0.78197386,0.7693156003952026
0402,0.78288231,0.84579998254776
0402,0.78358687,0.7867276072502136
0402,0.78424664,0.7752969264984131
0402,0.78713527,0.7793270945549011
0402,0.78753804,0.7917847037315369
0402,0.78836808,0.799978494644165
0402,0.78883476,0.7983114719390869
0402,0.79005826,0.8112441301345825
0402,0.79393002,0.805230438709259
0402,0.79432461,0.8861010074615479
0402,0.79597067,0.8007181882858276
0402,0.79656664,0.7993124723434448
0402,0.79775357,0.8340278267860413
0402,0.79777564,0.8287867903709412
0402,0.80024919,0.7961616516113281
0402,0.80231774,0.8401537537574768
0402,0.80256557,0.8480111360549927
0402,0.80783216,0.815185010433197
0402,0.80871304,0.7949548363685608
0402,0.80899677,0.8027381300926208
0402,0.80986447,0.813450813293457
0402,0.81333284,0.734525203704834
0402,0.81569634,0.8109878897666931
0402,0.817778,1.273108720779419
0402,0.81784319,0.8448691964149475
0402,0.82050089,0.7941352725028992
0402,0.82231571,0.8232676982879639
0402,0.82277386,0.8063149452209473
0402,0.82332537,0.8559931516647339
0402,0.82344106,0.8559931516647339
0402,0.82423575,0.851098895072937
0402,0.82446234,0.8480111360549927
0402,0.82548797,0.8877664804458618
0402,0.82822304,0.8883633017539978
0402,0.83108457,0.850587010383606
0402,0.83738304,1.072211503982544
0402,0.8378065,0.8063149452209473
0402,0.83904641,0.8561283946037292
0402,0.84211317,0.9495044946670532
0402,0.84507827,0.8025672435760498
0402,0.84699351,1.8530492782592773
0402,0.84805439,0.8333083987236023
0402,0.84913381,1.0111140012741089
0402,0.84944009,1.464463710784912
0402,0.85117659,0.8617804646492004
0402,0.85128394,0.9652947187423706
0402,0.85153192,0.857964813709259
0402,0.85300785,0.8544318675994873
0402,0.85319514,0.8026399612426758
0402,0.85325872,1.944933295249939
0402,0.85409726,0.8165714144706726
0402,0.85647404,0.8322553634643555
0402,0.85721202,0.8141549229621887
0402,0.8579996,1.636705756187439
0402,0.85823987,1.0599181652069092
0402,0.85853992,0.9144645929336548
0402,0.86210845,0.7306972742080688
0402,0.86250399,1.5168877840042114
0402,0.86473577,0.8347938656806946
0402,0.86867382,1.592274785041809
0402,0.87618222,0.7555109858512878
0402,0.87746504,0.8653770089149475
0402,0.88403415,0.8358723521232605
0402,0.89156797,0.8987404704093933
0402,0.8933413,0.8546741604804993
0402,0.89966584,1.1075770854949951
0402,0.90076852,1.3394817113876343
0402,0.90558202,0.7947201728820801
0402,0.90764649,1.1847131252288818
0402,0.91748814,0.8055825233459473
0402,0.91819749,1.0702369213104248
0402,0.92291361,0.8729527592658997
0402,0.92312329,1.0998890399932861
0402,0.92374147,0.8357336521148682
0402,0.92563407,1.4185736179351807
0402,0.92783986,0.9833881258964539
0402,0.9282607,1.3732200860977173
0402,0.94553626,1.1273359060287476
0402,0.96242077,0.8719304800033569
0402,0.96900207,1.2191904783248901
0402,0.97949456,0.8372527360916138
0402,0.99977758,1.1668177843093872
0402,1.0249727,1.3286761045455933
0402,1.0476175,0.9288656115531921
0402,1.0950115,1.0222198963165283
0402,1.1023814,1.348339557647705
0402,1.1094402,1.8045345544815063
0402,1.1173345,1.4164049625396729
0402,1.1414785,0.9825408458709717
0402,1.1476754,0.8685406446456909
0402,1.2104656,2.1175012588500977
0402,1.2345824,0.9672467112541199
0402,1.2620128,0.9269679188728333
0402,1.26976977,1.2210205793380737
0402,1.2754386,1.5235679149627686
0402,1.3107404,1.545008897781372
0402,1.34894477,1.4645416736602783
0402,1.4332687,1.6727041006088257
0402,1.4866262,1.3657112121582031
0402,1.5891627,2.2939374446868896
0402,1.6088774,2.0496246814727783
0402,1.672887,1.4663994312286377
0402,1.6736861,1.1900532245635986
0402,1.681565,2.0662314891815186
0402,1.6843026,1.7355172634124756
0402,1.7004025,1.5095278024673462
0402,1.725859,1.7023850679397583
0402,1.7343789,2.613471508026123
0402,1.7542168,1.437337040901184
0402,1.7674095,2.0662314891815186
0402,1.7693819,1.1586109399795532
0402,1.7728346,2.152679204940796
0402,1.8657753,1.084546446800232
0402,1.8695909,1.6012054681777954
0402,1.9021141,2.0338737964630127
0402,1.9664525,1.8932729959487915
0402,1.9794546,1.762221336364746
0402,2.0153468,1.5223512649536133
0402,2.1066954,2.0231754779815674
0402,2.1642575,1.578713059425354
0402,2.1662297,1.1253316402435303
0402,2.284976,2.589583396911621
0402,2.3166316,1.9183136224746704
0402,2.3440535,1.8190531730651855
0402,2.3561036,2.0390067100524902
0402,2.3731353,2.211683988571167
0402,2.476592,1.6849132776260376
0402,2.5783919,1.670304536819458
0402,2.6629462,2.2987375259399414
0402,2.668773,3.2117919921875
0402,2.6798728,1.0059162378311157
0402,2.6850783,3.181877374649048
0402,2.6867847,2.898391008377075
0402,2.7340651,2.014580011367798
0402,2.7705986,2.880872964859009
0402,2.8175248,3.275336503982544
0402,2.8894964,2.7710134983062744
0402,2.9499589,2.276505470275879
0402,2.9562485,4.419806003570557
0402,2.9873136,3.1764638423919678
0402,3.0184475,1.6632211208343506
0402,3.0529196,3.2120938301086426
0402,3.1404403,2.931257486343384
0402,3.170678,3.226527214050293
0402,3.242944,3.617259979248047
0402,3.2433658,3.1610703468322754
0402,3.2753522,2.8221471309661865
0402,3.3802737,3.5410540103912354
0402,3.4644049,2.9599835872650146
0402,3.4890461,3.0444798469543457
0402,3.4999235,1.8691078424453735
0402,3.506944,2.1160335540771484
0402,3.6104334,2.3461480140686035
0402,3.6659742,2.153782844543457
0402,3.7229239,3.127699136734009
0402,3.8553705,4.101431846618652
0402,3.9535408,2.8242902755737305
0402,4.2330094,2.9415194988250732
0402,4.2796945,3.9855079650878906
0402,4.4822954,4.617412090301514
0402,4.568014,1.7064744234085083
0402,4.9903245,4.247997760772705
0402,5.0129609,3.3926937580108643
0402,5.0504752,5.238983631134033
0402,5.1039365,2.331258773803711
0402,5.2175293,5.0559821128845215
0402,5.3483073,3.611762523651123
0048,0.83,1.5301448106765747
0048,7.7,5.057427406311035
0048,7.99,8.62826156616211
0048,0.83,1.8961341381072998
0048,10.19,10.017851829528809
0048,2.96,1.5294125080108643
0048,11.11,10.677345275878906
0048,7.42,6.329829216003418
0048,4.29,6.3561015129089355
0048,0.83,5.033936500549316
0048,4.71,2.8880813121795654
0048,0.67,1.4997882843017578
0048,1.13,0.8434107303619385
0048,0.71,0.8775356411933899
0048,3.14,5.057427406311035
0048,10.94,10.677345275878906
0048,0.82,1.950472354888916
0048,0.72,1.7609704732894897
0048,1.14,2.201584815979004
0048,0.83,1.4496911764144897
0048,0.7,0.7082945108413696
0048,0.64,1.577812671661377
0048,0.64,0.6922031044960022
0048,7.47,7.683902263641357
0048,8.05,6.204485893249512
0048,6.99,6.458507537841797
0048,7.35,7.725020885467529
0048,6.81,6.605012893676758
0048,0.82,0.6234280467033386
0048,4.45,4.4556169509887695
0048,9.14,9.329103469848633
0048,6.73,7.075323581695557
0048,0.65,1.0441056489944458
0048,9.15,9.310752868652344
0048,0.84,0.9720479846000671
0048,11.3,9.655165672302246
0048,0.92,0.974312424659729
0048,7.52,7.891463279724121
0048,5.27,5.090785503387451
0048,0.64,0.9826532602310181
0048,0.64,0.6492869257926941
0048,0.74,1.7149083614349365
0048,4.32,4.4556169509887695
0048,0.7,0.7554197907447815
0048,4.84,3.9944605827331543
0048,0.72,2.5012855529785156
0048,4.13,3.674163341522217
0048,0.7,0.6426646113395691
0048,13.5,12.604501724243164
0048,1.77,1.2179909944534302
0048,0.81,2.2717103958129883
0048,0.66,0.7263988256454468
0048,8.07,7.840381622314453
0048,10.68,8.931780815124512
0048,0.82,0.8575454354286194
0048,0.6,0.5909178853034973
0048,11.07,9.655165672302246
0048,0.67,0.6833639144897461
0048,9.49,5.1207275390625
0048,1.53,1.2277545928955078
0048,0.82,0.7660307884216309
0048,10.9,10.191133499145508
0048,0.83,3.1230833530426025
0048,12.51,12.419461250305176
0048,1.27,3.2902700901031494
0048,0.74,0.6967319846153259
0048,3.73,3.1367077827453613
0048,0.62,0.6332688331604004
0048,0.63,0.6313203573226929
0048,0.93,1.666671872138977
0048,0.64,0.6455036401748657
0048,3.66,2.2984297275543213
0048,0.62,0.5479995608329773
0048,0.82,0.7584937214851379
0048,0.63,0.6388236880302429
0048,6.96,6.9494428634643555
0048,0.6,0.607150137424469
0048,0.79,0.6850153803825378
0048,7.45,7.786868572235107
0048,0.6,2.3503103256225586
0048,1.59,2.816908121109009
0048,0.84,3.141533136367798
0048,0.64,0.649039626121521
0048,0.83,0.940436840057373
0048,0.71,0.6866411566734314
0048,14.02,12.625099182128906
0048,0.68,1.3225231170654297
0048,0.64,0.6404305696487427
0048,0.62,0.6414002180099487
0048,4.54,2.026655912399292
0048,0.81,0.8809407353401184
0048,3.52,4.340033531188965
0048,0.7,0.7461927533149719
0048,4.61,3.7373898029327393
0048,8.19,7.600286960601807
0048,1.54,1.3408386707305908
0048,0.64,0.6358222961425781
0048,12.07,12.229130744934082
0048,0.67,0.6496480107307434
0048,1.08,1.3664461374282837
0048,8.44,7.515598297119141
0048,0.83,0.8538972735404968
0048,0.64,0.6823081970214844
0048,4.93,2.8814282417297363
0048,0.64,0.6451286673545837
0048,1.65,1.120478630065918
0048,9.23,12.466819763183594
0048,8.07,7.666576385498047
0048,5.67,5.655769348144531
0048,3.82,0.8734855651855469
0048,1.24,1.5857270956039429
0048,10.97,7.464484691619873
0048,2.96,2.8120944499969482
0048,0.82,2.8629112243652344
0048,0.62,0.6426888704299927
0048,9.28,9.269535064697266
0048,0.65,0.6548477411270142
0048,0.65,0.6511098146438599
0048,0.64,0.7058581113815308
0048,0.82,0.8964492082595825
0048,5.73,4.654372692108154
0048,8.17,6.908923149108887
0048,11.08,10.191133499145508
0048,3.36,3.2854676246643066
0048,1.2,0.8467624187469482
0048,0.82,0.8208009600639343
0048,7.53,7.869817733764648
0048,12.48,12.19558048248291
0048,0.78,0.7211872935295105
0048,4.4,4.303438186645508
0048,0.82,0.8988929390907288
0048,9.19,9.373411178588867
0048,11.87,11.567069053649902
0048,10.02,10.274364471435547
0048,5.53,3.3821945190429688
0048,7.67,7.45842981338501
0048,9.47,4.966804504394531
0048,0.83,0.9530351161956787
0048,13.94,12.274669647216797
0048,4.86,8.751275062561035
0048,0.64,0.6249490976333618
0048,0.76,1.849879264831543
0048,6.31,3.088045120239258
0048,0.69,0.5989212393760681
0048,0.82,4.028478145599365
0048,7.13,7.637050628662109
0048,4.73,5.807023048400879
0048,1.29,1.3647284507751465
0048,4.91,4.498171329498291
0048,5.2,3.8101894855499268
0048,0.66,1.3260451555252075
0048,0.6,0.578295111656189
0048,0.58,0.5467259287834167
0048,0.59,0.594926118850708
0048,10.84,10.579383850097656
0048,0.68,1.0811362266540527
0048,0.55,0.6539122462272644
0048,8.17,7.729540824890137
0048,0.66,0.6763591766357422
0048,0.67,0.6622543334960938
0048,0.82,2.0557773113250732
0048,0.74,0.6776187419891357
0048,10.54,10.560246467590332
0048,0.71,0.7968453168869019
0048,9.32,9.133747100830078
0048,5.47,3.831672191619873
0048,0.82,0.7421121597290039
0048,6.32,3.3166089057922363
0048,8.63,7.975127220153809
0048,9.45,10.847559928894043
0048,1.4,1.421608328819275
0048,0.65,0.6282708644866943
0048,0.67,0.8754650354385376
0048,0.56,0.5758278369903564
0048,1.24,0.802669107913971
0048,0.68,9.48287582397461
0048,13.87,11.921670913696289
0048,0.67,0.7245973348617554
0048,4.21,1.7798235416412354
0048,9.25,6.961731433868408
0048,0.62,0.6208562254905701
0048,6.31,7.093226909637451
0048,9.34,9.337822914123535
0048,0.77,0.9595337510108948
0048,7.48,7.405596733093262
0048,0.69,2.333859443664551
0048,0.64,0.6973106861114502
0048,7.46,4.862523555755615
0048,0.67,0.7800633907318115
0048,7.54,7.891463279724121
0048,0.6,0.6241515874862671
0048,5.67,3.763127326965332
0048,2.89,2.9953792095184326
0048,0.82,0.790537416934967
0048,1.27,1.4846992492675781
0048,0.64,0.6420258283615112
0048,0.65,0.7061671614646912
0048,1.01,0.8989705443382263
0048,4.1,1.4821839332580566
0048,0.81,0.9207737445831299
0048,0.64,0.6584162712097168
0048,3.0,4.600584983825684
0048,0.63,0.6748020648956299
0048,4.28,1.9839577674865723
0048,0.62,0.5314540863037109
0048,0.74,0.689157247543335
0048,0.62,0.6088294386863708
0048,3.38,3.2908413410186768
0048,5.1,5.246833324432373
0048,4.1,3.4198050498962402
0048,0.69,0.676117479801178
0048,0.65,0.6953705549240112
0048,5.67,5.700913429260254
0048,0.7,0.7095268368721008
0048,0.64,0.617020308971405
0048,0.67,0.6428862810134888
0048,7.27,5.823601245880127
0048,6.57,6.79632043838501
0048,0.83,0.9238385558128357
0048,0.83,0.8520442247390747
0048,0.67,0.6906806230545044
0048,0.54,0.5811632871627808
0048,0.64,0.6584162712097168
0048,4.41,2.7599735260009766
0048,0.59,0.6187776923179626
0048,0.82,1.9734258651733398
0048,0.6,0.4946666657924652
0048,12.44,12.535357475280762
0048,0.78,2.5505518913269043
0048,5.05,6.895964622497559
0048,0.64,0.632728099822998
0048,5.43,4.133607387542725
0048,0.63,0.6276585459709167
0048,0.63,0.7305697202682495
0048,9.69,10.14828109741211
0048,3.35,6.3561015129089355
0048,0.59,0.863806426525116
0048,0.64,0.641971230506897
0048,11.2,9.311301231384277
0048,0.57,1.959325909614563
0048,1.33,1.2057826519012451
0048,5.24,3.463064670562744
0048,0.76,0.600064218044281
0048,8.73,9.51286792755127
0048,0.88,0.8928695321083069
0048,3.68,1.7769490480422974
0048,0.82,1.809413194656372
0048,0.61,2.158574342727661
0048,0.86,1.9974828958511353
0048,0.63,0.7296103835105896
0048,1.48,3.1155147552490234
0048,4.1,2.301915407180786
0048,0.66,0.635857880115509
0437,1.7094999999999998,6.506850242614746
0437,1.777,7.707943439483643
0437,1.944,3.655691623687744
0437,2.1085000000000003,2.5322158336639404
0437,2.4896666670000003,5.646999835968018
0437,2.766,3.307954788208008
0437,2.859,4.28993558883667
0437,2.896,5.347625255584717
0437,3.1075,5.12999963760376
0437,5.962000000000001,6.7242512702941895
0437,5.981,4.942673683166504
0437,6.061000000000001,8.543632507324219
0437,6.386,8.064407348632812
0437,6.415,5.98622989654541
0437,6.476,6.207699298858643
0437,6.496,7.466915607452393
0437,6.531000000000001,6.700304985046387
0437,6.598,9.185636520385742
0437,6.604,6.214059352874756
0437,6.624,6.708889484405518
0437,6.8100000000000005,6.653543949127197
0437,6.893,7.736911296844482
0437,6.941,7.85167121887207
0437,7.0225,6.826229572296143
0437,7.049,7.643759727478027
0437,7.114,7.478914260864258
0437,7.124,10.537336349487305
0437,7.142,6.97838020324707
0437,7.1850000000000005,8.414386749267578
0437,7.194,7.993805408477783
0437,7.2045,7.193388938903809
0437,7.275,5.957691669464111
0437,7.337000000000001,7.820867538452148
0437,7.337000000000001,8.104146957397461
0437,7.388,7.770072937011719
0437,7.411,6.994261264801025
0437,7.447,8.343215942382812
0437,7.484,7.685678958892822
0437,7.519,8.67192554473877
0437,7.629,6.993860244750977
0437,7.649,7.263115882873535
0437,7.66,7.240711688995361
0437,7.667,8.205583572387695
0437,7.75,6.627374172210693
0437,7.751,7.965176105499268
0437,7.753,7.303406238555908
0437,7.802,8.57623291015625
0437,7.8135,10.228899002075195
0437,7.818,8.109272003173828
0437,7.8645,8.28951358795166
0437,7.867,9.13095760345459
0437,7.912999999999999,10.796764373779297
0437,7.919,10.157798767089844
0437,8.043,8.348365783691406
0437,8.086,9.49576187133789
0437,8.1685,8.425597190856934
0437,8.1845,8.446653366088867
0437,8.25,7.976049900054932
0437,8.281,7.892246723175049
0437,8.369,10.195520401000977
0437,8.3765,8.331092834472656
0437,8.378,8.657936096191406
0437,8.388,6.784294128417969
0437,8.394,8.6015625
0437,8.395,10.276774406433105
0437,8.415,6.086353778839111
0437,8.4675,8.93901538848877
0437,8.47,9.227935791015625
0437,8.48,9.155410766601562
0437,8.538499999999999,9.647951126098633
0437,8.550999999999998,9.87208080291748
0437,8.550999999999998,7.710544109344482
0437,8.552999999999999,9.354711532592773
0437,8.568000000000001,7.881737232208252
0437,8.610000000000001,9.622264862060547
0437,8.675,9.187533378601074
0437,8.681999999999999,9.079870223999023
0437,8.744,10.163272857666016
0437,8.751,8.307133674621582
0437,8.757,9.222187042236328
0437,8.763,9.116313934326172
0437,8.775,9.057764053344727
0437,8.788,13.274520874023438
0437,8.8005,10.037447929382324
0437,8.804,9.162309646606445
0437,8.8435,10.29714298248291
0437,8.895000000000001,10.438228607177734
0437,8.91,9.285514831542969
0437,8.925999999999998,10.978787422180176
0437,8.972000000000001,6.689088344573975
0437,8.985000000000001,9.317097663879395
0437,9.032,8.210369110107422
0437,9.0875,7.877431392669678
0437,9.088,8.505841255187988
0437,9.097,8.73460578918457
0437,9.159,10.649617195129395
0437,9.1825,9.03768539428711
0437,9.227,10.986059188842773
0437,9.254,10.60744857788086
0437,9.262,11.154417991638184
0437,9.27,9.555537223815918
0437,9.318,9.190539360046387
0437,9.3805,8.801469802856445
0437,9.43,10.67303466796875
0437,9.451,10.665853500366211
0437,9.451,9.652450561523438
0437,9.553,10.070415496826172
0437,9.563,10.423773765563965
0437,9.583,10.927281379699707
0437,9.594,10.49495792388916
0437,9.604,10.181947708129883
0437,9.614,9.103389739990234
0437,9.626,9.245857238769531
0437,9.636,10.51843547821045
0437,9.691,10.624756813049316
0437,9.715,8.871014595031738
0437,9.72,9.748379707336426
0437,9.82,10.166282653808594
0437,9.855,9.13250732421875
0437,9.877,13.461915969848633
0437,9.968,8.773494720458984
0437,10.019,10.715842247009277
0437,10.13,10.120795249938965
0437,10.165,9.836321830749512
0437,10.186,11.737565040588379
0437,10.251,9.73045825958252
0437,10.303,10.4293212890625
0437,10.321,10.819295883178711
0437,10.352,9.51540756225586
0437,10.383,12.540279388427734
0437,10.393,11.60248851776123
0437,10.403,9.203454971313477
0437,10.403,8.172163963317871
0437,10.414,12.274478912353516
0437,10.459,8.89033317565918
0437,10.484,9.290350914001465
0437,10.596,14.66037368774414
0437,10.62,9.987871170043945
0437,10.678,10.029176712036133
0437,10.727,10.823545455932617
0437,10.749,12.271567344665527
0437,10.776,11.566572189331055
0437,10.787,9.240540504455566
0437,10.819,12.836082458496094
0437,10.8425,12.500950813293457
0437,10.858,11.290152549743652
0437,10.88,12.42588996887207
0437,10.91,10.190543174743652
0437,10.939,10.727738380432129
0437,10.973,11.666959762573242
0437,10.983,11.344136238098145
0437,10.994,11.948124885559082
0437,11.056,10.678030967712402
0437,11.082,10.369830131530762
0437,11.149,11.501646041870117
0437,11.149,11.362892150878906
0437,11.152,12.175739288330078
0437,11.386,11.05236530303955
0437,11.436,9.256402969360352
0437,11.501,12.566752433776855
0437,11.5155,9.4990234375
0437,11.522,11.108214378356934
0437,11.646,10.88858699798584
0437,11.75,9.463854789733887
0437,11.77,10.57112979888916
0437,11.782,10.14466381072998
0437,11.82,10.076803207397461
0437,11.843,12.164294242858887
0437,11.881,11.773704528808594
0437,11.946,14.990102767944336
0437,12.024,12.048362731933594
0437,12.029,11.337324142456055
0437,12.029,12.564539909362793
0437,12.091,12.002544403076172
0437,12.185,13.406194686889648
0437,12.213,10.940095901489258
0437,12.226,12.16859245300293
0437,12.267,11.288752555847168
0437,12.267,11.172170639038086
0437,12.296,12.945830345153809
0437,12.309,9.999464988708496
0437,12.316,12.31185531616211
0437,12.4065,12.071013450622559
0437,12.448,14.534374237060547
0437,12.528,11.516823768615723
0437,12.547,11.753548622131348
0437,12.573,12.080052375793457
0437,12.65,11.76927661895752
0437,12.702,11.902236938476562
0437,12.791,12.042585372924805
0437,12.972,12.763571739196777
0437,13.105,13.770160675048828
0437,13.126,14.823291778564453
0437,13.175999999999998,9.842348098754883
0437,13.216,13.366708755493164
0437,13.324000000000002,11.161474227905273
0437,13.458,12.314967155456543
0437,13.501,13.782682418823242
0437,13.707,12.097689628601074
0437,13.717,14.142611503601074
0437,13.769,13.577879905700684
0437,13.821,11.761735916137695
0437,13.862,12.82202434539795
0437,13.865,13.44126033782959
0437,14.131,12.460577011108398
0437,14.198,15.127617835998535
0437,14.256,12.549825668334961
0437,14.276,10.891074180603027
0437,14.309,12.848361015319824
0437,14.328,15.267483711242676
0437,14.39,11.986337661743164
0437,14.478,15.063460350036621
0437,14.759,14.970489501953125
0437,14.877,11.348918914794922
0437,15.01,14.04184341430664
0437,15.099,14.40494441986084
0437,15.149,11.883798599243164
0437,15.167,12.054049491882324
0437,15.167,15.214517593383789
0437,15.239,13.79677963256836
0437,15.474,13.195954322814941
0437,15.706,14.682955741882324
0437,15.892,12.109079360961914
0437,15.901,12.791540145874023
0437,16.15,15.760319709777832
0437,16.669,15.562952995300293
0437,16.739,16.868009567260742
0437,16.811,15.897140502929688
0437,17.005,16.815107345581055
0437,17.023,15.865259170532227
0437,17.124000000000002,11.63988971710205
0437,17.144000000000002,11.556473731994629
0437,17.548000000000002,16.948026657104492
0437,17.579,14.410613059997559
0437,17.618,16.071409225463867
0437,17.683,13.888825416564941
0437,17.841,16.41903305053711
0437,18.439,15.956990242004395
0437,18.461,14.570419311523438
0437,21.224,17.766260147094727
0437,21.395,17.231494903564453
0187,0.77,1.5474681854248047
0187,0.736666667,0.6936002969741821
0187,0.796666667,0.7669888138771057
0187,0.76,0.7163965106010437
0187,1.42,1.4014636278152466
0187,0.743333333,0.736359715461731
0187,0.743333333,0.8007140159606934
0187,0.746666667,0.7780694961547852
0187,0.716666667,0.8060632944107056
0187,0.78,0.7522570490837097
0187,0.933333333,0.9186469912528992
0187,0.956666667,3.0709388256073
0187,0.726666667,0.7514824271202087
0187,0.793333333,0.757561445236206
0187,0.73,0.754883348941803
0187,0.776666667,0.7441123127937317
0187,0.766666667,0.8257144093513489
0187,0.823333333,1.6816129684448242
0187,4.16,3.2784500122070312
0187,2.973333333,1.956380844116211
0187,1.38,1.0475430488586426
0187,3.893333333,3.7332472801208496
0187,2.713333333,2.7150914669036865
0187,0.773333333,0.7928774356842041
0187,0.856666667,0.8913524150848389
0187,0.686666667,0.9315115213394165
0187,0.756666667,0.8110799193382263
0187,0.743333333,0.7356358766555786
0187,0.786666667,0.7650352120399475
0187,0.8,1.3133512735366821
0187,0.903333333,0.9347988367080688
0187,0.77,0.7632573843002319
0187,0.673333333,0.6739619970321655
0187,0.74,0.7148686647415161
0187,0.743333333,0.7185068726539612
0187,0.8,0.806691586971283
0187,0.75,0.7588074207305908
0187,0.76,0.9539281725883484
0187,3.993333333,4.236093521118164
0187,0.653333333,0.8912094831466675
0187,5.643333333,4.902700424194336
0187,0.816666667,0.969147801399231
0187,0.773333333,0.7369517087936401
0187,0.813333333,0.75538170337677
0187,0.696666667,0.6986929178237915
0187,0.756666667,0.8727467656135559
0187,0.733333333,0.6964365243911743
0187,0.69,0.7149110436439514
0187,0.806666667,0.7776429057121277
0187,1.013333333,0.7203236222267151
0187,0.71,0.721453845500946
0187,2.716666667,2.742722272872925
0187,0.743333333,0.6945679187774658
0187,0.8,0.7504414319992065
0187,0.753333333,0.8088547587394714
0187,0.91,0.9112923741340637
0187,0.68,0.6969168186187744
0187,0.753333333,0.7217704653739929
0187,0.686666667,0.7270276546478271
0187,0.76,0.7234124541282654
0187,0.883333333,0.7838367819786072
0187,1.33,0.7155116200447083
0187,0.943333333,0.9544548392295837
0187,0.716666667,0.7217135429382324
0187,0.766666667,2.5622332096099854
0187,1.426666667,1.4019078016281128
0187,0.676666667,0.6838815808296204
0187,0.696666667,0.9053391814231873
0187,0.98,3.1733739376068115
0187,0.676666667,0.6552721261978149
0187,0.713333333,0.7184289693832397
0187,0.746666667,0.8919238448143005
0187,0.74,0.7960414886474609
0187,0.666666667,0.6821410655975342
0187,1.073333333,0.9078086614608765
0187,0.823333333,3.9753899574279785
0187,0.736666667,0.737996518611908
0187,0.723333333,0.7698460817337036
0187,0.773333333,0.7432258129119873
0187,0.676666667,0.3135437071323395
0187,0.783333333,0.8623586297035217
0187,0.783333333,1.1821633577346802
0187,0.73,0.7856884002685547
0187,0.746666667,0.8847121000289917
0187,0.83,0.7765688300132751
0187,0.733333333,0.827674925327301
0187,0.766666667,1.1717122793197632
0187,0.706666667,0.8220747709274292
0187,0.863333333,0.7436959743499756
0187,0.75,0.7716736197471619
0187,0.743333333,0.7694898247718811
0187,1.226666667,0.92337566614151
0187,0.746666667,0.7994868159294128
0187,0.753333333,0.8196752667427063
0187,0.7,0.9075127840042114
0187,0.78,0.7499489784240723
0187,0.78,0.7704598903656006
0187,0.72,0.790348470211029
0187,0.753333333,0.7437890768051147
0187,0.826666667,0.8430158495903015
0187,0.883333333,0.7912687063217163
0187,0.826666667,0.7553229331970215
0187,0.716666667,0.7827849984169006
0187,0.863333333,0.7686273455619812
0187,1.79,1.0607589483261108
0187,0.756666667,1.0648248195648193
0187,0.71,0.7812928557395935
0187,0.96,0.8398272395133972
0187,9.916666667,12.298506736755371
0187,0.753333333,0.7395401000976562
0187,0.886666667,0.8153520822525024
0187,0.743333333,0.7262758016586304
0187,0.77,1.5120880603790283
0187,0.68,0.6821410655975342
0187,0.77,0.7494935989379883
0187,0.743333333,0.7425177097320557
0187,6.346666667,2.2795283794403076
0187,0.79,0.819918155670166
0187,1.003333333,1.0322480201721191
0187,0.676666667,0.6969168186187744
0187,0.816666667,1.099051833152771
0187,0.74,0.7367746233940125
0187,0.963333333,0.7432343363761902
0187,1.256666667,1.133318543434143
0187,0.816666667,1.218657374382019
0187,0.756666667,0.7451955676078796
0187,0.71,0.7192642688751221
0187,0.903333333,1.0613996982574463
0187,0.74,0.7550098896026611
0187,1.263333333,0.9862088561058044
0187,0.763333333,0.7973476052284241
0187,1.796666667,1.4544049501419067
0187,0.673333333,0.8245836496353149
0187,0.836666667,0.8584442734718323
0187,0.886666667,0.886978268623352
0187,0.726666667,0.7710617184638977
0187,0.723333333,0.7170306444168091
0187,0.74,0.8860186338424683
0187,0.89,0.7912687063217163
0187,0.726666667,0.718288242816925
0187,2.533333333,1.1073496341705322
0187,0.72,0.7530053853988647
0187,0.746666667,0.7666393518447876
0187,0.676666667,0.7552972435951233
0187,9.41,8.67317008972168
0187,0.666666667,0.7987224459648132
0187,0.833333333,3.301161527633667
0187,0.756666667,0.9951175451278687
0187,0.706666667,0.6678969264030457
0187,0.856666667,0.8296352624893188
0187,0.763333333,1.0712344646453857
0187,0.78,0.7495394945144653
0187,0.7,0.681743860244751
0187,0.73,0.7579795718193054
0187,4.393333333,10.092761993408203
0187,0.79,1.2887173891067505
0187,0.793333333,0.7623710632324219
0187,0.74,0.7727177143096924
0187,0.72,0.7975173592567444
0187,5.946666667,2.9000601768493652
0187,0.76,0.7649850249290466
0187,7.18,7.1942458152771
0187,0.896666667,0.9481133818626404
0187,9.046666667,9.42448902130127
0187,4.556666667,3.95347261428833
0187,3.71,3.8773128986358643
0187,4.203333333,4.147645473480225
0187,5.38,5.057948112487793
0187,2.013333333,2.0829436779022217
0187,5.406666667,4.500990867614746
0187,8.446666667,8.346206665039062
0187,9.603333333,9.19833755493164
0187,8.67,7.43422269821167
0187,6.473333333,7.335623741149902
0187,0.97,0.8935832977294922
0187,0.76,0.7871481776237488
0187,5.193333333,4.191734790802002
0187,10.69333333,6.558193683624268
0187,4.973333333,2.6344447135925293
0187,1.02,0.9837420582771301
0187,1.296666667,1.5381054878234863
0187,4.633333333,4.242880344390869
0187,0.78,0.7846205830574036
0187,0.716666667,0.7107354998588562
0187,0.716666667,0.7177956700325012
0187,0.736666667,0.7297245860099792
0187,0.736666667,0.7297245860099792
0187,0.716666667,0.7134792804718018
0187,0.723333333,0.7176451086997986
0187,0.72,0.7247874736785889
0187,0.71,0.711970329284668
0187,0.71,0.7138738036155701
0187,0.71,0.711970329284668
0187,0.72,0.7381332516670227
0187,0.72,0.715870201587677
0187,0.72,0.7367627620697021
0187,0.72,0.7187302708625793
0187,0.71,0.7173882722854614
0187,0.763333333,0.7540740370750427
0187,0.766666667,0.7609899640083313
0187,0.713333333,0.7191258072853088
0187,0.723333333,0.7143427729606628
0187,0.733333333,0.7346142530441284
0187,0.713333333,0.7197989821434021
0187,0.713333333,0.7198963761329651
0187,0.713333333,0.7168755531311035
0187,14.57666667,13.340459823608398
0187,5.323333333,4.8418779373168945
0187,9.253333333,9.978419303894043
0187,16.86666667,13.935697555541992
0187,13.18,12.084120750427246
0187,11.93,12.41262149810791
0187,16.88,16.70783805847168
0187,6.103333333,4.723481178283691
0187,8.273333333,8.747666358947754
0187,10.07,10.952713966369629
0187,15.37666667,13.636756896972656
0187,7.47,6.66521692276001
0187,11.17666667,14.29090404510498
0187,14.71333333,15.772167205810547
0187,15.73666667,16.21728515625
0187,10.53666667,14.795916557312012
0187,9.993333333,9.345261573791504
0187,9.446666667,8.51331615447998
0187,14.2,13.302388191223145
0187,15.30666667,14.305737495422363
0187,7.303333333,6.87235164642334
0187,16.72333333,16.857099533081055
0187,17.80333333,13.007506370544434
0187,15.17,15.876819610595703
0187,15.17666667,13.223238945007324
0187,11.15,9.269397735595703
0187,15.97,13.98529052734375
0187,14.06333333,14.538650512695312
0187,7.243333333,6.874213695526123
0187,8.123333333,9.537765502929688
0264,5.877533467,3.8392293453216553
0264,5.9632665,6.234776496887207
0264,2.3994166,2.079251766204834
0264,2.21865005,2.2927510738372803
0264,0.912660033,1.00962495803833
0264,0.941068333,1.263511061668396
0264,1.686500033,1.7188478708267212
0264,2.635216783,2.0018856525421143
0264,2.414583333,2.4021544456481934
0264,2.379016617,2.3246123790740967
0264,1.287284983,1.5848698616027832
0264,3.248016617,1.88687264919281
0264,2.21721675,2.247635841369629
0264,0.439758333,0.5129261612892151
0264,0.496936667,0.44942334294319153
0264,2.04505005,1.784382700920105
0264,1.35903995,1.4107578992843628
0264,1.77316665,1.8795360326766968
0264,1.403923283,1.633833885192871
0264,6.546416733,6.536689281463623
0264,1.393575033,1.3823364973068237
0264,1.7568334,1.5970515012741089
0264,1.61946665,1.7104359865188599
0264,1.705050017,2.27897047996521
0264,1.910866667,1.3998483419418335
0264,1.31971665,1.8534860610961914
0264,1.95685005,1.7824584245681763
0264,2.172000117,2.3030242919921875
0264,2.0156334,2.086915969848633
0264,1.549653367,1.5373729467391968
0264,1.3369484,1.9587059020996094
0264,1.074541733,1.1317635774612427
0264,1.551051717,1.8186466693878174
0264,1.270948283,1.8373876810073853
0264,2.388550067,2.0231547355651855
0264,2.095783367,2.435532569885254
0264,0.8500033,1.2598953247070312
0264,1.373619967,1.6333051919937134
0264,1.396331667,1.5276402235031128
0264,1.60496495,1.7077481746673584
0264,1.788600033,1.6150251626968384
0264,1.4371966,1.7078478336334229
0264,1.865083317,1.6061640977859497
0264,1.691600033,1.7567951679229736
0264,1.083766683,1.1455297470092773
0264,5.4030833,4.763640403747559
0264,0.737718333,1.2822928428649902
0264,1.701933283,1.6625936031341553
0264,1.592413333,1.714200735092163
0264,1.586715067,1.9655046463012695
0264,3.259833267,2.2059202194213867
0264,5.21629995,5.130661487579346
0264,1.7949,1.7440757751464844
0264,1.946983333,1.2698962688446045
0264,1.013993333,1.9476174116134644
0264,1.318263367,1.7823314666748047
0264,5.489683533,4.4235453605651855
0264,2.1679334,2.0992026329040527
0264,2.8574501,4.327013969421387
0264,4.156283317,3.9231741428375244
0264,4.0699501,4.241122245788574
0264,3.413099917,4.072436332702637
0264,5.60765025,2.782540798187256
0264,2.3520167,3.9791598320007324
0264,3.72173335,3.3152382373809814
0264,3.327366633,3.2054824829101562
0264,2.274866733,2.667766809463501
0264,5.7632665,3.9148552417755127
0264,5.6861501,3.8612334728240967
0264,3.037733467,3.2774569988250732
0264,3.185650133,2.6693453788757324
0264,2.3659167,2.277637481689453
0264,1.798883317,2.50386381149292
0264,6.008399967,5.458707809448242
0264,5.65341645,5.270822525024414
0264,5.456933083,5.050968170166016
0264,1.844150033,1.7524020671844482
0264,6.961800133,6.420008659362793
0264,3.136866767,3.436920404434204
0264,4.3834666,4.685359954833984
0264,2.884100083,2.883336305618286
0264,3.6389501,3.868821859359741
0264,4.029500067,5.172507286071777
0264,3.414499917,3.564549684524536
0264,1.77145005,2.4434804916381836
0264,2.998383333,3.104931116104126
0264,2.150633233,2.0366265773773193
0264,1.0549717,1.015977144241333
0264,3.0608167,3.3481171131134033
0264,3.628766633,3.1856350898742676
0264,5.382766717,4.868651390075684
0264,3.082950083,2.643296003341675
0264,3.514733383,4.123661041259766
0264,5.3282669,4.765956401824951
0264,4.101983383,4.449400424957275
0264,1.866566717,1.7226150035858154
0264,1.79118335,2.5401077270507812
0264,1.576346717,1.6123062372207642
0264,4.9659668,4.446077346801758
0264,5.535850017,5.015019416809082
0264,3.420749917,3.7102363109588623
0264,6.074933367,6.03454065322876
0264,2.742766567,3.1059682369232178
0264,3.024150083,4.053659439086914
0264,2.226599883,4.209695339202881
0264,4.596166483,4.912868499755859
0264,1.060689983,1.3589015007019043
0264,1.827916717,1.6891734600067139
0264,1.108168283,1.4292924404144287
0264,2.9008166,2.8894715309143066
0264,1.850216667,2.5540058612823486
0264,6.339149983,6.248952865600586
0264,5.372816467,3.7621476650238037
0264,4.70505015,4.424191951751709
0264,4.3375,3.6188433170318604
0264,2.159983317,2.904054880142212
0264,4.41148325,4.6666765213012695
0264,0.919529983,0.8060144186019897
0264,2.61716665,1.8862806558609009
0264,2.265133417,2.3719098567962646
0264,2.87691675,3.4468636512756348
0264,2.419550067,2.756014108657837
0264,6.247966517,6.292295932769775
0264,4.970399983,4.043920040130615
0264,3.595833333,2.922123670578003
0264,3.08255005,2.491058826446533
0264,3.483016717,3.7429535388946533
0264,3.995850117,3.6200783252716064
0264,0.978176683,1.110396385192871
0264,2.480166633,2.227731704711914
0264,2.739916733,3.978996992111206
0264,4.096033217,3.900055170059204
0264,6.2670166,6.292295932769775
0264,5.6865331,3.939354181289673
0264,4.156599933,3.7899584770202637
0264,3.576233417,2.7960360050201416
0264,5.2259669,4.205672264099121
0264,2.429449967,2.052177667617798
0264,2.487900033,2.3677978515625
0264,2.601983383,3.6499032974243164
0264,5.5568334,4.950092315673828
0264,0.974951683,2.326794385910034
0264,6.972633367,5.7678422927856445
0264,2.774483233,2.9494688510894775
0264,2.241083267,1.5867583751678467
0264,4.369066867,4.700234413146973
0264,2.8366834,3.020794630050659
0264,4.888733417,4.626698017120361
0264,5.192333483,4.102211952209473
0264,2.209916683,3.7989816665649414
0264,3.159066767,3.526870012283325
0264,0.70213,1.5649789571762085
0264,2.117383317,3.8047564029693604
0264,1.088273367,2.718031406402588
0264,1.13639335,1.450016736984253
0264,0.286693317,0.7379360795021057
0264,0.410148333,0.7925479412078857
0264,0.6114317,0.9598710536956787
0264,0.257973333,1.8621675968170166
0264,0.6615783,1.235381841659546
0264,0.265678333,0.36017701029777527
0264,0.365441667,0.6994048357009888
0264,0.280345,1.7708646059036255
0264,2.303200017,3.0147485733032227
0264,1.40722835,5.493663787841797
0264,0.194166667,1.2239402532577515
0264,0.72039165,1.215213418006897
0264,0.30377165,0.899360179901123
0264,5.337283333,4.95750617980957
0264,3.402466583,3.1953299045562744
0264,3.659100083,3.6746513843536377
0264,3.703616583,3.6224992275238037
0264,1.080641683,1.5982427597045898
0264,4.699883517,1.493802547454834
0264,3.148350017,2.092531204223633
0264,4.794116717,5.3919172286987305
0264,1.828900017,2.985722303390503
0264,3.975700117,3.067415952682495
0264,5.925800067,5.539840221405029
0264,3.590833283,2.9276649951934814
0264,2.96610005,3.2210283279418945
0264,4.601316833,4.1527204513549805
0264,2.194483433,2.2334866523742676
0264,1.868933367,1.6830050945281982
0264,2.242466733,2.1940367221832275
0264,3.5031334,2.3809378147125244
0264,4.960066733,4.507154941558838
0264,6.093116767,5.019251823425293
0264,6.3179835,5.955260753631592
0264,5.8190333,5.22078800201416
0264,4.772899883,4.257476806640625
0264,3.104750067,2.1030147075653076
0264,4.199250033,4.1137847900390625
0264,4.2598999,4.092861652374268
0264,3.67706655,3.254589319229126
0264,3.995316567,3.029499053955078
0264,3.136616767,3.533106803894043
0264,3.319833367,3.029499053955078
0264,2.6653834,2.7352519035339355
0264,2.782816567,3.22255802154541
0264,2.808350117,2.7528655529022217
0264,4.032999933,4.490668773651123
0264,4.84186655,4.369485378265381
0264,4.583716833,4.453303813934326
0264,4.681766767,4.8585615158081055
0264,5.117333483,4.540857791900635
0264,6.834383133,6.133631706237793
0264,6.549366767,5.996600151062012
0264,6.507899983,6.351850986480713
0264,6.10803325,4.194726943969727
0264,4.99523315,5.939653396606445
0264,4.872633367,5.831928730010986
0264,6.3560669,6.182469367980957
0264,6.285300183,6.284090995788574
0264,2.7792834,3.2579071521759033
0264,6.131266783,6.421012878417969
0264,6.2454834,4.3772454261779785
0264,2.197483317,2.028524398803711
0264,3.07879995,2.861057758331299
0264,0.919215017,2.441197156906128
0264,3.177966567,2.939769983291626
0264,2.656716667,2.5267856121063232
0264,2.616750083,2.623241901397705
0264,1.5427583,1.5446691513061523
0264,1.685350033,0.8283896446228027
0264,2.361383317,2.3380491733551025
0264,2.099333317,2.537153720855713
0264,3.01645,1.7240601778030396
0264,2.954299933,2.315427541732788
0264,1.8905833,1.1743476390838623
0264,0.226198333,1.0382150411605835
0264,5.441883333,5.993185997009277
0264,5.998933417,5.435823440551758
0264,2.6045166,2.274160861968994
0264,0.318778317,1.5275285243988037
0401,0.62,0.708557665348053
0401,0.649,0.6337725520133972
0401,0.65,0.8029040694236755
0401,0.653,0.6500451564788818
0401,0.653,0.6450951099395752
0401,0.662,0.8813016414642334
0401,0.663,0.6843101978302002
0401,0.668,0.6310076117515564
0401,0.673,1.5376663208007812
0401,0.676,1.1681103706359863
0401,0.676,0.6768977046012878
0401,0.676,0.6728824377059937
0401,0.676,0.6810052990913391
0401,0.679,0.6739715337753296
0401,0.686,0.7770047187805176
0401,0.686,1.1462947130203247
0401,0.69,0.6433215141296387
0401,0.702,0.8017196655273438
0401,0.703,0.7199636101722717
0401,0.705,0.6871716380119324
0401,0.705888889,0.8112308979034424
0401,0.712,0.7194329500198364
0401,0.713,0.9565402269363403
0401,0.717,2.1931545734405518
0401,0.718,0.7626192569732666
0401,0.72,0.702725350856781
0401,0.72,0.6971035003662109
0401,0.721,1.0676372051239014
0401,0.723,0.7508044242858887
0401,0.724,0.7210525870323181
0401,0.726,0.7402957081794739
0401,0.726,0.7454090118408203
0401,0.732,0.721595048904419
0401,0.732,0.6766231060028076
0401,0.732,0.726046621799469
0401,0.733,0.7370192408561707
0401,0.733,0.7507752776145935
0401,0.733,0.7398326992988586
0401,0.74,3.3899073600769043
0401,0.74,4.23149299621582
0401,0.74,4.23149299621582
0401,0.74,3.370060920715332
0401,0.745,0.778606653213501
0401,0.745,0.8758604526519775
0401,0.747,0.9414558410644531
0401,0.75,2.057438373565674
0401,0.75,0.7737912535667419
0401,0.750444444,1.8721779584884644
0401,0.752,0.7522432208061218
0401,0.756,0.8905457258224487
0401,0.756,0.7884370684623718
0401,0.756,0.8059983849525452
0401,0.761,0.7772941589355469
0401,0.766,0.7660260796546936
0401,0.766,0.8622085452079773
0401,0.767,0.8409015536308289
0401,0.767,0.9273476004600525
0401,0.767,1.0402065515518188
0401,0.767,0.6473533511161804
0401,0.767,1.146513819694519
0401,0.77,0.8127940893173218
0401,0.771,1.1317998170852661
0401,0.772,1.0923423767089844
0401,0.772,1.1584303379058838
0401,0.772,1.0966832637786865
0401,0.774,1.3933576345443726
0401,0.775,0.7931275963783264
0401,0.775,0.7641673684120178
0401,0.783,0.6225845813751221
0401,0.783,0.782829761505127
0401,0.783,0.8804049491882324
0401,0.783,1.2215964794158936
0401,0.783,0.8036153316497803
0401,0.793,1.8027275800704956
0401,0.795,0.8008286356925964
0401,0.797,1.8109875917434692
0401,0.801,0.9275913238525391
0401,0.807,1.0053855180740356
0401,0.811,0.8104107975959778
0401,0.811,0.8014066219329834
0401,0.813,0.8497403264045715
0401,0.814,0.7670787572860718
0401,0.815,0.7552132606506348
0401,0.816,1.3554205894470215
0401,0.818,2.1717610359191895
0401,0.818,0.8955267667770386
0401,0.818,2.242577314376831
0401,0.82,1.615131139755249
0401,0.822,1.611047625541687
0401,0.823,0.7962031364440918
0401,0.823,0.8217065930366516
0401,0.823,0.8152326941490173
0401,0.824,0.9122654795646667
0401,0.825,1.2612414360046387
0401,0.826,2.4520907402038574
0401,0.828,1.6130224466323853
0401,0.829,1.1657843589782715
0401,0.83,1.012204647064209
0401,0.831,1.5196963548660278
0401,0.833,0.835698127746582
0401,0.834,0.7137081623077393
0401,0.836,1.1715998649597168
0401,0.839,1.3268342018127441
0401,0.84,1.5353267192840576
0401,0.84,1.1037919521331787
0401,0.849,1.4657336473464966
0401,0.856,2.064110040664673
0401,0.857,1.1375819444656372
0401,1.121,1.8289837837219238
0401,1.131888889,0.9829608201980591
0401,1.157,1.340482473373413
0401,1.165,0.9463281035423279
0401,1.202,1.4119237661361694
0401,1.207,1.1324193477630615
0401,1.245,0.9262017011642456
0401,1.27,1.3068411350250244
0401,1.353,1.3961414098739624
0401,1.418,1.5900851488113403
0401,1.42,1.5888515710830688
0401,1.422,0.8674749732017517
0401,1.422,0.8674749732017517
0401,1.429,1.6079132556915283
0401,1.438,0.9271108508110046
0401,1.447,3.2683372497558594
0401,1.461,2.2209930419921875
0401,1.489,1.1781657934188843
0401,1.515,1.442964792251587
0401,1.518,1.5237007141113281
0401,1.522,2.066911220550537
0401,1.55,1.9544259309768677
0401,1.594,1.6044483184814453
0401,1.594,1.5991519689559937
0401,1.615,1.476218581199646
0401,1.616,1.5352128744125366
0401,1.62,1.8965017795562744
0401,1.634666667,1.3869155645370483
0401,1.647,1.492954969406128
0401,1.648,1.7472549676895142
0401,1.657,1.6484153270721436
0401,1.657,1.6488441228866577
0401,1.657,1.6894359588623047
0401,1.664,2.119739532470703
0401,1.666,1.4720350503921509
0401,1.666,2.2450411319732666
0401,1.673,1.5151443481445312
0401,1.697,1.4511698484420776
0401,1.711,4.269628524780273
0401,1.721,1.507912278175354
0401,1.75,1.7330998182296753
0401,2.034,2.064147472381592
0401,2.069,3.0333621501922607
0401,2.09,3.0221097469329834
0401,2.108,1.6031469106674194
0401,2.115,1.4891958236694336
0401,2.211,2.3407976627349854
0401,2.214,1.877772331237793
0401,2.275,2.453953742980957
0401,2.37,2.1254830360412598
0401,2.486,1.6203022003173828
0401,2.505111111,2.657797336578369
0401,2.581,2.9168953895568848
0401,2.597,1.3221334218978882
0401,2.599,2.5303773880004883
0401,2.6,1.480427622795105
0401,2.628,1.9284827709197998
0401,2.632,2.963301658630371
0401,2.668,1.8302714824676514
0401,2.676,3.078277111053467
0401,2.716,2.481325626373291
0401,2.772,2.98836350440979
0401,2.794,2.101868152618408
0401,2.795,1.189061164855957
0401,2.804,1.7355514764785767
0401,2.854,2.3831491470336914
0401,2.946,3.065317392349243
0401,2.984,3.9395925998687744
0401,2.995,4.636087417602539
0401,3.064,2.4889473915100098
0401,3.079,2.6896474361419678
0401,3.08,2.948740005493164
0401,3.175,2.4242334365844727
0401,3.196,2.761154890060425
0401,3.224,3.432992458343506
0401,3.255,2.1695961952209473
0401,3.332,2.7865660190582275
0401,3.51,3.1617624759674072
0401,3.582,1.5571273565292358
0401,3.605,3.7217764854431152
0401,3.649,2.822348117828369
0401,3.662,3.836271047592163
0401,3.666,2.956540822982788
0401,3.685,2.99863862991333
0401,3.7425,3.7173068523406982
0401,3.792,3.8063435554504395
0401,3.805,3.7123899459838867
0401,3.823,3.831921100616455
0401,3.823,3.8516132831573486
0401,3.909,3.6196486949920654
0401,3.981,3.788808584213257
0401,4.0,4.424931526184082
0401,4.02,1.6002451181411743
0401,4.058,3.171635627746582
0401,4.245,3.78344988822937
0401,4.245,0.9010128974914551
0401,4.259,4.442412376403809
0401,4.29,2.440678119659424
0401,4.29,2.4691691398620605
0401,4.29,2.458129644393921
0401,4.29,0.7377942800521851
0401,4.29,2.47649884223938
0401,4.334,4.869929790496826
0401,4.341,2.1298017501831055
0401,4.387,4.09724235534668
0401,4.399,3.4537229537963867
0401,4.436,4.860973358154297
0401,4.456,3.8148505687713623
0401,4.501,3.9321696758270264
0401,4.594,4.150847434997559
0401,4.65,3.0041911602020264
0401,4.679,4.977944850921631
0401,4.685,3.346975564956665
0401,4.795,5.19151496887207
0401,4.827,4.4426093101501465
0401,4.847,3.4287657737731934
0401,4.883,4.1280436515808105
0401,5.111,4.800267219543457
0401,5.111,4.826146125793457
0401,5.113,4.766716480255127
0401,5.223,5.051004409790039
0401,5.234,4.5441975593566895
0401,5.245,5.113008975982666
0401,5.302,4.172799110412598
0401,5.319,4.674345970153809
0401,5.323,4.864079475402832
0401,5.394,5.042884349822998
0188,0.74,1.3280636072158813
0188,0.716666667,0.6841143369674683
0188,0.756666667,0.7787789702415466
0188,0.76,0.7291197180747986
0188,1.393333333,1.0319032669067383
0188,0.733333333,0.7280268669128418
0188,0.75,0.7765260338783264
0188,0.7,0.707748532295227
0188,0.713333333,0.7019725441932678
0188,0.776666667,0.7579993009567261
0188,0.916666667,0.9150157570838928
0188,0.956666667,1.8502764701843262
0188,0.716666667,0.747686505317688
0188,0.79,0.7488581538200378
0188,0.733333333,0.7132889032363892
0188,0.746666667,0.7553755640983582
0188,0.74,0.8206260800361633
0188,0.813333333,2.003662109375
0188,2.966666667,1.453078269958496
0188,1.37,0.9990887641906738
0188,0.833333333,0.7454196810722351
0188,2.71,2.7032406330108643
0188,0.786666667,0.816723644733429
0188,0.87,0.8903740644454956
0188,0.693333333,0.7450734972953796
0188,0.79,0.7672936320304871
0188,0.793333333,0.7927802205085754
0188,0.723333333,0.7283395528793335
0188,0.753333333,0.7448334693908691
0188,0.803333333,1.423950433731079
0188,0.896666667,0.9092627763748169
0188,0.793333333,0.7895058393478394
0188,0.646666667,0.6626801490783691
0188,0.706666667,0.7082823514938354
0188,0.72,0.6863676905632019
0188,0.803333333,0.8483523726463318
0188,0.8,0.7716621160507202
0188,3.986666667,1.2347221374511719
0188,0.636666667,0.8039027452468872
0188,5.646666667,4.164186000823975
0188,0.816666667,1.0302833318710327
0188,0.723333333,0.7150554656982422
0188,0.773333333,0.743712842464447
0188,0.67,0.6870312690734863
0188,0.74,0.801658570766449
0188,0.693333333,0.6000627279281616
0188,0.686666667,0.7186540365219116
0188,0.77,0.7894435524940491
0188,0.803333333,0.8237115740776062
0188,1.013333333,1.1734542846679688
0188,0.696666667,0.9380753040313721
0188,2.69,2.7278189659118652
0188,0.72,0.8100274801254272
0188,0.796666667,0.7601595520973206
0188,0.766666667,0.7822201251983643
0188,0.903333333,0.8900902271270752
0188,0.65,0.6887521743774414
0188,0.866666667,0.826006293296814
0188,0.703333333,0.7175269722938538
0188,0.66,1.061625599861145
0188,0.7,0.703362762928009
0188,0.87,0.8791069388389587
0188,0.74,0.7490162253379822
0188,1.313333333,0.7580811977386475
0188,0.933333333,0.9091184735298157
0188,0.67,0.6870339512825012
0188,0.753333333,1.5683081150054932
0188,0.866666667,0.8590250015258789
0188,0.656666667,0.6561731100082397
0188,0.68,0.785254955291748
0188,0.936666667,0.8395981788635254
0188,0.656666667,0.6382992267608643
0188,0.676666667,0.6805373430252075
0188,0.79,0.9037545323371887
0188,0.71,0.797122061252594
0188,0.64,0.647788405418396
0188,1.063333333,0.9037931561470032
0188,0.83,2.479985475540161
0188,0.72,0.7213265299797058
0188,0.7,0.7352442145347595
0188,0.74,0.7629116177558899
0188,0.65,0.6606203317642212
0188,0.77,0.8869712948799133
0188,0.783333333,0.917834460735321
0188,0.753333333,0.7499441504478455
0188,0.816666667,1.189927101135254
0188,0.843333333,0.9104830026626587
0188,0.783333333,0.8231332898139954
0188,0.77,1.0594429969787598
0188,0.823333333,0.7587373852729797
0188,0.786666667,0.7985451817512512
0188,0.756666667,0.7399454712867737
0188,0.833333333,0.8176222443580627
0188,0.796666667,0.8436750173568726
0188,0.75,0.7717114090919495
0188,0.663333333,0.6858791708946228
0188,0.75,0.7354390621185303
0188,0.743333333,0.7559976577758789
0188,0.686666667,0.8329007029533386
0188,0.746666667,0.7395539879798889
0188,0.826666667,1.2176846265792847
0188,0.876666667,0.8752653002738953
0188,0.82,0.7979325652122498
0188,0.75,0.7732381224632263
0188,0.843333333,0.8416810631752014
0188,1.783333333,0.9525072574615479
0188,0.74,1.222593903541565
0188,0.83,0.8240575194358826
0188,4.0,2.583658218383789
0188,0.94,0.8463091850280762
0188,9.826666667,11.917509078979492
0188,0.756666667,0.7336697578430176
0188,0.88,0.8146368265151978
0188,0.733333333,0.719302237033844
0188,0.786666667,2.9393770694732666
0188,0.656666667,0.6443397998809814
0188,0.826666667,0.812318742275238
0188,0.746666667,0.7400376796722412
0188,0.806666667,0.7806320190429688
0188,0.74,0.7466989755630493
0188,6.333333333,1.7963647842407227
0188,0.796666667,0.8392606377601624
0188,1.006666667,1.0836231708526611
0188,0.676666667,0.6732139587402344
0188,0.79,1.0088340044021606
0188,0.716666667,0.7337403297424316
0188,0.886666667,0.8117588758468628
0188,1.233333333,1.0340242385864258
0188,0.81,1.326174259185791
0188,0.766666667,0.7367396950721741
0188,0.69,0.682807207107544
0188,0.906666667,1.0859596729278564
0188,0.703333333,0.7219075560569763
0188,1.25,0.9196445345878601
0188,0.766666667,0.7840766906738281
0188,1.793333333,1.0599520206451416
0188,0.653333333,0.0188547745347023
0188,0.83,1.2176846265792847
0188,0.893333333,0.9489145278930664
0188,0.75,0.8072994947433472
0188,0.763333333,0.7483353018760681
0188,0.673333333,0.7068836688995361
0188,0.74,1.001802921295166
0188,0.87,0.8684895038604736
0188,0.686666667,0.6752216815948486
0188,2.533333333,1.0152020454406738
0188,0.726666667,0.7560633420944214
0188,0.683333333,0.6243045330047607
0188,0.74,0.7491673827171326
0188,0.656666667,0.8158363103866577
0188,9.396666667,10.706838607788086
0188,0.656666667,0.6894769668579102
0188,0.826666667,0.8925191760063171
0188,0.75,0.9497138261795044
0188,0.723333333,0.6921085715293884
0188,0.82,0.7499020099639893
0188,0.776666667,0.7432990074157715
0188,0.696666667,0.6707585453987122
0188,0.766666667,0.7295213937759399
0188,4.393333333,10.437566757202148
0188,0.726666667,0.8785402178764343
0188,0.786666667,0.8293319344520569
0188,0.726666667,0.7497327327728271
0188,0.723333333,0.8468858003616333
0188,0.756666667,0.7563613057136536
0188,7.19,7.854016304016113
0188,0.88,0.9587168097496033
0188,9.103333333,10.095221519470215
0188,4.54,4.34612512588501
0188,3.693333333,4.611401081085205
0188,4.196666667,4.7218427658081055
0188,5.376666667,4.853621006011963
0188,1.993333333,1.7776576280593872
0188,5.393333333,4.175539016723633
0188,8.436666667,9.262274742126465
0188,9.586666667,9.979843139648438
0188,8.653333333,7.662625312805176
0188,6.45,6.824016571044922
0188,0.953333333,0.8884308934211731
0188,0.82,0.7878440022468567
0188,5.155,4.350131988525391
0188,4.97,2.34407377243042
0188,1.01,0.8216535449028015
0188,1.315,1.0773794651031494
0188,4.615,4.059586048126221
0188,0.77,0.8186407089233398
0188,0.71,0.7039162516593933
0188,0.71,0.7128127217292786
0188,0.73,0.714934229850769
0188,0.73,0.7157613039016724
0188,0.71,0.7061185836791992
0188,0.73,0.7308984994888306
0188,0.703333333,0.7044638395309448
0188,0.7,0.7057514190673828
0188,0.7,0.7057514190673828
0188,0.7,0.7089168429374695
0188,0.696666667,0.7054129838943481
0188,0.703333333,0.706757128238678
0188,0.703333333,0.7034035921096802
0188,0.703333333,0.6925218105316162
0188,0.693333333,0.7122467756271362
0188,0.723333333,0.7573438286781311
0188,0.726666667,0.7228463292121887
0188,0.72,0.6925218105316162
0188,0.73,0.7122467756271362
0188,0.7,0.7157613039016724
0188,0.74,0.7321774959564209
0188,0.74,0.7299326658248901
0188,0.72,0.6927579045295715
0188,5.31,4.907342433929443
0188,9.25,11.448613166809082
0188,11.2,10.770523071289062
0188,16.85,15.597688674926758
0188,11.2,11.083020210266113
0188,13.17,12.087182998657227
0188,16.86,16.757638931274414
0188,11.21,10.770523071289062
0188,6.11,4.915117263793945
0188,8.27,8.796756744384766
0188,10.11,9.770940780639648
0188,15.37,14.590429306030273
0188,7.45,5.586979866027832
0188,18.72,16.233369827270508
0188,14.71,15.104640007019043
0188,15.75,15.661788940429688
0188,14.98,15.366040229797363
0188,9.43,9.594070434570312
0188,15.295,14.770143508911133
0188,7.29,5.502926826477051
0188,16.71,16.892168045043945
0188,11.13,9.44322395324707
0188,15.97,14.580038070678711
0188,14.06,14.360509872436523
0188,7.235,6.908527851104736
