dataset_id,y_true,y_pred
0390,3.3475,3.4730281829833984
0390,2.2584,5.184642314910889
0390,5.1213,5.66685676574707
0390,1.8084,3.790801525115967
0390,2.2378,2.212101936340332
0390,3.4158,4.657510280609131
0390,3.6997,5.850630283355713
0390,1.9541,2.787632942199707
0390,3.1039,4.455576419830322
0390,2.3936,2.594740152359009
0390,3.4204,4.297632694244385
0390,3.4235,3.0030343532562256
0390,3.7971,4.656241416931152
0390,1.765,1.968504786491394
0390,3.7728,5.026061058044434
0390,1.7817,2.6505749225616455
0390,2.9427,3.6894991397857666
0390,1.2363,2.4593842029571533
0390,1.9136,2.5195937156677246
0390,2.1008,3.088073968887329
0390,2.2456,2.9707016944885254
0390,2.4483,3.518639326095581
0390,3.4694,4.088859558105469
0390,3.8506,5.681921482086182
0390,3.8895,6.546530723571777
0390,3.8123,3.3919990062713623
0390,1.84,3.4135944843292236
0390,3.5196,4.013909816741943
0390,0.7405,1.5020869970321655
0390,1.8976,2.637636423110962
0390,2.336,3.6911208629608154
0390,2.3454,4.066287994384766
0390,1.7117,2.4347753524780273
0390,2.009,2.8691720962524414
0390,2.6624,3.776468276977539
0390,3.6243,4.971597671508789
0390,1.6654,2.6640026569366455
0390,1.8136,2.961487293243408
0390,1.861,2.5119338035583496
0390,2.4025,4.693345069885254
0390,3.4789,4.723235607147217
0390,1.0832,2.876312017440796
0390,2.2761,3.7838873863220215
0390,2.1755,3.6185245513916016
0390,1.6625,3.0505740642547607
0390,2.4517,2.508211851119995
0390,1.5917,2.172060966491699
0390,1.8094,2.3924150466918945
0390,1.9621,2.3583505153656006
0390,3.806,5.540173053741455
0390,2.0558,2.485098361968994
0390,2.1175,2.4532971382141113
0390,2.6658,3.024339437484741
0390,2.7759,3.6654951572418213
0390,4.5101,7.329099178314209
0390,1.875,2.5272748470306396
0390,4.4313,5.615502834320068
0390,1.4876,2.1539158821105957
0390,1.831,2.864107370376587
0390,2.7093,3.662806749343872
0390,4.2573,4.570993900299072
0390,2.9304,3.5169031620025635
0390,3.1094,5.685380458831787
0390,3.3238,5.6448540687561035
0390,4.0113,4.392526149749756
0390,4.5153,5.821579933166504
0390,1.1164,1.908150553703308
0390,1.7413,2.4242665767669678
0390,1.9891,3.8379099369049072
0390,5.5095,6.536165237426758
0390,1.3892,2.9521408081054688
0390,1.5388,3.1036572456359863
0390,1.8468,2.5328776836395264
0390,2.0694,2.571167469024658
0390,3.4487,5.160092353820801
0390,3.6863,5.523885250091553
0390,1.8055,2.1991589069366455
0390,2.4293,2.578705072402954
0390,2.4293,2.6727659702301025
0390,2.7327,3.427807331085205
0390,2.9325,4.235119342803955
0390,3.2132,4.410006999969482
0390,1.4327,2.403496265411377
0390,1.851,4.02595329284668
0390,2.0337,3.506783962249756
0390,2.1399,2.567168712615967
0390,1.4361,6.839937210083008
0390,2.8852,3.1935126781463623
0390,1.0543,2.264521598815918
0390,1.3503,1.8509374856948853
0390,1.726,2.4126815795898438
0390,1.8575,1.896779179573059
0390,3.129,4.326571464538574
0390,5.2126,6.19680643081665
0390,5.2126,5.726085186004639
0390,5.2262,5.141027927398682
0390,0.9194,1.7806370258331299
0390,1.9506,2.640079975128174
0390,1.4595,2.3236937522888184
0390,1.7462,2.5155787467956543
0390,0.7943,3.0350236892700195
0390,2.8333,4.275468826293945
0390,2.8429,4.208787441253662
0390,1.7688,2.5869903564453125
0390,1.9359,2.799227237701416
0390,2.4061,4.993197441101074
0390,5.1415,5.66685676574707
0390,1.1223,1.8078889846801758
0390,1.2445,1.7647353410720825
0390,2.6356,2.9317424297332764
0390,2.8891,4.598639011383057
0390,3.5687,4.996077537536621
0390,2.0017,2.7656707763671875
0390,2.1493,2.9180216789245605
0390,2.2429,4.857229709625244
0390,3.1788,3.6990418434143066
0390,5.213,5.177480220794678
0390,6.084,4.734742164611816
0390,1.5387,2.3604514598846436
0390,3.6418,3.6129708290100098
0390,3.6856,5.8515167236328125
0390,2.0717,3.396655321121216
0390,2.1479,4.845769882202148
0390,3.511,5.389317989349365
0390,1.1777,2.2043447494506836
0390,1.768,2.4628841876983643
0390,5.3817,6.597545146942139
0390,1.3157,1.7451143264770508
0390,1.7903,2.151428461074829
0390,1.805,3.363525867462158
0390,4.0857,5.252381324768066
0390,4.7886,5.3378729820251465
0390,1.4434,2.277597188949585
0390,2.3111,2.4700653553009033
0390,3.2009,5.705495834350586
0390,2.933,3.7641594409942627
0390,1.9085,2.7201473712921143
0390,3.2523,6.110392093658447
0390,5.0207,5.795070171356201
0390,2.1291,3.5056962966918945
0390,2.259,2.357149600982666
0390,3.239,4.024080753326416
0390,1.8119,2.7227320671081543
0390,3.1924,5.141829967498779
0390,4.1487,5.190484523773193
0390,1.7448,5.852208137512207
0390,1.9912,3.1162545680999756
0390,1.6168,1.5505475997924805
0390,1.8974,3.7903008460998535
0390,2.5804,3.908440351486206
0390,3.9288,5.524013042449951
0390,1.0547,3.277984619140625
0390,1.3342,2.7813165187835693
0390,1.6562,4.258369445800781
0390,2.2058,2.9185702800750732
0390,1.16,2.7845664024353027
0390,1.8338,2.359025239944458
0390,3.1749,5.001989364624023
0390,1.8032,2.156836748123169
0390,2.4685,2.9912502765655518
0390,2.2909,3.785083293914795
0390,2.5002,3.3178389072418213
0390,3.8075,5.1366472244262695
0390,5.8173,7.0712385177612305
0390,3.8706,6.192819595336914
0390,4.9865,5.302917957305908
0390,1.7249,2.1988887786865234
0390,1.8395,2.271145820617676
0390,1.8792,3.166433334350586
0390,1.9638,2.772014856338501
0390,2.4296,3.812166690826416
0390,1.787,1.9798263311386108
0390,1.8589,2.5220272541046143
0390,2.3071,3.9525630474090576
0390,2.3497,2.457367420196533
0390,2.856,2.6213223934173584
0390,3.069,4.781475067138672
0390,3.118,4.315239429473877
0390,3.601,5.055281162261963
0390,5.4309,6.000118255615234
0390,0.8776,2.0985965728759766
0390,1.133,3.7551376819610596
0390,1.7647,2.5649383068084717
0390,1.9474,5.69236421585083
0390,2.1353,3.042891502380371
0390,2.2368,2.9666759967803955
0390,6.2885,6.430404186248779
0390,2.241,2.3608334064483643
0390,2.1086,2.564974069595337
0390,2.1086,2.8568320274353027
0390,2.1385,1.8000445365905762
0390,2.1753,3.112577199935913
0390,4.1257,4.735867023468018
0390,1.838,2.626906156539917
0390,1.8767,3.2850124835968018
0390,3.0161,3.287416458129883
0390,3.2216,5.269792079925537
0390,3.2542,4.572371959686279
0390,1.4991,3.3876750469207764
0390,1.7327,2.3893938064575195
0390,2.1592,2.4151968955993652
0390,1.258,2.070652961730957
0390,1.9995,3.305433988571167
0390,2.2589,2.8100221157073975
0390,2.3725,3.6292176246643066
0390,6.3499,7.376269817352295
0390,1.7281,3.119811534881592
0390,2.237,2.775597333908081
0390,3.5993,6.659438133239746
0390,1.5901,2.362548828125
0390,1.879,2.454500198364258
0390,2.1139,2.997649669647217
0390,1.5109,2.8666634559631348
0390,1.6953,3.395007371902466
0390,2.5943,4.084918022155762
0390,1.3482,1.8024513721466064
0390,1.7894,2.614957094192505
0390,2.6804,3.0190677642822266
0390,2.9744,4.761417388916016
0390,1.5069,2.331108808517456
0390,3.094,4.329799652099609
0390,3.9888,6.018891334533691
0390,4.9416,6.099679946899414
0390,1.4617,2.5470638275146484
0390,1.9263,2.480046510696411
0390,2.4024,3.1972410678863525
0390,2.4024,3.064307928085327
0390,6.0184,6.432032585144043
0390,2.2993,2.535217523574829
0390,3.6514,3.871004581451416
0390,3.7891,4.164342880249023
0390,4.3044,6.023545742034912
0390,4.7062,5.659827709197998
0390,1.0042,1.6133322715759277
0390,1.7548,2.3881561756134033
0390,4.1461,4.9724345207214355
0390,2.012,3.543588876724243
0390,2.5507,2.83343505859375
0390,3.6242,4.26823616027832
0390,3.8327,5.410919189453125
0390,1.8573,2.331228494644165
0390,2.5001,5.303471088409424
0390,4.5349,4.187587261199951
0390,2.3616,5.3405070304870605
0390,2.9511,5.493358135223389
0390,3.7717,4.154632568359375
0390,1.8926,3.018833637237549
0390,1.9978,2.5657615661621094
0390,2.565,3.9001777172088623
0390,2.9039,5.274770736694336
0390,3.1655,2.9658517837524414
0390,3.7657,4.349664688110352
0390,4.0896,4.499155044555664
0390,1.8239,2.498751640319824
0390,1.9792,2.6274802684783936
0390,3.008,4.53732442855835
0390,4.7814,4.996066093444824
0390,5.94,6.50978422164917
0390,2.2529,3.3383500576019287
0390,4.3325,5.147412300109863
0390,4.0965,4.623230934143066
0390,5.9536,6.436462879180908
0390,6.0604,7.08344841003418
0390,1.2263,4.002998352050781
0390,2.2228,2.564974069595337
0390,5.0368,3.180129051208496
0390,5.6431,6.784876823425293
0390,1.5244,3.104361057281494
0390,1.723,3.0605640411376953
0390,1.9162,2.126114845275879
0390,1.3692,2.3530380725860596
0390,2.6977,5.121652126312256
0390,1.8533,3.854597330093384
0390,4.4906,5.95046854019165
0390,4.969,5.763797283172607
0390,1.3471,4.150637626647949
0390,1.4948,2.593304395675659
0390,3.0894,4.833966255187988
0390,3.841,5.062155723571777
0390,4.0219,5.419559478759766
0390,5.139,6.091569423675537
0390,1.579,2.387413740158081
0390,1.9826,3.380763053894043
0390,2.3916,3.5689849853515625
0390,2.5498,3.1888020038604736
0390,2.8579,4.450231552124023
0390,0.9169,1.750264286994934
0390,1.6679,2.9197332859039307
0390,4.5215,5.394850730895996
0390,1.6764,1.8927865028381348
0390,1.748,2.246354579925537
0390,2.0223,2.8084890842437744
0390,2.9057,5.292324066162109
0390,5.4344,6.587521553039551
0390,2.0619,2.4923899173736572
0390,4.0733,7.590065956115723
0390,6.8449,6.399051666259766
0390,7.188,8.66402816772461
0390,1.7182,2.1228272914886475
0390,3.0162,3.5790657997131348
0390,5.9148,6.817595481872559
0390,3.0922,4.107307434082031
0390,6.215,5.455076694488525
0390,1.2278,2.063842535018921
0390,1.9767,4.4230780601501465
0390,2.4694,4.72096061706543
0390,4.1308,6.516213417053223
0390,5.1239,6.171884536743164
0390,2.6438,3.6911206245422363
0390,3.022,4.377115249633789
0390,3.731,4.864165306091309
0390,1.3242,2.394570827484131
0390,1.3753,2.7696280479431152
0390,1.8678,2.4339327812194824
0390,2.4517,3.82037091255188
0390,4.8777,5.114960193634033
0390,1.7717,2.707286834716797
0390,2.1448,2.8620810508728027
0390,2.5326,3.5501153469085693
0390,2.7138,4.010302543640137
0390,1.4989,2.0557658672332764
0390,2.8059,4.792999267578125
0390,2.8885,3.5570294857025146
0390,3.1412,2.5742013454437256
0390,1.5089,2.7988545894622803
0390,1.8636,2.9586198329925537
0390,2.2246,5.285686016082764
0390,2.6049,3.2447502613067627
0390,2.7766,3.3289244174957275
0390,2.4848,4.880609035491943
0390,4.3015,5.052113056182861
0390,1.5641,1.9509382247924805
0390,1.5753,2.4810824394226074
0390,1.7688,2.692188024520874
0390,2.6953,3.939012289047241
0390,3.0112,4.782304286956787
0390,5.8438,6.042821407318115
0390,1.5247,4.58934211730957
0390,1.5378,3.084754228591919
0390,2.5629,4.396158218383789
0390,4.1826,6.310662746429443
0390,4.4682,7.567250728607178
0390,3.7821,5.915277004241943
0390,4.2485,6.0906982421875
0390,1.7624,2.872263193130493
0390,2.2043,2.8859105110168457
0390,2.8591,4.904115200042725
0390,3.8511,5.378852367401123
0390,3.8511,5.702798843383789
0390,4.5793,5.571842670440674
0390,1.6323,2.472959041595459
0390,1.7698,2.0191476345062256
0390,2.055,2.258280038833618
0390,2.2393,2.783531665802002
0390,2.3263,4.2865376472473145
0390,1.9893,3.24055814743042
0390,1.0839,3.6969799995422363
0390,3.0207,3.73431658744812
0390,3.2033,4.053657054901123
0390,3.3272,4.134404182434082
0390,3.0241,4.011619567871094
0390,3.96,3.5766220092773438
0390,4.5473,8.0120210647583
0390,1.6598,3.3576595783233643
0390,2.634,3.06587553024292
0390,4.6306,6.601630210876465
0390,0.7313,1.7756483554840088
0390,1.6772,2.1307826042175293
0390,1.7639,2.2514851093292236
0390,2.0429,2.6132619380950928
0390,5.0208,6.923813819885254
0390,1.1656,2.5470528602600098
0390,3.1908,4.442897796630859
0390,4.0237,4.482509136199951
0390,4.3396,5.170225143432617
0390,1.8902,2.7746388912200928
0390,2.7861,4.163661956787109
0390,3.875,4.105849266052246
0390,5.29,5.854095458984375
0390,6.2546,6.94524621963501
0390,2.6419,4.532509803771973
0390,1.3751,1.9750663042068481
0390,1.4216,2.1447112560272217
0390,2.002,2.785688877105713
0390,3.869,5.5309882164001465
0390,4.7845,5.788703441619873
0390,1.4529,2.5613532066345215
0390,1.6762,2.1307826042175293
0390,2.5059,3.865964412689209
0390,1.2585,2.39845609664917
0390,1.7952,2.3991611003875732
0390,4.5715,6.759856700897217
0390,5.8202,6.100489139556885
0390,6.4608,6.671098232269287
0390,1.6165,3.613755226135254
0390,2.9942,5.982714653015137
0390,1.8526,2.5523276329040527
0390,4.2623,5.8637189865112305
0390,5.407,6.042834281921387
0390,1.8711,2.8670103549957275
0390,3.187,3.7861268520355225
0390,3.2467,4.964920997619629
0390,3.5852,5.048971652984619
0390,1.4205,2.1387643814086914
0390,2.8104,3.1905829906463623
0390,2.9189,3.9160263538360596
0390,3.2276,5.048216819763184
0390,3.5371,4.235378265380859
0390,1.5994,3.2664904594421387
0390,2.3118,3.700352191925049
0390,2.9657,4.973837852478027
0390,4.3414,5.673895835876465
0390,0.6469,1.639328122138977
0390,1.8576,2.672969341278076
0390,1.8576,3.088780164718628
0390,2.0524,2.4475390911102295
0390,2.6495,2.475982189178467
0390,1.6882,2.4624390602111816
0390,2.2813,4.567245960235596
0390,2.4154,2.8744165897369385
0390,2.5231,3.8132877349853516
0390,4.0273,4.821274757385254
0390,4.2104,5.088382720947266
0390,1.8879,2.610351085662842
0390,2.2218,4.288885593414307
0390,2.3371,3.0144057273864746
0390,4.0363,4.84193229675293
0390,2.3139,2.4700653553009033
0390,3.3024,5.126077651977539
0390,1.6385,2.2243282794952393
0390,1.7326,2.3893938064575195
0390,3.807,6.130996227264404
0390,2.0972,2.5957891941070557
0390,2.5483,2.2637033462524414
0390,3.6853,4.862114429473877
0390,3.7587,4.121656894683838
0390,1.4884,2.1447112560272217
0390,1.5053,4.0124897956848145
0390,1.5133,2.4629478454589844
0390,1.7353,2.5574920177459717
0390,2.0947,2.2608184814453125
0390,2.4695,4.1936187744140625
0390,2.2703,4.222623825073242
0390,2.7026,6.0417375564575195
0390,5.6021,7.688431739807129
0390,1.4353,1.9852572679519653
0390,2.3809,2.3778486251831055
0390,2.8587,4.3912811279296875
0390,1.4707,3.3012962341308594
0390,1.2337,2.198720932006836
0390,2.6291,4.595058441162109
0390,1.5615,2.10690975189209
0390,1.9991,3.768711566925049
0390,2.3682,2.9490466117858887
0390,1.7635,2.551374673843384
0390,2.176,3.259695291519165
0390,2.3309,3.394674301147461
0390,2.7843,4.62114953994751
0390,1.1119,1.7082490921020508
0390,1.7191,2.542543411254883
0390,2.3597,2.9374630451202393
0390,2.8517,3.998898506164551
0390,1.6232,2.0255415439605713
0390,1.89,2.8412249088287354
0390,2.9362,3.7418880462646484
0390,3.1386,4.119775772094727
0390,1.9927,2.5054502487182617
0390,2.1082,3.202479362487793
0390,2.0447,2.7538280487060547
0390,4.9474,5.5592756271362305
0390,3.2624,3.428894281387329
0390,1.4501,2.6484386920928955
0390,2.2237,3.594233274459839
0390,5.339,5.114960193634033
0390,2.4779,4.212543487548828
0390,4.4754,6.64567756652832
0390,1.4024,3.291118860244751
0390,1.7292,2.0346195697784424
0390,5.0423,6.519331455230713
0390,2.1277,3.138209104537964
0390,3.5826,5.371677875518799
0390,1.1238,2.0039145946502686
0390,1.6694,2.2574422359466553
0390,4.407,5.540957927703857
0390,4.665,3.4225258827209473
0390,1.9616,2.3740394115448
0390,3.0651,3.2320759296417236
0390,2.0468,5.013302326202393
0390,1.5967,2.461684465408325
0390,1.7616,2.8133718967437744
0390,2.1376,2.8487870693206787
0390,2.1147,3.957442045211792
0390,3.5015,3.961338996887207
0390,1.8532,1.9846802949905396
0390,1.8758,2.9349310398101807
0390,2.3547,1.780819058418274
0390,3.5063,4.568629264831543
0390,3.1289,4.161132335662842
0390,3.5746,5.361063003540039
0390,1.948,2.482553005218506
0390,2.0073,2.5920464992523193
0390,4.5977,6.047456741333008
0390,1.6207,2.29291033744812
0390,3.8375,5.464198589324951
0390,1.1901,2.0367350578308105
0390,1.7528,2.5694310665130615
0390,1.9854,3.378365993499756
0390,2.9144,3.373875856399536
0390,3.2599,4.473074913024902
0390,4.5883,5.4236040115356445
0390,2.3985,3.8705711364746094
0390,4.008,5.3853678703308105
0390,1.6396,5.672362327575684
0390,6.5938,6.263179779052734
0390,1.6722,1.902504324913025
0390,2.4931,3.098855495452881
0390,2.9156,4.215515613555908
0390,1.8832,2.929835796356201
0390,2.7673,5.926364421844482
0390,1.9049,2.7903754711151123
0390,4.019,4.686958312988281
0390,4.8032,5.769429683685303
0390,1.1737,2.7196779251098633
0390,2.8243,2.293286085128784
0390,2.45,2.8744165897369385
0390,3.2667,5.895061016082764
0390,1.8917,2.740992307662964
0390,2.0387,3.243546724319458
0390,5.3417,5.10857629776001
0390,1.6783,1.9898391962051392
0390,1.729,2.085231304168701
0390,3.756,5.398571491241455
0390,4.5593,5.681921482086182
0390,1.0085,1.774788737297058
0390,2.1981,3.1464309692382812
0390,2.8997,5.91263484954834
0390,5.1745,5.6854023933410645
0390,1.8554,4.840731143951416
0390,3.1445,3.6938388347625732
0390,3.5928,4.084268569946289
0390,4.1668,4.44245719909668
0390,4.3042,4.7568039894104
0390,4.7967,4.618085861206055
0390,1.4021,2.6291556358337402
0390,1.7922,2.279522180557251
0390,2.7913,3.050536632537842
0390,0.9033,2.0664565563201904
0390,2.0911,2.48791766166687
0390,4.0315,5.414172649383545
0390,2.3413,3.4199774265289307
0390,3.702,6.533895492553711
0390,4.2608,7.345956325531006
0390,6.768,5.804902076721191
0390,1.4354,2.486140489578247
0390,1.5304,2.7653732299804688
0390,2.2321,3.6106936931610107
0390,3.3405,4.677482604980469
0390,3.4638,6.600192070007324
0390,6.7676,7.1950249671936035
0390,1.2622,2.873936414718628
0390,2.4792,2.488416910171509
0390,1.6993,3.6214191913604736
0390,2.3404,2.7418951988220215
0390,2.8539,4.771625518798828
0390,2.4126,3.453831672668457
0390,2.8549,4.22515869140625
0390,3.4511,4.977334022521973
0390,4.1147,4.523096561431885
0390,1.864,2.840956211090088
0390,2.25,1.6708091497421265
0390,2.7577,3.477802276611328
0390,2.9646,5.420603275299072
0390,3.4167,5.6261515617370605
0390,3.8459,4.897695064544678
0390,5.9522,6.3263750076293945
0390,2.1053,5.350759983062744
0390,1.7859,2.3371729850769043
0390,2.4445,4.358826637268066
0390,5.8862,6.9645094871521
0390,1.9696,5.100649833679199
0390,1.8531,3.6556403636932373
0390,2.3472,2.7077584266662598
0390,3.0118,4.985884189605713
0390,3.2343,3.298215389251709
0390,1.7348,2.4741384983062744
0390,1.8074,2.2078497409820557
0390,1.8861,2.244272470474243
0390,2.4024,3.7588818073272705
0390,1.6107,2.2625222206115723
0390,2.2602,3.0699031352996826
0390,2.4407,4.568108558654785
0390,3.443,4.195035457611084
0390,2.4563,2.2147905826568604
0390,2.4813,4.978487014770508
0390,2.8727,4.354531288146973
0390,3.5055,4.280453205108643
0390,1.6109,2.125059127807617
0390,2.1857,2.7279653549194336
0390,4.8763,5.114960193634033
0390,5.7479,6.843096733093262
0390,1.8159,2.80505633354187
0390,1.8898,2.76455020904541
0390,2.3424,1.8431456089019775
0390,2.5641,4.097014904022217
0390,3.4275,5.722570896148682
0390,2.1203,3.684072494506836
0390,2.6801,2.918694257736206
0390,3.427,5.990511417388916
0390,1.8647,2.498751640319824
0390,2.0923,3.1156723499298096
0390,4.3482,6.141311168670654
0390,1.1936,3.3090548515319824
0390,1.1996,2.0096983909606934
0390,1.8813,3.30614972114563
0390,4.2505,4.570993900299072
0390,5.6711,6.575571537017822
0390,1.8736,2.8475234508514404
0390,4.1011,4.931405067443848
0390,0.6179,1.4030232429504395
0390,1.355,1.8667917251586914
0390,2.0993,3.057286024093628
0390,2.4949,3.518079996109009
0390,4.0676,5.220630168914795
0390,1.1909,2.0985965728759766
0390,2.0366,3.6094281673431396
0390,2.0458,2.564880609512329
0390,2.8814,2.535623550415039
0390,5.0146,5.440118789672852
0390,1.4984,2.734046697616577
0390,1.6197,2.125059127807617
0390,6.0711,7.602166175842285
0390,1.7299,2.2253193855285645
0390,1.902,2.6842572689056396
0390,3.1039,5.517675876617432
0390,3.2708,3.591036319732666
0390,1.4301,2.012253999710083
0390,1.4507,1.994376301765442
0390,2.2448,5.078977584838867
0390,2.8746,4.3359694480896
0390,1.5256,2.290736436843872
0390,1.9353,2.6777536869049072
0390,2.2228,3.19179105758667
0390,1.5973,1.7060986757278442
0390,1.9478,2.9367706775665283
0390,2.1005,3.9033920764923096
0390,1.6931,4.011123180389404
0390,1.7578,2.6125435829162598
0390,4.0197,6.4949421882629395
0390,1.3673,1.9941939115524292
0390,3.0694,2.5514392852783203
0390,3.3459,5.029903411865234
0390,2.1815,3.121363639831543
0390,3.024,4.006767749786377
0390,5.4101,6.309330463409424
0390,2.5217,3.066112518310547
0390,3.5741,4.700338840484619
0390,4.9194,4.785354137420654
0390,2.1729,4.482407569885254
0390,1.8699,2.4662246704101562
0390,2.652,2.9306576251983643
0390,3.7673,5.853255271911621
0390,1.7045,3.8358592987060547
0390,2.446,4.952695846557617
0390,2.9314,3.8323147296905518
0390,4.0671,5.2289323806762695
0390,4.2461,4.606650352478027
0390,1.2437,2.099412679672241
0390,2.0543,3.7410757541656494
0390,3.8846,4.256504058837891
0390,3.8897,4.282742977142334
0390,1.4843,1.806292176246643
0390,1.8174,2.397550106048584
0390,4.8416,5.6782050132751465
0390,1.6095,2.2625222206115723
0390,3.0794,4.917645454406738
0390,3.316,3.864438772201538
0390,3.1456,6.381471633911133
0390,4.5791,5.308669567108154
0390,1.6226,2.3550851345062256
0390,2.0951,4.144421577453613
0390,2.3051,2.8160011768341064
0390,2.0014,2.772014856338501
0390,1.8179,2.1528584957122803
0390,3.4833,5.598321914672852
0390,4.6437,5.5905632972717285
0390,1.2375,2.4183766841888428
0390,2.0581,6.137123107910156
0390,2.1011,2.8017306327819824
0390,1.4153,2.326317310333252
0390,2.6288,3.5010030269622803
0390,3.1381,6.39715051651001
0390,5.1832,6.214967250823975
0390,1.7508,4.041069984436035
0390,1.8541,2.5657832622528076
0390,3.3199,4.931156158447266
0390,4.4135,3.0038299560546875
0390,4.4689,2.630553722381592
0390,5.0482,6.259235382080078
0390,1.5787,2.5726189613342285
0390,1.8217,3.073617696762085
0390,1.8498,2.5038115978240967
0390,1.8101,2.231706380844116
0390,2.1607,3.06382155418396
0390,2.3321,3.5827419757843018
0390,2.3557,3.6805243492126465
0390,1.4027,1.9867290258407593
0390,1.4358,2.2354602813720703
0390,2.495,4.750088214874268
0390,3.2535,5.2623395919799805
0390,3.6367,3.765549898147583
0390,2.4658,4.650284290313721
0390,2.8842,5.500010013580322
0390,3.5086,3.34667706489563
0390,3.7585,3.7628166675567627
0390,5.2665,7.71383810043335
0390,6.4228,6.175373554229736
0390,2.837,3.932267427444458
0390,3.0839,3.0030558109283447
0390,4.511,5.871551036834717
0390,5.3947,5.033222675323486
0390,1.712,2.057901382446289
0390,1.9671,4.0432658195495605
0390,4.5684,4.419373989105225
0390,5.0059,5.883798599243164
0390,1.1581,2.234712839126587
0390,2.2351,3.5265917778015137
0390,0.9154,2.4934186935424805
0390,1.5445,4.190711498260498
0390,1.633,4.577409267425537
0390,2.156,2.5776286125183105
0390,1.0912,1.718058705329895
0390,1.4479,2.0901036262512207
0390,1.7669,1.9798263311386108
0390,2.1343,5.917537212371826
0390,4.6031,4.961894989013672
0390,1.2581,2.2301173210144043
0390,1.5659,3.123579502105713
0390,2.0505,2.5042104721069336
0390,3.2039,2.960832357406616
0390,4.7649,4.958103179931641
0390,4.8433,5.672750949859619
0390,2.1509,4.050732135772705
0390,2.8594,4.921219348907471
0390,3.3587,5.495823383331299
0390,4.423,4.785105228424072
0390,6.8313,6.575863361358643
0390,1.2877,1.9898074865341187
0390,1.4243,3.076972723007202
0390,2.9479,4.485361576080322
0390,3.609,5.485476016998291
0390,2.195,5.602193355560303
0390,2.5475,5.463677406311035
0390,4.0006,5.594360828399658
0390,4.6204,5.98581600189209
0390,5.0274,6.226389408111572
0390,1.3846,3.332378625869751
0390,2.1572,2.4454429149627686
0390,2.8518,2.6525723934173584
0390,3.2055,3.038466453552246
0390,2.1561,3.305433988571167
0390,3.9205,4.88303804397583
0390,2.1576,3.573134660720825
0390,4.3103,4.505199432373047
0390,2.164,3.01694917678833
0390,2.424,2.837491512298584
0390,2.1254,3.066371202468872
0390,2.2518,4.288885593414307
0390,2.4335,2.8650619983673096
0390,3.4697,5.061910629272461
0390,1.5179,2.01816987991333
0390,2.0003,2.6358017921447754
0390,3.7026,5.098978042602539
0390,2.4189,3.227630138397217
0390,1.5065,2.0565319061279297
0390,2.465,3.835575580596924
0390,2.1017,2.785688877105713
0390,2.5691,2.6920244693756104
0390,4.2408,4.255335330963135
0390,1.7293,2.0080950260162354
0390,1.8033,1.837357997894287
0390,1.9706,2.5076935291290283
0390,2.7537,3.0921123027801514
0390,3.8589,5.527901649475098
0390,3.0307,3.4813694953918457
0390,2.4812,3.462303638458252
0390,3.2118,3.9973864555358887
0390,1.4015,1.8925172090530396
0390,2.5354,2.525496244430542
0390,3.6356,4.828982353210449
0390,4.1243,2.567444086074829
0390,1.7907,2.2514851093292236
0390,2.2585,2.7628400325775146
0390,2.3815,2.6018881797790527
0390,2.7646,5.867599964141846
0390,5.6145,5.60286808013916
0390,1.5865,2.0692481994628906
0390,2.5871,2.6698267459869385
0390,3.3465,4.886198043823242
0390,3.6781,6.8125901222229
0390,3.9662,5.244709014892578
0390,5.8177,4.643965244293213
0390,2.0215,2.5801031589508057
0390,3.9005,4.824422359466553
0390,1.1236,1.934000015258789
0390,1.3393,2.4415841102600098
0390,1.9599,3.367266893386841
0390,2.5765,3.2472074031829834
0390,2.5765,2.970177173614502
0390,3.3428,4.8264570236206055
0390,1.2565,2.871737003326416
0390,1.2565,2.8833353519439697
0390,4.1504,8.197040557861328
0390,0.9279,2.336282730102539
0390,2.4231,4.623885154724121
0390,2.6713,5.9089035987854
0390,3.8679,6.099736213684082
0390,4.6536,6.42857551574707
0390,1.3602,3.1257243156433105
0390,1.9897,2.7382733821868896
0390,3.1965,4.541837215423584
0390,3.2605,5.844084739685059
0390,3.3499,3.846595048904419
0390,1.8133,3.013275146484375
0390,2.703,6.071911811828613
0390,2.7157,4.462258815765381
0390,3.4054,4.531998157501221
0390,3.7424,3.8723390102386475
0390,5.3452,7.323883533477783
0390,1.7017,2.7620530128479004
0390,2.0994,6.376649856567383
0390,2.1106,2.7588119506835938
0390,3.0799,4.048192977905273
0390,3.146,3.5496716499328613
0390,4.4928,6.607100009918213
0390,5.1871,7.203113079071045
0390,1.9225,3.0044124126434326
0390,2.5759,3.3648786544799805
0390,2.812,4.528120517730713
0390,3.9611,3.813756227493286
0390,2.219,6.1429290771484375
0390,2.6783,5.429460048675537
0390,3.3372,4.2180495262146
0390,3.5873,6.505856990814209
0390,4.2199,6.168235778808594
0390,4.6436,5.827423095703125
0390,1.1356,1.9188311100006104
0390,1.2947,3.717379570007324
0390,1.3277,1.7071549892425537
0390,2.6069,2.663696050643921
0390,3.5151,2.6694416999816895
0390,2.1507,2.7422285079956055
0390,2.3782,4.620660305023193
0390,2.7929,5.810876369476318
0390,2.2164,1.9730889797210693
0390,2.3966,4.6466875076293945
0390,3.2148,4.652412414550781
0390,4.3785,7.397853374481201
0390,0.6914,2.268880844116211
0390,1.0861,3.7759814262390137
0390,1.0912,2.499577045440674
0390,3.0106,4.496411323547363
0390,3.8628,5.005527973175049
0390,4.7003,5.627791881561279
0390,1.1413,2.210956573486328
0390,1.8346,4.893854141235352
0390,1.8697,5.160616874694824
0390,2.6633,3.1016058921813965
0390,3.5971,5.78732967376709
0390,3.6401,3.592318534851074
0390,3.9664,3.9729068279266357
0390,1.1859,6.2819390296936035
0390,1.1859,2.329444169998169
0390,2.5464,4.8709330558776855
0390,2.9048,4.93143892288208
0390,3.0678,3.3614227771759033
0390,3.641,5.507082939147949
0390,4.0206,6.248437404632568
0390,1.7257,4.6121931076049805
0390,3.3863,5.274253845214844
0390,3.8973,6.170329570770264
0390,2.2979,3.820845365524292
0390,2.3408,5.170830726623535
0390,3.8035,6.038978099822998
0390,4.0445,6.3307294845581055
0390,2.2366,3.435457706451416
0390,2.5613,4.056656360626221
0390,2.6415,2.0926058292388916
0390,2.731,5.155806064605713
0390,3.2985,3.756793260574341
0390,4.2948,5.001602649688721
0390,0.6327,2.23466420173645
0390,1.1082,2.2056126594543457
0390,2.6339,2.997889757156372
0390,3.6275,5.306368350982666
0390,1.6549,2.1673500537872314
0390,1.9163,4.054129123687744
0390,1.9163,4.234584331512451
0390,1.9351,4.376577377319336
0390,2.3949,3.4371259212493896
0390,3.1327,4.7036943435668945
0390,3.3102,5.28317403793335
0390,3.4843,4.963634967803955
0390,3.6284,5.292818546295166
0390,3.4318,6.6453986167907715
0390,5.1532,5.8214850425720215
0390,5.3343,6.407556533813477
0390,1.5297,2.674992084503174
0390,1.5297,2.698930501937866
0390,2.3518,2.8572158813476562
0390,2.9462,2.2820568084716797
0390,4.504,4.682349681854248
0390,1.126,2.554415702819824
0390,2.062,6.545638561248779
0390,2.1379,2.5437467098236084
0390,2.5738,4.787843227386475
0390,3.2514,5.481252193450928
0390,1.6316,1.9157809019088745
0390,2.9927,6.810853958129883
0390,5.116,6.971306324005127
0390,5.3326,7.163229942321777
0390,1.9182,4.465515613555908
0390,2.0352,6.091126918792725
0390,2.1689,4.730835437774658
0390,2.6383,3.2683169841766357
0390,3.3477,4.898623943328857
0390,4.2807,5.025842666625977
0390,5.5067,6.412009239196777
0390,1.3453,4.74192476272583
0390,1.4112,3.992161512374878
0390,1.6779,6.021245956420898
0390,1.6779,4.246901988983154
0390,3.1338,4.724234580993652
0390,3.1501,6.517012596130371
0390,3.1501,5.023468494415283
0390,3.378,4.724942684173584
0390,3.8325,6.878434658050537
0390,1.6693,2.727891683578491
0390,2.3545,3.1106371879577637
0390,2.5624,5.166100025177002
0390,2.6293,3.5010030269622803
0390,2.6537,3.178919553756714
0390,2.7326,3.10017466545105
0390,4.4788,6.7585272789001465
0390,1.8638,4.253266334533691
0390,1.8671,5.9000372886657715
0390,2.4977,3.27335524559021
0390,2.672,4.046008110046387
0390,3.3155,6.857028007507324
0390,3.5658,5.180572032928467
0390,3.8303,5.576959609985352
0390,7.2013,7.146103858947754
0390,1.6488,2.0523428916931152
0390,1.6718,3.5768699645996094
0390,2.2833,3.122138261795044
0390,1.866,2.6101760864257812
0390,2.6029,3.6828019618988037
0390,2.9371,4.172855377197266
0390,3.5771,4.035909652709961
0390,3.698,6.446453094482422
0390,4.0642,5.078306674957275
0390,1.6035,2.3261008262634277
0390,4.0966,7.478687763214111
0390,4.5017,5.5647149085998535
0390,2.0067,2.1126203536987305
0390,2.4979,3.9895524978637695
0390,3.1619,6.053919792175293
0390,2.0243,3.7845382690429688
0390,2.2993,2.721397638320923
0390,3.0115,5.9443254470825195
0390,3.1062,5.284987926483154
0390,3.7398,5.797271728515625
0390,4.2458,5.120271682739258
0390,1.6574,3.9831690788269043
0390,2.2774,3.7696452140808105
0390,2.5329,5.241020202636719
0390,3.781,7.176241397857666
0390,1.2428,2.00833797454834
0390,1.6826,2.715373992919922
0390,2.3563,2.433598041534424
0390,3.1071,6.461608409881592
0390,3.3821,5.04226016998291
0390,3.8179,5.484726428985596
0390,3.9604,5.639543056488037
0390,1.5505,2.5747218132019043
0390,1.79,2.8626792430877686
0390,3.1207,4.690128803253174
0390,3.4695,6.06069278717041
0390,4.1226,5.404303550720215
0390,5.0447,7.31323766708374
0390,5.4934,6.140961647033691
0390,1.638,2.1791865825653076
0390,1.6464,4.09110164642334
0390,2.0793,4.150175094604492
0390,2.4259,5.193143844604492
0390,4.0594,6.615898609161377
0390,5.0719,6.720968246459961
0390,1.4821,2.9617984294891357
0390,1.668,2.457815647125244
0390,1.7367,2.9948196411132812
0390,3.1277,3.8203978538513184
0390,3.1357,5.980264186859131
0390,3.8481,5.255711078643799
0390,0.5779,2.4589877128601074
0390,1.3956,2.8586645126342773
0390,1.6286,2.6454222202301025
0390,1.7855,3.1246707439422607
0390,1.9288,4.022665023803711
0390,2.1952,3.0617942810058594
0390,1.2139,4.446103572845459
0390,2.3787,4.7217793464660645
0390,4.7881,5.52664852142334
0390,1.1394,2.6940884590148926
0390,1.8792,2.6473264694213867
0390,2.762,7.144474029541016
0390,3.1042,6.491030693054199
0390,3.2787,3.2566885948181152
0390,3.5597,5.640394687652588
0390,4.8935,4.6049628257751465
0390,3.7057,5.516438961029053
0390,2.8245,4.223234176635742
0390,3.6324,3.434532642364502
0390,3.714,7.711755275726318
0390,4.3263,5.482422351837158
0390,4.3844,5.441135883331299
0390,1.3531,4.673635005950928
0390,2.0443,4.2398905754089355
0390,2.2762,2.695564031600952
0390,1.9781,3.1376450061798096
0390,2.0121,3.5607733726501465
0390,3.0498,4.771237850189209
0390,3.053,6.260929107666016
0390,3.1056,3.318418502807617
0390,3.873,5.388134479522705
0390,4.0398,6.078813552856445
0390,5.3527,6.549183368682861
0390,1.6282,2.345547676086426
0390,3.3486,4.024097919464111
0390,4.4647,4.768141746520996
0390,2.7756,3.761517286300659
0390,3.9764,5.785408020019531
0390,5.5953,7.827697277069092
0390,1.8582,3.203073024749756
0390,2.0341,3.14322566986084
0390,2.0807,4.5795087814331055
0390,3.0826,2.4957993030548096
0390,3.2185,6.411550998687744
0390,4.3199,4.78214693069458
0390,1.195,3.2181529998779297
0390,2.5063,2.861215353012085
0390,3.2689,4.297027111053467
0390,3.8352,4.675985813140869
0390,5.3497,5.448642253875732
0390,5.5767,5.83516788482666
0390,1.6365,1.9538030624389648
0390,2.2896,3.2932658195495605
0390,2.3193,6.311083793640137
0390,2.7656,3.871443033218384
0390,3.7398,5.935551166534424
0390,1.8143,2.218313455581665
0390,2.5935,5.776553153991699
0390,4.1114,7.750154972076416
0390,5.2297,6.3720316886901855
0390,1.1554,2.335510015487671
0390,1.1554,2.394688367843628
0390,3.227,5.263371467590332
0390,3.5087,5.051262855529785
0390,3.6746,6.38726282119751
0390,5.7241,6.8368120193481445
0390,2.7061,5.373106479644775
0390,4.0036,5.6490983963012695
0390,4.4187,6.634507179260254
0390,5.3157,5.412411212921143
0390,2.6465,3.1596713066101074
0390,3.0757,5.223485946655273
0390,3.3165,6.245500564575195
0390,4.3364,5.366555213928223
0390,4.7938,5.254293441772461
0390,2.6927,4.407924652099609
0390,2.8647,5.999752044677734
0390,4.102,6.3838019371032715
0390,1.5754,2.304225206375122
0390,1.8559,3.1858932971954346
0390,1.9055,2.397901773452759
0390,2.3777,4.073354721069336
0390,4.3198,5.993993282318115
0390,1.4559,1.995657205581665
0390,2.7119,6.9365692138671875
0390,3.1187,3.5981361865997314
0390,3.1187,2.8045690059661865
0390,3.5268,3.592318534851074
0390,3.659,4.367902755737305
0390,4.2133,3.3935494422912598
0390,1.3191,2.257124185562134
0390,2.5403,8.825794219970703
0390,3.9716,5.098692893981934
0390,2.6698,3.761517286300659
0390,2.8766,4.606729507446289
0390,3.6824,4.811164379119873
0390,4.0077,4.604984283447266
0390,1.0453,2.245697498321533
0390,3.0044,5.062566757202148
0390,1.4924,2.4994916915893555
0390,2.4452,3.7008070945739746
0390,2.9565,7.620494842529297
0390,3.837,7.889406204223633
0390,1.1222,3.903690814971924
0390,1.9867,2.4909238815307617
0390,2.2022,3.2628040313720703
0390,3.8142,6.36417818069458
0390,1.8061,3.214921236038208
0390,1.9936,4.587198734283447
0390,2.343,5.5403289794921875
0390,2.4525,3.8080787658691406
0390,3.7684,4.990969181060791
0390,3.8841,4.256504058837891
0390,2.9854,4.56381893157959
0390,3.0665,5.659365177154541
0390,5.4937,5.956818580627441
0390,5.7886,6.590538024902344
0390,1.3883,2.5979297161102295
0390,2.581,6.501990795135498
0390,2.7307,4.678096294403076
0390,3.5358,5.293051242828369
0390,3.57,4.3631367683410645
0390,2.7287,5.185437202453613
0390,2.9618,5.061940670013428
0390,2.9768,3.9815011024475098
0390,3.2755,5.257555961608887
0390,3.4351,5.952497959136963
0390,5.2267,4.796950817108154
0390,1.481,3.8936643600463867
0390,2.1599,3.319753885269165
0390,2.4896,4.2384033203125
0390,3.2417,3.638981342315674
0390,3.5878,2.4255785942077637
0390,4.7832,6.294177532196045
0390,0.565,2.0564281940460205
0390,1.361,2.1795566082000732
0390,1.411,2.2600221633911133
0390,3.6446,5.050012588500977
0390,4.4858,6.464127540588379
0390,5.9981,6.53013801574707
0390,1.2432,3.2220234870910645
0390,1.6391,5.017613410949707
0390,1.6669,2.3250503540039062
0390,2.3439,5.474654197692871
0390,4.0345,4.93489933013916
0390,0.6877,2.052483320236206
0390,1.924,3.3889853954315186
0390,1.9852,2.506066083908081
0390,2.3375,4.619781970977783
0390,2.4466,4.680567741394043
0390,3.1516,3.599970579147339
0390,2.0131,2.4115169048309326
0390,2.1633,3.5880513191223145
0390,2.3326,3.4469046592712402
0390,2.7025,4.449625492095947
0390,2.805,6.940761089324951
0390,3.7435,4.184189796447754
0390,5.167,7.788973331451416
0390,2.1494,2.950206995010376
0390,2.2756,2.5748753547668457
0390,2.7772,7.456788539886475
0390,2.7944,4.2086992263793945
0390,2.9315,4.663808345794678
0390,3.0076,6.740509510040283
0390,3.3425,6.0422515869140625
0390,4.9081,4.759228229522705
0390,1.8728,2.9496889114379883
0390,1.9314,2.88670015335083
0390,3.1044,6.679875373840332
0390,3.2462,5.6924052238464355
0390,3.4001,6.3092169761657715
0390,5.7296,7.713039398193359
0390,1.2406,3.0218093395233154
0390,1.6185,3.613755226135254
0390,1.6657,2.6240813732147217
0390,2.1843,2.304161787033081
0390,2.2725,2.240489959716797
0390,2.7134,3.7243664264678955
0390,2.7954,2.8913896083831787
0390,3.6048,3.8391454219818115
0390,1.2936,1.6596007347106934
0390,3.36,4.374587535858154
0390,3.36,3.6734189987182617
0390,3.4025,4.305790901184082
0390,3.914,6.044900417327881
0390,4.2952,5.890382289886475
0390,1.2096,2.194125175476074
0390,1.3485,2.413414239883423
0390,2.1616,2.9922304153442383
0390,2.3663,3.33686900138855
0390,3.2425,5.195512294769287
0390,4.8287,6.666318416595459
0390,2.7441,5.935642242431641
0390,3.5975,6.057466983795166
0390,4.0442,6.111665725708008
0390,4.7861,5.437280654907227
0390,6.0603,6.926208972930908
0390,2.0751,3.036895275115967
0390,2.3248,3.5627622604370117
0390,2.3635,3.7312304973602295
0390,3.2037,5.7920145988464355
0390,3.6649,3.592318534851074
0390,4.2804,5.192470073699951
0390,4.7967,6.329753398895264
0390,2.5852,3.2451844215393066
0390,3.7129,4.0753278732299805
0390,4.0941,6.000951290130615
0390,0.9446,4.106225490570068
0390,0.9552,3.006021738052368
0390,1.0638,2.6727712154388428
0390,1.7916,2.4401485919952393
0390,1.7916,2.0811405181884766
0390,2.897,2.8343489170074463
0390,4.4825,6.1302809715271
0390,4.5975,7.056339263916016
0390,5.2137,6.138370037078857
0390,4.0239,6.607658863067627
0390,4.1757,6.969337463378906
0390,4.2636,5.881734371185303
0390,4.2966,6.345706462860107
0390,1.7788,2.6281776428222656
0390,2.7797,2.892139434814453
0390,2.8973,3.0698659420013428
0390,2.9227,2.870887517929077
0390,3.2758,3.305765151977539
0390,3.7308,6.5920538902282715
0390,1.4407,1.994376301765442
0390,1.484,2.2399163246154785
0390,2.9596,3.663686752319336
0390,2.98,6.235448837280273
0390,3.4231,6.721574306488037
0390,4.2235,4.648542881011963
0390,1.756,2.8108747005462646
0390,3.0701,3.6817286014556885
0390,3.4099,2.747001886367798
0390,3.9469,3.8436052799224854
0390,1.3747,2.160501718521118
0390,1.6878,2.68613600730896
0390,2.3204,2.8523547649383545
0390,2.3499,3.1520586013793945
0390,2.5297,3.38427472114563
0390,2.8434,2.7888906002044678
0390,3.4928,2.683912992477417
0390,3.5352,2.8681652545928955
0390,2.0762,4.623500823974609
0390,2.5739,5.043050289154053
0390,3.4245,4.893743991851807
0390,3.7792,5.481753349304199
0390,3.8849,7.595307350158691
0390,4.3274,6.128332138061523
0390,1.9425,2.517470598220825
0390,1.9513,2.7245595455169678
0390,1.9922,6.672338962554932
0390,2.032,3.1042208671569824
0390,3.3806,4.34625768661499
0390,4.4104,5.610744953155518
0390,4.9317,5.145850658416748
0390,0.9006,2.3153345584869385
0390,1.0241,2.5861656665802
0390,1.2381,2.8517260551452637
0390,2.7316,4.192293167114258
0390,4.1064,3.394756317138672
0390,5.2725,6.562908172607422
0390,1.7894,2.5815939903259277
0390,1.7894,5.261416912078857
0390,2.2922,2.6375908851623535
0390,3.791,5.4869279861450195
0390,1.286,2.5679879188537598
0390,1.5689,3.14998197555542
0390,1.6171,2.7039895057678223
0390,2.1645,2.4093668460845947
0390,5.0238,6.17630672454834
0390,2.2796,3.3384737968444824
0390,2.3661,5.520875930786133
0390,2.8513,3.652207612991333
0390,3.0025,4.605170726776123
0390,1.2442,3.365912675857544
0390,1.7183,2.2111122608184814
0390,2.2858,3.6096572875976562
0390,3.3857,6.710792541503906
0390,4.0584,4.310766220092773
0390,1.3343,3.2669472694396973
0390,2.4503,2.362963914871216
0390,2.9488,4.9674072265625
0390,3.2977,5.289467811584473
0390,4.1025,6.133891582489014
0390,4.429,7.0931220054626465
0390,5.04,6.642510414123535
0390,5.184,5.989095211029053
0390,1.5655,2.109332799911499
0390,1.7257,4.641443729400635
0390,1.9355,2.1332972049713135
0390,3.7291,4.5470428466796875
0390,4.1786,2.2826621532440186
0390,1.1269,1.8394925594329834
0390,2.1722,3.245023488998413
0390,2.2492,2.035547971725464
0390,3.2064,3.1146233081817627
0390,1.7852,4.576279640197754
0390,3.3069,5.824387550354004
0390,3.9315,5.340639591217041
0390,0.4839,2.070956230163574
0390,2.0304,3.7005574703216553
0390,2.2044,3.3819706439971924
0390,2.64,2.7266995906829834
0390,2.9765,6.531569480895996
0390,3.7381,3.6693990230560303
0390,4.5622,6.499818801879883
0390,1.1662,3.725067138671875
0390,2.7282,3.144237518310547
0390,3.3858,3.629781723022461
0390,3.4787,4.186436176300049
0390,3.6516,3.0162549018859863
0390,4.258,6.459956169128418
0390,4.4677,4.64663028717041
0390,1.1396,1.936749815940857
0390,1.6459,2.5877885818481445
0390,1.9293,4.07727575302124
0390,2.2968,4.4410858154296875
0390,2.4825,2.8523519039154053
0390,6.1789,5.103248596191406
0390,1.6655,1.9926238059997559
0390,2.1405,2.8851919174194336
0390,2.3457,3.25095796585083
0390,2.4051,3.3772222995758057
0390,3.277,7.445531845092773
0390,3.3245,3.5902693271636963
0390,4.7666,6.229795932769775
0390,5.1565,6.624612331390381
0390,1.0399,2.5346500873565674
0390,1.4826,2.0773091316223145
0390,1.6178,2.8777475357055664
0390,2.5784,5.39724588394165
0390,4.4136,7.151607990264893
0390,0.7839,1.7536137104034424
0390,1.5121,3.0027716159820557
0390,1.6105,2.474494457244873
0390,2.1792,3.4659550189971924
0390,3.4724,4.883547782897949
0390,0.5037,1.860381841659546
0390,0.9924,3.3521533012390137
0390,1.2024,2.27945613861084
0390,1.2864,2.8852298259735107
0390,5.6109,4.862125396728516
0390,1.0142,2.314450740814209
0390,3.7952,5.626558780670166
0390,3.8043,4.167572021484375
0390,4.785,6.710688591003418
0390,6.3902,7.89363956451416
0390,1.1379,2.9684784412384033
0390,1.7689,2.8442139625549316
0390,1.9696,3.9744040966033936
0390,2.7365,2.8691720962524414
0390,3.2665,2.564772129058838
0390,1.2117,2.552264928817749
0390,1.2191,2.5196685791015625
0390,2.39,4.621814727783203
0390,3.5174,3.3604736328125
0390,4.5695,5.365821361541748
0390,4.933,5.889307498931885
0390,5.0845,7.73011589050293
0390,1.3709,3.921825408935547
0390,1.5688,2.336122751235962
0390,2.6479,3.1154892444610596
0390,3.3434,5.591458797454834
0390,3.8772,7.318972587585449
0390,3.8772,7.04674768447876
0390,4.1421,6.005173683166504
0390,0.6257,4.565718173980713
0390,0.6257,3.933077335357666
0390,0.9603,1.6397533416748047
0390,1.6564,3.3442041873931885
0390,2.0982,6.417953014373779
0390,2.2755,4.308817386627197
0390,6.0364,6.187522888183594
0390,1.1663,2.239187002182007
0390,1.2161,3.9010424613952637
0390,1.4628,2.8156216144561768
0390,2.8533,6.432990550994873
0390,3.1456,6.792221546173096
0390,3.1674,5.570870399475098
0390,3.8942,6.031423091888428
0390,4.0818,3.6149771213531494
0390,1.2552,2.2051148414611816
0390,1.7247,5.798258304595947
0390,1.788,3.2088873386383057
0390,2.1139,5.932379245758057
0390,3.7106,2.4633102416992188
0390,4.7285,5.852906703948975
0390,5.0399,5.781703948974609
0390,5.5029,7.268514633178711
0390,0.9664,2.2038214206695557
0390,1.714,3.4962241649627686
0390,1.8217,2.785045862197876
0390,1.9706,3.152827024459839
0390,2.3967,6.87399435043335
0390,3.1356,5.092069149017334
0390,2.7696,3.5576915740966797
0390,3.4755,6.348071098327637
0390,4.0022,4.536879062652588
0390,4.0575,5.297585964202881
0390,4.6551,6.785427570343018
0390,4.8855,6.527395725250244
0390,5.039,5.8777384757995605
0390,1.5617,5.565347671508789
0390,3.1519,4.546577453613281
0390,3.2686,2.971262216567993
0390,3.2686,3.404918670654297
0390,4.3588,6.059012413024902
0390,4.6364,6.256694793701172
0390,2.0088,3.132265329360962
0390,2.2814,2.995912551879883
0390,2.636,2.461693286895752
0390,3.0285,4.344720840454102
0390,3.8074,6.529337406158447
0390,4.8782,7.423349857330322
0390,1.0946,2.034113645553589
0390,3.3976,5.92087459564209
0390,3.6045,3.8380022048950195
0390,3.6076,6.741973400115967
0390,6.5948,7.265854835510254
0390,1.2805,2.289733648300171
0390,2.0123,2.600998878479004
0390,2.1733,3.032949686050415
0390,2.4936,2.6350317001342773
0390,3.504,5.90594482421875
0390,3.6111,3.0067527294158936
0390,5.3032,6.324613094329834
0390,5.7631,7.737215042114258
0390,2.4075,4.6466875076293945
0390,2.768,4.635129451751709
0390,2.768,4.408623218536377
0390,2.7758,5.670567512512207
0390,5.2736,8.972635269165039
0390,5.2779,6.307535648345947
0390,2.4428,7.337376594543457
0390,2.8252,4.395115852355957
0390,3.2468,6.263697147369385
0390,3.6604,6.088613033294678
0390,4.1497,5.420018196105957
0390,5.0439,7.263514995574951
0390,5.7172,6.855201721191406
0390,1.6652,2.5111374855041504
0390,2.2527,2.7422285079956055
0390,2.3777,3.9849700927734375
0390,2.8113,4.7533063888549805
0390,4.7249,6.320272922515869
0390,2.4376,4.145773410797119
0390,2.9441,3.6672234535217285
0390,3.2009,5.221677303314209
0390,3.2097,4.1521735191345215
0390,3.6016,5.846695899963379
0390,4.4295,6.48864221572876
0390,1.6592,2.340780258178711
0390,2.1256,3.138209104537964
0390,2.278,2.6452670097351074
0390,2.7508,4.162580490112305
0390,2.8589,2.7354772090911865
0390,3.0026,2.990593671798706
0390,4.5288,7.5302839279174805
0390,2.2445,6.575563907623291
0390,2.2445,3.8916573524475098
0390,2.2519,6.319005966186523
0390,2.2849,3.024240255355835
0390,3.8211,5.884432315826416
0390,2.0238,5.097315788269043
0390,2.5857,4.951093673706055
0390,2.7761,2.831000328063965
0390,3.0972,4.444716930389404
0390,4.5844,3.9140031337738037
0390,0.9883,2.2647297382354736
0390,1.2026,2.0464282035827637
0390,1.5138,2.1543684005737305
0390,1.9358,3.7212109565734863
0390,2.0279,2.725280284881592
0390,1.5281,5.332524299621582
0390,2.9137,6.206841468811035
0390,0.9441,2.170909881591797
0390,1.2325,3.882009744644165
0390,1.7792,3.703436851501465
0390,1.9009,4.943988800048828
0390,4.2569,5.037253379821777
0390,0.6634,1.973324179649353
0390,0.9428,2.0464282035827637
0390,1.3293,3.8172764778137207
0390,5.0252,6.4484992027282715
0390,5.7762,6.923092365264893
0390,1.6545,2.7001466751098633
0390,2.2367,3.435457706451416
0390,3.2777,5.301719665527344
0390,3.3878,5.782887935638428
0390,3.9404,4.280659198760986
0390,4.5396,5.790181636810303
0390,1.88,6.266746997833252
0390,2.6673,3.4036879539489746
0390,3.0448,2.733281135559082
0390,4.06,6.315184593200684
0390,4.502,6.201966762542725
0390,1.4761,3.0259580612182617
0390,1.5435,2.227872133255005
0390,2.7069,3.6154448986053467
0390,3.6643,3.841165542602539
0390,3.674,6.951706409454346
0390,3.8252,2.7826459407806396
0390,4.7192,6.159592628479004
0390,4.9446,4.973705768585205
0390,1.2846,3.010118246078491
0390,2.2271,2.57649564743042
0390,2.9005,3.059458017349243
0390,3.1508,5.904995918273926
0390,3.6961,4.3095245361328125
0390,4.5548,8.002923011779785
0390,5.461,3.8292593955993652
0390,1.1132,2.2030036449432373
0390,1.4997,2.3495547771453857
0390,2.3309,3.588360548019409
0390,2.3837,3.796499013900757
0390,4.043,6.0069756507873535
0390,4.043,5.834536552429199
0390,0.5744,1.8111276626586914
0390,1.7262,2.9742960929870605
0390,1.8743,3.498662233352661
0390,2.0831,3.8662829399108887
0390,2.2045,5.839658260345459
0390,2.4529,4.402866840362549
0390,2.8147,3.475743532180786
0390,3.6349,7.902411460876465
0390,1.3155,2.2516770362854004
0390,1.444,2.3800606727600098
0390,1.7732,2.6364173889160156
0390,2.0298,4.314774036407471
0390,2.3545,1.9923573732376099
0390,3.1287,2.6014204025268555
0390,5.4281,5.057285785675049
0390,3.7453,5.84712028503418
0390,5.0399,7.31323766708374
0390,1.9938,3.4032115936279297
0390,2.0388,4.1558637619018555
0390,2.843,2.723626136779785
0390,1.8491,2.828984260559082
0390,1.8797,6.909357070922852
0390,3.3959,4.140724182128906
0390,4.6898,5.529663562774658
0390,1.3459,2.4415841102600098
0390,1.4345,3.6253461837768555
0390,2.5749,6.21444845199585
0390,3.1309,5.262938022613525
0390,3.3966,4.810257911682129
0390,3.6398,5.536218643188477
0390,4.5986,7.142772197723389
0390,5.1575,9.193013191223145
0390,1.6756,2.7893896102905273
0390,2.3635,7.768537521362305
0390,2.6145,5.688103675842285
0390,1.5681,2.3821380138397217
0390,1.6562,4.892737865447998
0390,2.486,5.2053422927856445
0390,2.6235,2.97295880317688
0390,2.6797,3.010160207748413
0390,2.7167,2.872661828994751
0390,3.1492,4.573156833648682
0390,3.3802,5.764253616333008
0390,1.455,2.329444169998169
0390,2.2883,4.098568439483643
0390,2.4662,5.781508922576904
0390,2.5287,3.1252055168151855
0390,3.1863,4.6082258224487305
0390,5.412,6.319894790649414
0390,1.8138,2.0396549701690674
0390,2.5866,5.680688858032227
0390,3.1076,5.016919136047363
0390,3.1933,3.4109907150268555
0390,3.3155,6.392173767089844
0390,3.9776,3.9708542823791504
0390,4.0927,7.299893856048584
0390,2.1127,2.7039895057678223
0390,2.5877,4.684028625488281
0390,2.6276,4.512129783630371
0390,2.6523,2.8144779205322266
0390,2.677,3.0352284908294678
0390,3.0849,4.398011684417725
0390,3.2956,5.467843055725098
0390,3.3536,3.2236011028289795
0390,2.4054,3.7531042098999023
0390,2.6992,2.8590009212493896
0390,2.845,3.796496629714966
0390,4.1952,4.68836784362793
0390,5.099,6.661595821380615
0390,3.8531,6.057637691497803
0390,3.9078,4.828521251678467
0390,4.1038,5.402458667755127
0390,4.4619,4.766672134399414
0390,4.6333,7.0366058349609375
0390,2.7706,5.503571510314941
0390,3.1847,6.443149566650391
0390,3.3116,6.594486236572266
0390,4.0155,6.721642017364502
0390,1.1094,1.9894516468048096
0390,3.2767,5.49989652633667
0390,3.623,5.457919597625732
0390,3.6617,4.829119682312012
0390,0.9357,2.4936864376068115
0390,1.3749,2.456935405731201
0390,1.4854,2.3129308223724365
0390,3.1981,3.6335954666137695
0390,3.2821,3.4688849449157715
0390,3.8377,4.875454902648926
0390,4.0488,5.026965141296387
0390,6.0947,8.968267440795898
0390,1.4415,2.6281135082244873
0390,1.4935,2.0537524223327637
0390,1.8118,2.5605006217956543
0390,2.8378,3.549732208251953
0390,3.0664,2.7354772090911865
0390,5.4635,6.575343132019043
0390,1.6011,2.3770899772644043
0390,3.0238,2.9570789337158203
0390,3.6954,3.7637007236480713
0390,4.2107,3.957929849624634
0390,5.187,6.818576335906982
0390,5.2209,4.960849285125732
0390,5.4539,7.174849033355713
0390,1.1505,1.8927700519561768
0390,1.5998,3.4255526065826416
0390,2.3402,6.578137397766113
0390,2.4333,3.5936665534973145
0390,2.4722,3.1496834754943848
0390,3.1393,4.854421615600586
0390,3.2045,4.064860820770264
0390,2.3477,3.8978052139282227
0390,2.6338,2.8726747035980225
0390,2.934,4.748373508453369
0390,3.2908,5.744736194610596
0390,4.4392,5.281041145324707
0390,4.5865,4.10869026184082
0390,4.9832,8.991129875183105
0390,7.2499,6.990881443023682
0390,2.5477,3.7882299423217773
0390,2.7433,2.6578526496887207
0390,2.7605,3.394148349761963
0390,2.828,2.886821985244751
0390,3.1943,3.503408908843994
0390,3.4124,3.265167474746704
0390,3.5189,3.1848857402801514
0390,6.0279,7.153666973114014
0390,1.0304,1.704568862915039
0390,1.1955,4.238019943237305
0390,1.6348,3.2771546840667725
0390,1.9838,2.483309268951416
0390,2.482,3.9146223068237305
0390,4.7581,7.660995006561279
0390,3.6479,4.5439629554748535
0390,3.9185,5.342804431915283
0390,4.2001,6.297436237335205
0390,4.2978,7.218163013458252
0390,4.4853,3.712064027786255
0390,6.1634,6.812919616699219
0390,1.9372,2.5792274475097656
0390,2.1036,3.5953140258789062
0390,2.5342,6.92990255355835
0390,2.6443,4.609425067901611
0390,2.6534,3.374838352203369
0390,3.0945,3.1058425903320312
0390,1.2526,2.446070671081543
0390,2.8528,6.269177436828613
0390,3.0206,3.053818941116333
0390,3.447,4.480162620544434
0390,4.5019,3.627708911895752
0390,0.7105,1.5556432008743286
0390,1.7962,2.591210126876831
0390,2.5379,3.0869359970092773
0390,2.6649,5.798514366149902
0390,2.8811,2.731558322906494
0390,3.5784,4.109086036682129
0390,1.4439,2.7200052738189697
0390,2.8003,3.2265889644622803
0390,3.6854,5.6172308921813965
0390,1.2591,2.407883882522583
0390,1.5565,3.4539806842803955
0390,1.6522,2.875223398208618
0390,1.9997,2.9834232330322266
0390,2.4395,4.745157241821289
0390,2.5452,3.9082725048065186
0390,3.7113,6.218392848968506
0390,3.9679,5.216325283050537
0390,1.8863,2.6474528312683105
0390,1.936,4.238696098327637
0390,2.3603,3.105790138244629
0390,2.6634,5.46176290512085
0390,2.7465,6.2008490562438965
0390,3.4595,5.459320545196533
0390,0.986,3.082902193069458
0390,1.4969,2.5912201404571533
0390,1.8248,5.530238151550293
0390,5.0199,7.284273624420166
0390,5.6419,6.298268795013428
0390,2.1299,3.988062620162964
0390,2.3669,2.622476100921631
0390,2.5157,6.5371832847595215
0390,2.9034,2.992547035217285
0390,3.616,4.920026779174805
0390,4.1252,5.158132553100586
0390,5.1499,6.304841995239258
0390,2.1742,2.6977522373199463
0390,2.6172,4.274188041687012
0390,2.8387,8.668814659118652
0390,3.0212,3.1321725845336914
0390,3.1502,2.763303518295288
0390,3.2893,7.207690715789795
0390,4.5591,7.755502700805664
0390,1.2488,5.516970634460449
0390,1.2488,5.516970634460449
0390,1.2488,4.446139335632324
0390,2.3691,3.8212621212005615
0390,3.5789,5.277249336242676
0390,4.6397,7.005377769470215
0390,1.6124,2.2556092739105225
0390,1.9818,4.669528961181641
0390,2.0336,4.715611934661865
0390,2.6009,3.6546781063079834
0390,2.7555,2.9171478748321533
0390,3.186,7.297942161560059
0390,3.186,6.879371166229248
0390,3.6755,5.310252666473389
0390,2.049,2.855583906173706
0390,2.3666,2.804826259613037
0390,2.5502,4.700751781463623
0390,3.1583,4.586959362030029
0390,4.5271,7.940608501434326
0390,1.5364,2.4798057079315186
0390,2.811,6.0459818840026855
0390,3.1956,3.377263069152832
0390,3.9659,5.179843902587891
0390,1.7284,3.2393417358398438
0390,3.3347,5.773800849914551
0390,5.3251,7.1921186447143555
0390,6.1395,7.963557720184326
0390,1.3534,2.310573101043701
0390,1.474,2.163301706314087
0390,1.6186,2.810822010040283
0390,2.1582,3.595827341079712
0390,2.2388,2.4978420734405518
0390,4.2904,4.587179183959961
0390,5.1311,6.4993181228637695
0390,5.7155,8.746638298034668
0390,1.1359,2.5613532066345215
0390,2.1274,2.5077788829803467
0390,2.1304,3.0833795070648193
0390,2.4267,2.8206686973571777
0390,2.5899,2.9118974208831787
0390,3.188,3.9239003658294678
0390,1.2679,2.905316114425659
0390,1.2752,3.7276265621185303
0390,1.3186,3.6298294067382812
0390,2.9018,3.103999376296997
0390,3.592,3.7853078842163086
0390,4.0325,5.56581974029541
0390,1.2663,2.004772663116455
0390,1.4093,3.3525190353393555
0390,1.6605,3.773627758026123
0390,3.3603,6.161211967468262
0390,4.089,4.590831279754639
0390,4.9514,7.285466194152832
0390,2.3248,3.4730894565582275
0390,2.3248,2.885777711868286
0390,3.0947,5.865204811096191
0390,4.8336,6.096343994140625
0390,1.2096,3.6821436882019043
0390,2.81,3.9754693508148193
0390,3.0441,3.091583728790283
0390,1.5173,3.168379306793213
0390,1.6395,2.790541887283325
0390,2.7404,3.343703269958496
0390,2.8339,3.2227869033813477
0390,3.0827,3.352661609649658
0390,3.6062,4.710920333862305
0390,4.0502,6.65708589553833
0390,1.6669,4.321249485015869
0390,1.702,2.5414090156555176
0390,4.004,5.961608409881592
0390,4.2496,5.737994194030762
0390,4.4665,4.173734664916992
0390,5.049,7.527312755584717
0390,5.7619,7.158197402954102
0390,1.4391,2.502415418624878
0390,2.6054,3.577378511428833
0390,3.2005,5.81596565246582
0390,3.5145,4.906622886657715
0390,1.4343,2.096176862716675
0390,2.3391,3.77939510345459
0390,2.4701,4.9554595947265625
0390,2.8365,4.995800971984863
0390,3.884,7.354053020477295
0390,1.3332,1.8989622592926025
0390,2.5434,5.652413368225098
0390,2.9821,2.9640274047851562
0390,4.3853,5.596404075622559
0390,0.7653,2.4437944889068604
0390,1.9368,2.865077018737793
0390,3.5804,4.653873920440674
0390,4.7989,7.073141574859619
0390,1.0773,2.393125534057617
0390,1.3673,2.327930450439453
0390,2.3389,2.918477773666382
0390,2.9995,4.005705833435059
0390,4.9706,5.279726505279541
0390,1.8605,2.630985975265503
0390,1.912,3.2911977767944336
0390,1.924,6.292479038238525
0390,2.1662,2.4237747192382812
0390,0.5639,2.0779507160186768
0390,1.4165,2.1959190368652344
0390,2.1374,3.6958320140838623
0390,2.432,4.444716930389404
0390,2.7059,2.8419811725616455
0390,3.06,8.696911811828613
0390,5.0859,7.864526271820068
0390,1.3896,2.120418071746826
0390,1.9971,4.21652889251709
0390,2.2756,2.641295909881592
0390,2.5601,3.9728169441223145
0390,3.4905,5.25469446182251
0390,3.8633,6.843376159667969
0390,2.2367,3.6067416667938232
0390,2.3064,2.740198850631714
0390,2.9044,4.125049114227295
0390,3.8456,6.00018310546875
0390,4.3601,5.751203536987305
0390,2.9677,2.719994068145752
0390,3.2083,3.457810640335083
0390,4.6855,6.145747661590576
0390,4.8409,5.727822780609131
0390,5.5084,7.1231255531311035
0390,5.5084,7.127190589904785
0390,1.8308,2.2213854789733887
0390,2.484,4.177412033081055
0390,2.8359,3.634747266769409
0390,3.2492,8.932154655456543
0390,4.2205,6.101592540740967
0390,1.0069,1.9562773704528809
0390,1.1054,2.364856719970703
0390,1.1169,2.8863792419433594
0390,1.8963,5.773826599121094
0390,2.0419,3.5758540630340576
0390,4.3266,7.326576232910156
0390,1.1351,3.166879415512085
0390,1.1622,3.534273386001587
0390,2.673,5.118624210357666
0390,2.7232,3.971036911010742
0390,4.1793,4.617782115936279
0390,2.0835,3.7122325897216797
0390,3.7532,3.548665761947632
0390,3.9332,5.901309013366699
0390,5.7627,6.718261241912842
0390,0.7416,3.213801622390747
0390,1.593,2.289733648300171
0390,1.9161,2.7357661724090576
0390,2.0723,3.2650537490844727
0390,3.3237,6.018763065338135
0390,4.7879,4.960849285125732
0390,1.0751,1.8124821186065674
0390,1.445,2.555384635925293
0390,3.3074,3.23675537109375
0390,3.4442,4.331446647644043
0390,3.7622,3.199246644973755
0390,4.5692,7.233033180236816
0390,4.6349,7.399266719818115
0390,4.8998,8.20169734954834
0390,0.5059,1.9035578966140747
0390,1.3143,3.202256202697754
0390,1.4936,2.968061923980713
0390,1.6062,4.738067150115967
0390,2.2302,4.513202667236328
0390,2.5733,2.8761215209960938
0390,3.5381,4.233907222747803
0390,3.547,6.205467224121094
0390,2.0336,4.353128910064697
0390,2.2752,4.30384635925293
0390,3.367,5.944883346557617
0390,4.2559,8.070293426513672
0390,4.3741,7.457510948181152
0390,4.8378,5.8158135414123535
0390,4.9214,7.271819114685059
0390,2.2313,3.8081858158111572
0390,2.3695,3.8212621212005615
0390,3.6909,6.336407661437988
0390,5.5012,7.121395587921143
0390,1.6371,4.342307090759277
0390,2.2093,4.748829364776611
0390,3.4379,3.517376184463501
0390,4.1036,4.856869220733643
0390,1.8484,4.145307540893555
0390,2.0553,4.700947284698486
0390,2.0553,4.710322856903076
0390,2.292,2.594775438308716
0390,2.2991,3.0350468158721924
0390,2.8677,5.732111930847168
0390,0.7497,2.027196168899536
0390,0.9415,1.6564967632293701
0390,4.0373,3.9959871768951416
0390,4.583,8.310175895690918
0390,1.3128,2.5361180305480957
0390,2.0893,2.4152650833129883
0390,2.1991,3.949671506881714
0390,2.9049,4.368337631225586
0390,2.9401,4.840853691101074
0390,5.684,4.674839496612549
0390,1.7978,4.675094127655029
0390,2.2518,2.7405521869659424
0390,3.7174,5.966423034667969
0390,3.7684,6.5084357261657715
0390,4.8006,6.15242862701416
0390,5.1982,7.656579494476318
0390,1.2938,2.4443016052246094
0390,1.7811,2.653287887573242
0390,2.0433,2.5689594745635986
0390,2.8953,4.259057521820068
0390,3.0551,4.658816337585449
0390,4.0746,4.967298984527588
0390,4.1783,5.462735652923584
0390,1.4376,2.8903627395629883
0390,2.6229,2.7256364822387695
0390,3.3236,4.13088846206665
0390,3.3927,7.041464805603027
0390,1.5435,3.0750603675842285
0390,1.9702,4.343631267547607
0390,2.2395,4.097915172576904
0390,3.7781,4.764581680297852
0390,1.7817,4.456733703613281
0390,2.1991,4.420905590057373
0390,2.7741,3.2263269424438477
0390,3.1951,5.24566125869751
0390,3.218,3.1053199768066406
0390,3.4383,6.219841003417969
0390,3.5516,6.0377116203308105
0390,4.1478,3.7059438228607178
0390,1.065,1.9800838232040405
0390,1.7765,3.230571985244751
0390,2.6812,5.029181003570557
0390,3.0051,5.647746562957764
0390,3.0081,4.3692121505737305
0390,3.045,4.810046672821045
0390,3.4805,5.422093391418457
0390,3.7225,5.764253616333008
0390,1.8199,2.816157579421997
0390,1.8537,2.612889289855957
0390,2.4767,3.176563024520874
0390,2.8571,4.057348251342773
0390,3.3414,4.974603652954102
0390,3.762,4.456063747406006
0390,1.389,3.1311941146850586
0390,3.6236,5.580907344818115
0390,3.7602,5.344378471374512
0390,4.1181,6.633722305297852
0390,0.6144,2.03391170501709
0390,2.5616,2.7971224784851074
0390,3.1506,5.772390365600586
0390,3.3069,5.602078914642334
0390,3.9409,6.565197467803955
0390,4.1387,3.993746519088745
0390,0.5262,1.6684399843215942
0390,1.874,3.0212059020996094
0390,3.2864,4.421338081359863
0390,3.4887,5.080774784088135
0390,4.4831,4.980908393859863
0390,1.4878,2.629246950149536
0390,1.4947,5.092718601226807
0390,1.7307,3.158827781677246
0390,1.748,3.9445676803588867
0390,3.8913,7.5506157875061035
0390,6.4095,6.273665904998779
0390,1.8172,3.274083137512207
0390,2.5695,4.369731426239014
0390,3.3314,3.807922840118408
0390,3.8002,5.433223724365234
0390,0.6731,3.0114569664001465
0390,2.0622,5.622222900390625
0390,2.0622,5.622222900390625
0390,2.1541,5.575499534606934
0390,2.7763,3.552161931991577
0390,3.7218,7.407898902893066
0390,3.8767,7.1145339012146
0390,0.9551,2.0119247436523438
0390,1.2039,2.2010390758514404
0390,1.4971,2.85737943649292
0390,1.8905,3.0212059020996094
0390,3.3288,2.5615060329437256
0390,3.4784,3.716264009475708
0390,4.234,2.864825963973999
0390,1.7998,2.2359018325805664
0390,2.735,5.915319919586182
0390,2.7395,5.174980163574219
0390,3.7633,4.733764171600342
0390,3.7633,4.789450168609619
0390,3.7663,4.817941665649414
0390,1.3606,3.625488519668579
0390,1.5685,4.421148777008057
0390,1.9768,3.802189350128174
0390,3.0129,5.28874397277832
0390,4.1433,7.496889114379883
0390,4.7126,7.373711585998535
0390,4.7624,7.400750637054443
0390,1.151,3.4324944019317627
0390,2.3846,3.9163358211517334
0390,2.4262,3.4760894775390625
0390,2.9787,4.670370101928711
0390,4.0307,7.398616790771484
0390,2.0067,3.138282299041748
0390,2.762,4.761257648468018
0390,2.8589,2.6578526496887207
0390,2.9228,5.4869279861450195
0390,2.9228,4.467926979064941
0390,2.9228,2.654982805252075
0390,3.13,3.067732572555542
0390,4.4311,7.1797776222229
0390,1.4488,3.4934873580932617
0390,2.0812,3.8086636066436768
0390,2.1801,6.046557903289795
0390,4.4211,5.841169834136963
0390,1.6357,4.169471263885498
0390,1.6593,2.7192676067352295
0390,2.3006,6.288391590118408
0390,2.3006,5.34050989151001
0390,2.4454,3.2719664573669434
0390,2.7934,4.686370372772217
0390,3.3206,5.463042259216309
0390,3.4641,5.580923080444336
0390,0.9008,2.154191255569458
0390,1.4458,5.037394046783447
0390,1.9584,5.665070056915283
0390,2.2835,4.173243999481201
0390,4.8649,4.515440464019775
0390,1.8245,2.667088747024536
0390,2.1147,4.602867603302002
0390,2.3356,4.621678829193115
0390,2.9348,6.504876136779785
0390,3.177,4.5622124671936035
0390,3.8322,5.4733967781066895
0390,5.1359,7.525173187255859
0390,5.1497,7.378050327301025
0390,1.2754,2.8700199127197266
0390,1.5619,2.7833590507507324
0390,1.8401,4.778142929077148
0390,2.4602,4.120667457580566
0390,2.5672,3.374838352203369
0390,2.5721,3.097675323486328
0390,3.1621,2.5545191764831543
0390,4.7501,7.825103282928467
0390,1.3868,1.9799851179122925
0390,1.9517,2.8494935035705566
0390,2.2013,3.8117103576660156
0390,2.2064,4.6623454093933105
0390,3.2504,2.971262216567993
0390,4.7237,6.352635383605957
0390,5.9062,5.958866119384766
0390,1.5958,3.6382627487182617
0390,1.6152,2.8545875549316406
0390,1.6757,3.612405776977539
0390,2.2198,4.676778793334961
0390,2.34,3.3057782649993896
0390,3.3239,5.452018737792969
0390,1.1937,2.15548038482666
0390,1.4291,1.9261184930801392
0390,1.5621,2.555079460144043
0390,2.1413,3.018296241760254
0390,2.3247,3.7690327167510986
0390,2.4964,6.384210586547852
0390,4.1516,6.8182597160339355
0390,6.5863,6.69570255279541
0390,1.4759,3.0929315090179443
0390,1.8245,2.1321048736572266
0390,2.2002,3.290745973587036
0390,3.347,6.8743414878845215
0390,3.5465,3.9429805278778076
0390,3.7749,2.8342535495758057
0390,0.491,2.042081832885742
0390,2.8786,2.9532053470611572
0390,3.0636,2.6004550457000732
0390,3.3003,4.957710266113281
0390,3.353,7.408456325531006
0390,4.1235,5.740317344665527
0390,2.0806,3.0733232498168945
0390,2.5165,5.925657749176025
0390,2.6291,2.7956600189208984
0390,2.769,4.464355945587158
0390,4.2477,4.868492126464844
0390,1.5953,2.7192676067352295
0390,1.8758,4.311154842376709
0390,2.4279,3.370471715927124
0390,2.9138,5.783331871032715
0390,3.2916,7.120118141174316
0390,3.8767,6.002737998962402
0390,6.6532,6.795375823974609
0390,2.9457,3.762120485305786
0390,3.3389,5.551419734954834
0390,3.8263,4.455118656158447
0390,4.0944,6.762259006500244
0390,4.1011,4.174203872680664
0390,5.1595,6.736999988555908
0390,2.2983,7.266479969024658
0390,3.3174,5.902369976043701
0390,3.4636,4.199513912200928
0390,3.7038,3.439117431640625
0390,4.7534,5.592906951904297
0390,1.0943,2.231456995010376
0390,2.014,5.012943744659424
0390,2.3694,2.8287646770477295
0390,2.7645,6.064541339874268
0390,2.7645,6.251205921173096
0390,2.7645,4.235948085784912
0390,2.8856,3.238523006439209
0390,4.1111,6.749786376953125
0390,0.6279,2.5574543476104736
0390,3.7457,4.917314052581787
0390,3.8512,5.387253284454346
0390,5.0724,7.180704593658447
0390,1.3402,2.7128725051879883
0390,2.08,4.351796627044678
0390,2.9996,4.6370744705200195
0390,3.5397,4.178145885467529
0390,3.7814,3.248558759689331
0390,4.3503,7.119076728820801
0390,4.3503,7.444536209106445
0390,0.9271,4.954785346984863
0390,1.0578,2.58443021774292
0390,1.1787,3.5016024112701416
0390,1.7245,2.6536617279052734
0390,3.0683,2.941098213195801
0390,3.1897,3.5242090225219727
0390,3.7915,5.278411865234375
0390,4.0944,5.95836877822876
0390,1.3721,2.9636244773864746
0390,1.422,2.625868558883667
0390,2.4107,5.192333698272705
0390,3.0406,6.291954040527344
0390,4.1129,7.249742031097412
0390,2.0459,4.234584331512451
0390,2.558,6.261030197143555
0390,2.6126,3.2477681636810303
0390,2.8238,5.444855690002441
0390,2.8371,2.9597277641296387
0390,3.7182,4.922996520996094
0390,4.75,8.417654037475586
0390,0.9415,3.8681678771972656
0390,1.5055,3.8662898540496826
0390,3.4262,4.634458541870117
0390,5.3084,6.961678504943848
0390,2.4643,4.888265132904053
0390,3.3515,4.161406993865967
0390,3.956,7.556619644165039
0390,2.0837,2.5120229721069336
0390,4.8897,5.957559585571289
0390,7.3664,7.9162116050720215
0390,1.3236,5.238071441650391
0390,2.2858,5.362471103668213
0390,2.7874,5.854464530944824
0390,4.8734,8.432064056396484
0390,4.9551,5.677608489990234
0390,4.3429,6.244511127471924
0390,1.585,2.693850040435791
0390,3.1893,6.530049800872803
0390,3.6055,7.743447780609131
0390,3.6295,7.041021823883057
0390,3.8729,4.988117218017578
0390,4.147,5.834536552429199
0390,0.7126,2.0494654178619385
0390,1.4717,3.37357759475708
0390,2.3213,4.420424461364746
0390,2.7958,3.2009928226470947
0390,6.3639,11.58411979675293
0390,2.8028,7.456788539886475
0390,3.2822,5.322516918182373
0390,3.7245,6.750852584838867
0390,3.9732,3.1784486770629883
0390,5.3262,6.834253787994385
0390,1.1068,3.4672136306762695
0390,1.3246,2.4412660598754883
0390,1.7034,2.2887375354766846
0390,1.9367,3.864375591278076
0390,3.0705,5.545300006866455
0390,3.5351,7.033089637756348
0390,4.1109,6.014018535614014
0390,4.8757,6.472367763519287
0390,1.1391,2.089754343032837
0390,2.897,4.226070404052734
0390,2.9795,2.8641457557678223
0390,3.0304,6.292818546295166
0390,3.4701,4.758903503417969
0390,3.7648,4.882979393005371
0390,0.6571,2.1697850227355957
0390,1.289,2.2014474868774414
0390,1.6585,4.022312164306641
0390,4.1758,7.5820746421813965
0390,5.3481,7.500728130340576
0390,6.379,6.881811618804932
0390,6.6095,7.06743860244751
0390,0.6807,1.8116251230239868
0390,0.7303,2.0555524826049805
0390,1.4446,3.7229630947113037
0390,1.541,4.13986873626709
0390,3.0286,2.4000649452209473
0390,4.5024,7.0437421798706055
0390,2.096,5.170338153839111
0390,2.7804,5.686120510101318
0390,3.8224,5.345166206359863
0390,1.3425,4.206913471221924
0390,1.7322,3.6547868251800537
0390,3.2625,7.8692121505737305
0390,3.5748,5.273199558258057
0390,1.456,5.773826599121094
0390,2.1516,6.762115001678467
0390,2.6152,5.901331901550293
0390,2.8237,2.508211851119995
0390,3.013,2.7301316261291504
0390,4.1797,5.232483386993408
0390,4.4467,5.927601337432861
0390,2.9142,4.973104000091553
0390,2.9285,6.966785907745361
0390,1.5022,2.448789119720459
0390,2.1917,3.8702316284179688
0390,4.8087,6.841244220733643
0390,4.8801,6.207451343536377
0390,2.7863,5.759948253631592
0390,3.4131,6.014395236968994
0390,3.488,6.024064540863037
0390,4.9319,6.700197219848633
0390,2.4061,3.2006452083587646
0390,3.6143,5.772894859313965
0390,3.8549,5.219110012054443
0390,6.4724,6.101989269256592
0390,2.923,7.320754528045654
0390,3.1824,7.7588276863098145
0390,3.4858,6.276760101318359
0390,3.6216,6.32972526550293
0390,3.8216,6.071174144744873
0390,4.8788,6.777365207672119
0390,6.3791,7.692929267883301
0390,1.9793,4.1246490478515625
0390,3.326,5.000326633453369
0390,3.674,4.800803184509277
0390,0.6765,2.4515225887298584
0390,1.7227,5.723563194274902
0390,3.3191,6.988002300262451
0390,2.1526,2.9948670864105225
0390,2.5247,4.122770309448242
0390,2.7465,3.413939952850342
0390,3.0486,4.1889753341674805
0390,4.7347,6.216244697570801
0390,1.1181,2.416881799697876
0390,1.1211,3.6435415744781494
0390,2.8899,3.7978603839874268
0390,2.8931,5.87003231048584
0390,4.0214,4.540952682495117
0390,4.093,5.280642509460449
0391,2.551,7.0528645515441895
0391,3.0545,8.157236099243164
0391,3.3656,6.697603225708008
0391,4.0408,9.242753028869629
0391,2.6452,7.4507060050964355
0391,3.0234,8.538866996765137
0391,4.1989,7.4274821281433105
0391,2.1432,4.395657539367676
0391,2.7466,6.948733806610107
0391,3.5673,7.299143314361572
0391,3.6679,10.08094310760498
0391,1.8914,6.42583703994751
0391,2.691,6.987614154815674
0391,1.9618,3.8952977657318115
0391,2.7446,7.824952602386475
0391,3.4681,8.887541770935059
0391,3.5505,7.182331562042236
0391,4.0995,8.249262809753418
0391,4.2925,7.727631092071533
0391,4.4006,8.270428657531738
0391,4.5208,7.801715850830078
0391,4.718,8.900206565856934
0391,3.0722,7.986324310302734
0391,2.0187,7.522371768951416
0391,3.1938,6.731298923492432
0391,4.9379,8.59675407409668
0391,4.9945,8.552369117736816
0391,1.4885,4.625593185424805
0391,2.0803,3.1038825511932373
0391,2.372,7.710013389587402
0391,1.5719,7.418837547302246
0391,2.4362,7.305056095123291
0391,2.6569,8.297859191894531
0391,4.6778,9.397302627563477
0391,3.746,9.029484748840332
0391,4.5804,9.289095878601074
0391,3.1855,8.551888465881348
0391,3.3728,8.415461540222168
0391,3.9213,9.449121475219727
0391,2.5926,4.200798034667969
0391,4.2432,8.002055168151855
0391,1.2497,2.979929208755493
0391,4.2032,8.94929313659668
0391,7.2251,6.814825057983398
0391,2.4948,4.6339216232299805
0391,3.0732,7.568121433258057
0391,2.1722,4.888762950897217
0391,2.6685,4.368588447570801
0391,2.9518,6.121374607086182
0391,3.1494,6.731629848480225
0391,2.6462,5.723831653594971
0391,4.2356,7.87272310256958
0391,0.8835,7.262868881225586
0391,2.7762,8.562202453613281
0391,4.9632,9.214458465576172
0391,0.9209,3.408299207687378
0391,2.9905,5.874249458312988
0391,3.2026,8.178421020507812
0391,1.9747,7.021739482879639
0391,2.9573,6.296032428741455
0391,3.6813,7.388806343078613
0391,1.8004,6.726508617401123
0391,1.9177,8.154253005981445
0391,4.0554,6.442718505859375
0391,1.9245,6.6481499671936035
0391,2.1008,7.318661212921143
0391,2.6239,6.843417167663574
0391,2.8861,8.05452823638916
0391,1.8405,3.0413942337036133
0391,2.3588,7.954049110412598
0391,2.8471,6.114335060119629
0391,3.844,9.088353157043457
0391,4.037,7.763045310974121
0391,1.9795,6.094462871551514
0391,2.8399,7.78471040725708
0391,3.5076,7.853676795959473
0391,3.7389,5.655473232269287
0391,0.7958,5.94075345993042
0391,5.8493,8.132187843322754
0391,2.0412,7.762514591217041
0391,2.4049,8.051761627197266
0391,2.9141,5.408820152282715
0391,3.1308,6.961797714233398
0391,4.1744,7.62446928024292
0391,1.7384,3.1406729221343994
0391,3.5092,7.394228935241699
0391,4.0369,8.415270805358887
0391,1.4818,6.840142250061035
0391,1.8935,7.649086952209473
0391,2.1735,5.398958206176758
0391,3.6343,6.566545009613037
0391,3.5216,8.368273735046387
0391,3.5955,4.1933913230896
0391,2.6368,4.612938404083252
0391,2.8767,6.143181800842285
0391,3.154,5.326165199279785
0391,4.516,6.839676380157471
0391,2.0888,6.141705513000488
0391,2.5025,6.90416955947876
0391,3.2081,6.909739971160889
0391,3.2954,5.851052761077881
0391,3.7358,10.087698936462402
0391,2.5202,6.2757720947265625
0391,2.5996,4.499975204467773
0391,6.5952,6.462294578552246
0391,1.999,8.200274467468262
0391,2.2356,3.053471326828003
0391,3.2997,8.263876914978027
0391,2.101,6.708425045013428
0391,2.101,7.644845962524414
0391,2.9524,8.327579498291016
0391,3.3627,8.61953353881836
0391,3.4501,7.848272800445557
0391,0.6337,3.06919527053833
0391,1.3045,3.2824583053588867
0391,2.3353,7.2006049156188965
0391,3.0596,7.27501916885376
0391,4.9279,7.551390171051025
0391,3.0241,7.8180389404296875
0391,4.207,6.264043807983398
0391,4.362,8.111400604248047
0391,1.7246,6.759027481079102
0391,2.4644,4.846065521240234
0391,3.2811,6.755922794342041
0391,3.6982,7.056536674499512
0391,3.1517,6.970469951629639
0391,1.9062,5.155848979949951
0391,3.0657,6.427839756011963
0391,3.2514,7.175185203552246
0391,3.6433,8.89987850189209
0391,3.9468,6.879673004150391
0391,4.2075,9.987861633300781
0391,3.1116,7.2686238288879395
0391,1.4456,2.8820369243621826
0391,3.2293,7.904277324676514
0391,3.6708,8.415373802185059
0391,4.096,6.720167636871338
0391,0.8578,2.5284879207611084
0391,1.3615,4.831989288330078
0391,1.7457,6.762805461883545
0391,1.9201,4.623753547668457
0391,2.2067,5.850431442260742
0391,2.9595,4.185447692871094
0391,2.5742,7.942503452301025
0391,2.7077,6.8825907707214355
0391,3.5706,5.873898983001709
0391,0.9603,4.574947357177734
0391,2.1464,3.4666359424591064
0391,3.1533,3.9272143840789795
0391,3.5432,8.328573226928711
0391,2.5205,8.792677879333496
0391,3.8646,9.784078598022461
0391,4.5074,7.640112400054932
0391,2.5621,8.153369903564453
0391,2.8058,7.818593978881836
0391,3.1448,5.536880016326904
0391,3.4418,5.92446756362915
0391,3.7523,6.679001331329346
0391,4.1973,7.2586798667907715
0391,4.3891,6.835827350616455
0391,6.8531,7.540164470672607
0391,2.855,6.404956817626953
0391,3.3699,8.466086387634277
0391,2.1741,6.776376247406006
0391,2.6935,7.934250354766846
0391,3.0356,8.166549682617188
0391,4.084,8.790534019470215
0391,5.5588,10.62612247467041
0391,5.4541,8.359310150146484
0391,0.5185,3.6143839359283447
0391,1.454,8.271023750305176
0391,1.8487,6.923336982727051
0391,2.4581,4.418482303619385
0391,2.1566,6.771553993225098
0391,4.0211,7.569492816925049
0391,4.0211,7.569492816925049
0391,2.2361,5.635372161865234
0391,2.4669,3.398240327835083
0391,2.7211,3.4079606533050537
0391,6.2377,7.946671962738037
0391,2.3883,7.479215145111084
0391,1.0434,3.195424795150757
0391,1.2957,5.055781364440918
0391,1.6004,3.434274435043335
0391,2.553,5.050307273864746
0391,2.9372,7.358815670013428
0391,2.9835,3.8733997344970703
0391,5.0918,9.783870697021484
0391,1.5291,8.21328353881836
0391,3.7405,8.159320831298828
0391,6.1259,8.576587677001953
0391,6.169,7.731658458709717
0391,3.8386,7.134228706359863
0391,3.8448,8.552901268005371
0391,3.9181,7.962069034576416
0391,2.4939,6.984123706817627
0391,2.704,7.385931015014648
0391,3.1275,6.240828990936279
0391,3.4189,8.295768737792969
0391,0.8996,5.901926517486572
0391,1.0117,3.46185564994812
0391,1.7973,6.762805461883545
0391,2.1489,4.965432643890381
0391,4.1682,7.352320671081543
0391,5.4248,7.076040744781494
0391,3.6461,7.60859489440918
0391,4.5186,7.656186103820801
0391,1.0316,4.273355484008789
0391,2.4989,5.191117763519287
0391,2.6606,6.199820518493652
0391,2.2951,5.965074062347412
0391,2.7613,8.452743530273438
0391,3.1443,6.935311794281006
0391,3.2083,7.898435115814209
0391,0.5391,4.181528091430664
0391,3.1184,6.040396213531494
0391,3.8508,6.1739630699157715
0391,4.5738,9.68757152557373
0391,3.0612,7.271325588226318
0391,5.1142,7.661006450653076
0391,0.626,3.409651041030884
0391,2.5455,8.189355850219727
0391,3.5104,7.866971492767334
0391,4.2428,7.482996940612793
0391,2.2356,6.45985746383667
0391,2.4963,4.414473533630371
0391,1.3756,3.2705447673797607
0391,3.9813,8.508230209350586
0391,4.6747,8.467951774597168
0391,0.8613,6.302079677581787
0391,2.7401,6.301061630249023
0391,3.3975,6.741125106811523
0391,2.0895,5.523199081420898
0391,2.9718,8.595879554748535
0391,6.5706,7.007414817810059
0391,1.5974,7.488285541534424
0391,0.7544,2.9074509143829346
0391,3.8795,7.910632610321045
0391,4.6166,7.054534912109375
0391,1.1714,6.297277450561523
0391,2.2226,6.285983562469482
0391,2.9612,7.555112361907959
0391,4.167,7.0745062828063965
0391,4.3813,8.34056282043457
0391,2.8481,6.639072418212891
0391,3.4495,8.394410133361816
0391,1.9154,7.274062633514404
0391,2.1815,9.0781831741333
0391,5.5655,8.312931060791016
0391,1.0266,4.440215587615967
0391,1.219,5.504092216491699
0391,3.4148,9.496088027954102
0391,3.6562,7.80795955657959
0391,4.7231,7.020721435546875
0391,1.9153,3.2147960662841797
0391,2.267,3.1038825511932373
0391,3.029,7.9050374031066895
0391,3.2927,7.453742027282715
0391,4.0887,7.4274821281433105
0391,1.4835,7.1610002517700195
0391,2.7861,6.480959415435791
0391,3.0702,7.786293029785156
0391,3.3247,7.953231334686279
0391,4.5817,7.6072306632995605
0391,4.7585,7.899437427520752
0391,2.1405,7.146145343780518
0391,2.223,8.71803092956543
0391,3.3034,7.90760612487793
0391,4.0296,8.63917350769043
0391,5.2788,9.84347915649414
0391,2.5124,5.929585933685303
0391,3.174,6.488117218017578
0391,3.474,8.448699951171875
0391,4.6031,6.581429481506348
0391,2.0305,4.784184455871582
0391,2.3105,5.809358596801758
0391,2.5768,3.25788950920105
0391,3.2063,9.227988243103027
0391,1.8137,6.452664852142334
0391,3.2029,5.361216068267822
0391,2.125,3.10589599609375
0391,3.3566,7.782662391662598
0391,2.7741,7.498157024383545
0391,3.6185,9.243863105773926
0391,3.6644,8.509711265563965
0391,1.2155,6.827717304229736
0391,1.6361,6.762805461883545
0391,2.2536,2.9267327785491943
0391,3.6442,7.837317943572998
0391,1.571,6.822042942047119
0391,2.6023,5.956874370574951
0391,3.3673,6.307051658630371
0391,4.1482,2.9036643505096436
0391,6.8733,7.014405727386475
0391,2.1739,7.780050277709961
0391,3.8318,7.515064239501953
0391,1.968,6.9175496101379395
0391,2.178,5.931672096252441
0391,2.6737,7.619102478027344
0391,3.675,7.651392459869385
0391,4.6489,9.368293762207031
0391,0.5619,3.7385241985321045
0391,2.3376,6.378427505493164
0391,2.715,3.9223082065582275
0391,3.8742,9.925018310546875
0391,1.7294,8.244755744934082
0391,5.5773,7.712480068206787
0391,0.7185,6.658246040344238
0391,1.6745,5.886720180511475
0391,2.8303,7.445775985717773
0391,3.0288,7.780979156494141
0391,2.7909,7.681717872619629
0391,3.364,8.910841941833496
0391,3.6292,6.833031177520752
0391,3.7185,5.578336238861084
0391,3.5757,3.595749616622925
0391,4.0035,7.699479103088379
0391,2.7891,7.277777671813965
0391,2.9581,9.074403762817383
0391,3.1685,7.082779407501221
0391,3.4162,6.103090763092041
0391,4.3293,8.192033767700195
0391,0.4674,4.421238899230957
0391,3.0977,7.045213222503662
0391,3.5494,7.288966655731201
0391,1.4991,4.547540664672852
0391,2.5303,3.219344139099121
0391,2.6802,3.398240327835083
0391,3.011,6.564301490783691
0391,3.7157,5.31320333480835
0391,4.6176,7.6488847732543945
0391,4.892,7.551390171051025
0391,5.8215,6.749800682067871
0391,1.6105,3.504051446914673
0391,2.0585,7.329709053039551
0391,4.5124,7.695960998535156
0391,1.1893,4.273887634277344
0391,3.8954,9.925018310546875
0391,1.2203,4.597578048706055
0391,3.2825,7.637770175933838
0391,0.9285,6.956236839294434
0391,1.7106,5.086533069610596
0391,2.2871,6.69669771194458
0391,5.4845,8.68084716796875
0391,2.8739,7.430297374725342
0391,4.2715,7.804636478424072
0391,3.5068,8.105210304260254
0391,3.5776,7.340270519256592
0391,4.202,9.763260841369629
0391,4.202,9.763260841369629
0391,4.9456,8.460973739624023
0391,5.1649,6.663835048675537
0391,2.1987,7.786648273468018
0391,2.6598,6.843417167663574
0391,4.972,9.086718559265137
0391,2.3357,8.678977012634277
0391,2.4252,7.233118057250977
0391,3.3505,5.896775722503662
0391,3.2372,8.576498031616211
0391,4.0376,8.435186386108398
0391,2.9493,7.1305670738220215
0391,2.0001,7.1685099601745605
0391,2.4901,7.756629467010498
0391,2.7311,6.891098499298096
0391,3.3623,7.962378025054932
0391,4.2641,7.923309803009033
0391,7.4626,9.644293785095215
0391,2.4079,3.080191135406494
0391,4.0898,7.987806797027588
0391,4.8844,8.719955444335938
0391,2.8258,7.496626377105713
0391,3.5609,7.769305229187012
0391,3.9165,5.91491174697876
0391,5.469,7.947037220001221
0391,0.4903,4.332034587860107
0391,0.9414,5.890591144561768
0391,3.0227,6.631467819213867
0391,0.5043,3.6002936363220215
0391,3.8986,6.567814350128174
0391,2.4662,7.607814311981201
0391,3.2817,7.637770175933838
0391,5.057,8.699295043945312
0391,5.7093,7.4311628341674805
0391,2.2772,5.4051103591918945
0391,2.3942,6.276208877563477
0391,2.6282,7.971203327178955
0391,2.6344,5.524283409118652
0391,1.1148,4.894126892089844
0391,1.8142,3.1038825511932373
0391,2.0179,5.121161460876465
0391,3.8726,5.32307243347168
0391,1.3016,5.802621364593506
0391,3.3851,6.1337432861328125
0391,3.4308,7.966742515563965
0391,5.2416,7.6466217041015625
0391,0.516,6.003938674926758
0391,1.1958,2.3315486907958984
0391,2.3192,5.818614959716797
0391,2.4236,3.1188035011291504
0391,2.7159,7.5498809814453125
0391,3.7308,5.32709264755249
0391,1.9644,3.1631345748901367
0391,2.2233,3.3687527179718018
0391,4.5402,6.319681167602539
0391,3.5142,6.989734172821045
0391,3.8151,9.398818969726562
0391,1.1543,5.617665767669678
0391,3.0915,9.566174507141113
0391,3.3622,8.910841941833496
0391,0.8935,5.061755657196045
0391,1.797,5.375101566314697
0391,3.5027,5.6558918952941895
0391,3.8914,8.883808135986328
0391,4.1128,6.688876152038574
0391,4.2663,5.570086479187012
0391,4.6369,6.849478244781494
0391,2.0719,3.0591866970062256
0391,2.0957,6.533381938934326
0391,3.7394,8.873353958129883
0391,4.8502,7.908198356628418
0391,1.449,2.7277376651763916
0391,3.1428,9.085858345031738
0391,3.1846,7.419440746307373
0391,5.5761,10.49812126159668
0391,1.352,2.479189395904541
0391,1.5465,3.2780613899230957
0391,1.9219,3.0591866970062256
0391,4.7903,7.806153297424316
0391,4.9753,6.775550365447998
0391,2.417,4.853517055511475
0391,3.7346,6.752497673034668
0391,4.4952,9.067933082580566
0391,3.1083,8.57455825805664
0391,3.178,8.32718563079834
0391,3.606,5.875927448272705
0391,3.0234,8.123662948608398
0391,3.211,8.753275871276855
0391,4.9643,8.003822326660156
0391,2.5303,8.114118576049805
0391,2.6763,7.34408712387085
0391,3.4281,7.246832847595215
0391,4.0265,7.025260925292969
0391,4.7974,8.456457138061523
0391,4.9465,7.681600093841553
0391,1.773,6.168509006500244
0391,2.6135,7.014065742492676
0391,3.3007,6.956280708312988
0391,4.5747,7.970911502838135
0391,2.0233,2.873365879058838
0391,2.6876,6.994973182678223
0391,2.921,7.00800895690918
0391,4.7777,6.369706153869629
0391,1.3227,7.047739505767822
0391,1.3558,4.105428218841553
0391,2.7756,7.653724193572998
0391,3.4534,7.5054779052734375
0391,4.5603,8.90281867980957
0391,3.6472,7.732189178466797
0391,3.6472,3.743712902069092
0391,5.3799,7.657987594604492
0391,6.0037,6.899680137634277
0391,1.0352,2.3315486907958984
0391,2.0323,3.1038825511932373
0391,2.2878,2.7823402881622314
0391,3.0716,5.812073707580566
0391,3.3321,8.309968948364258
0391,3.4057,3.4041759967803955
0391,4.0278,7.076898097991943
0391,2.8879,6.756476879119873
0391,2.8879,6.756476879119873
0391,4.0707,6.77580451965332
0391,6.9451,7.438802719116211
0391,2.9921,8.792677879333496
0391,3.0229,7.551938056945801
0391,5.0652,8.543405532836914
0391,1.1832,5.3120293617248535
0391,1.7435,6.685433864593506
0391,2.7971,8.83584976196289
0391,3.3817,8.671419143676758
0391,2.1511,4.510763645172119
0391,2.5194,8.27639389038086
0391,3.326,5.934895992279053
0391,3.8827,8.741560935974121
0391,4.8509,8.174663543701172
0391,3.0572,8.112808227539062
0391,3.4825,7.3681793212890625
0391,4.0437,8.074832916259766
0391,4.6016,9.017399787902832
0391,5.4736,9.289761543273926
0391,4.4383,6.610236167907715
0391,4.4685,9.189141273498535
0391,2.6357,7.9055914878845215
0391,3.1483,6.664165496826172
0391,3.6514,8.157465934753418
0391,5.8362,7.975024700164795
0391,1.693,7.370933532714844
0391,2.48,7.191332817077637
0391,3.2906,7.998727798461914
0391,4.209,7.036017894744873
0391,2.6555,7.679491996765137
0391,3.1832,6.436032772064209
0391,3.6486,7.818856716156006
0391,4.7016,8.074241638183594
0391,0.6918,3.7064740657806396
0391,2.0971,6.124104022979736
0391,2.4088,5.491848468780518
0391,3.57,7.657984733581543
0391,4.8824,8.62590503692627
0391,1.7732,7.079708099365234
0391,2.3502,9.033957481384277
0391,5.5554,8.791194915771484
0391,3.5656,7.528895378112793
0391,1.6212,4.820779800415039
0391,3.7783,7.107039928436279
0391,3.8444,8.88455581665039
0391,2.2746,7.6768317222595215
0391,2.6631,7.2850117683410645
0391,2.787,6.004119873046875
0391,3.1543,7.469707012176514
0391,3.439,8.968122482299805
0391,3.93,6.861993312835693
0391,2.46,6.010168552398682
0391,4.2341,8.0298490524292
0391,6.5156,10.49812126159668
0391,1.6299,8.670855522155762
0391,1.7408,6.696047782897949
0391,2.0007,7.339352130889893
0391,3.0663,5.622476577758789
0391,3.3469,8.291733741760254
0391,3.7854,8.206521987915039
0391,2.2693,6.270900726318359
0391,4.0602,8.151762008666992
0391,4.0988,7.477503776550293
0391,4.1139,7.489994049072266
0391,4.3466,8.0369234085083
0391,6.0387,8.637621879577637
0391,2.6045,8.424593925476074
0391,3.1315,7.325442314147949
0391,1.5612,6.368418216705322
0391,2.7298,6.341269016265869
0391,3.3366,8.269235610961914
0391,3.8195,7.8199567794799805
0391,4.6939,8.355834007263184
0391,4.7064,6.530412197113037
0391,2.4109,7.848600387573242
0391,2.7009,6.447949409484863
0391,3.512,7.160496234893799
0391,3.5475,6.780481815338135
0391,4.0352,7.306602478027344
0391,3.0381,7.811439037322998
0391,3.5627,7.720974445343018
0391,2.5588,7.587812423706055
0391,3.1906,4.660529613494873
0391,5.3924,8.201207160949707
0391,2.2156,3.10589599609375
0391,2.7924,6.9709296226501465
0391,3.5198,7.451053619384766
0391,4.0045,7.349769592285156
0391,5.5669,8.35241413116455
0391,1.6791,6.244912624359131
0391,2.8012,8.264920234680176
0391,2.6895,5.553444862365723
0391,3.7522,9.33540153503418
0391,4.1572,8.96983528137207
0391,4.1861,8.761343002319336
0391,1.5296,5.7964067459106445
0391,3.886,7.169866561889648
0391,1.699,7.333444118499756
0391,2.7686,6.001067638397217
0391,2.8825,8.067875862121582
0391,3.7612,8.811153411865234
0391,4.8733,9.889106750488281
0391,2.107,6.600365161895752
0391,2.1298,6.3997483253479
0391,2.8732,6.355633735656738
0391,4.4528,9.301712989807129
0391,2.557,6.373714447021484
0391,2.8717,6.000617980957031
0391,4.4272,7.265483856201172
0391,2.2385,5.265527725219727
0391,3.0816,7.341515064239502
0391,3.7536,7.361660957336426
0391,4.5286,6.372933387756348
0391,1.4556,6.223753929138184
0391,3.0258,6.987163543701172
0391,2.0488,7.528990745544434
0391,2.0936,7.812514781951904
0391,2.3141,5.415452480316162
0391,3.0802,5.995319843292236
0391,5.1858,7.861629962921143
0391,1.6818,4.487644672393799
0391,4.0921,6.1583967208862305
0391,4.132,8.249929428100586
0391,3.7683,8.68803882598877
0391,2.3341,7.5944318771362305
0391,2.6687,6.544514179229736
0391,2.7155,8.521326065063477
0391,3.3197,8.852251052856445
0391,4.1879,7.422010898590088
0391,4.3949,7.886161804199219
0391,5.5468,7.565693378448486
0391,2.4471,7.835856914520264
0391,3.6881,5.85028600692749
0391,5.5083,7.353294849395752
0391,1.9025,3.4596617221832275
0391,2.0138,6.9125213623046875
0391,3.9082,8.441000938415527
0391,4.2864,6.948087215423584
0391,0.6666,2.7038888931274414
0391,2.5909,8.365921974182129
0391,2.6378,8.188596725463867
0391,3.6548,8.614605903625488
0391,4.0992,7.477503776550293
0391,2.0009,7.1685099601745605
0391,2.9107,5.473298072814941
0391,2.9484,6.199507236480713
0391,2.4067,8.792677879333496
0391,3.7841,8.271974563598633
0391,4.5111,9.553720474243164
0391,2.3414,6.018193244934082
0391,2.5761,8.508810043334961
0391,2.7134,7.924540042877197
0391,5.0146,7.667372703552246
0391,2.8002,7.398528575897217
0391,3.8051,8.80685806274414
0391,4.1765,8.63985824584961
0391,4.8567,9.947484970092773
0391,5.6277,8.260186195373535
0391,1.8985,8.486583709716797
0391,2.9703,7.122017860412598
0391,3.5761,8.91594409942627
0391,3.7323,8.145853996276855
0391,2.9027,6.742313385009766
0391,3.9126,7.369063377380371
0391,3.1999,6.529598236083984
0391,3.7596,4.753388404846191
0391,0.739,4.730137825012207
0391,2.5192,6.254703998565674
0391,4.1192,7.0979156494140625
0391,1.1846,2.947882890701294
0391,1.6172,3.1038825511932373
0391,1.7843,2.6546995639801025
0391,3.1994,4.9217209815979
0391,3.9658,7.140430450439453
0391,2.5196,5.77929162979126
0391,3.5731,7.667982578277588
0391,3.9593,7.582239627838135
0391,2.0397,6.702423572540283
0391,3.1416,6.143868923187256
0391,2.5496,9.52547550201416
0391,3.7544,7.771356105804443
0391,5.307,9.174325942993164
0391,2.248,7.178447246551514
0391,3.9958,8.684020042419434
0391,2.0406,6.933854579925537
0391,2.1164,7.281696319580078
0391,4.6163,9.340529441833496
0391,5.9097,6.937666416168213
0391,1.6976,6.444182872772217
0391,2.469,6.615442752838135
0391,3.4009,7.431417465209961
0391,4.4965,7.39846134185791
0391,1.1647,2.500676155090332
0391,4.9181,8.932892799377441
0391,0.6748,3.285038948059082
0391,2.2906,7.170022964477539
0391,2.8202,7.499375343322754
0391,4.4862,6.559081077575684
0391,5.1366,8.37607479095459
0391,3.1853,8.244011878967285
0391,3.7994,8.59292984008789
0391,4.2985,8.16100788116455
0391,0.7048,3.038407325744629
0391,3.6714,7.672677993774414
0391,4.9379,8.59675407409668
0391,1.5897,6.365093231201172
0391,3.0715,8.052573204040527
0391,4.5143,8.809662818908691
0391,1.1789,6.187331199645996
0391,2.3463,7.89277458190918
0391,2.8912,7.057104110717773
0391,1.4222,6.235249996185303
0391,3.4591,7.60834264755249
0391,2.7866,6.504562854766846
0391,3.072,7.739795684814453
0391,3.2719,3.3395094871520996
0391,3.7506,8.704052925109863
0391,4.9526,8.023843765258789
0391,1.6772,7.012167453765869
0391,2.3345,7.498157024383545
0391,3.2831,7.714548110961914
0391,5.4562,10.436039924621582
0391,1.7355,2.5736422538757324
0391,2.5726,6.381462097167969
0391,3.9105,9.216001510620117
0391,2.693,4.5471391677856445
0391,3.0042,8.696982383728027
0391,3.3132,8.13695240020752
0391,5.013,8.683369636535645
0391,1.1269,2.581744909286499
0391,1.8988,7.580419063568115
0391,2.184,8.855976104736328
0391,4.9781,7.777868270874023
0391,3.6067,6.870668411254883
0391,5.6632,8.374946594238281
0391,2.4253,6.006593227386475
0391,2.7853,7.815120220184326
0391,3.017,7.310537338256836
0391,3.2619,8.106955528259277
0391,3.6182,7.357132911682129
0391,4.4225,8.194696426391602
0391,2.8155,6.267840385437012
0391,3.0798,5.867752552032471
0391,2.0718,5.210602283477783
0391,3.6025,7.549055576324463
0391,3.8246,8.1209135055542
0391,5.1813,9.235255241394043
0391,2.8006,6.011962413787842
0391,4.1444,7.463404178619385
0391,1.2839,5.123774528503418
0391,1.9883,5.168988227844238
0391,2.2035,5.708326816558838
0391,3.5859,6.322834014892578
0391,1.1317,2.5873920917510986
0391,1.9686,4.64318323135376
0391,3.4396,8.558362007141113
0391,0.9362,5.946049213409424
0391,2.2402,7.67725133895874
0391,1.6751,7.06709623336792
0391,1.8017,6.726508617401123
0391,2.6428,7.621875286102295
0391,2.7021,6.987479209899902
0391,2.9093,8.3721923828125
0391,4.1158,8.767821311950684
0391,2.9565,5.793060779571533
0391,3.1373,7.221858978271484
0391,3.8227,7.311787128448486
0391,4.2448,9.591341018676758
0391,4.7138,9.621532440185547
0391,1.9306,7.782370090484619
0391,3.8394,8.3252534866333
0391,4.3762,8.298624038696289
0391,6.3051,8.459675788879395
0391,2.6423,7.089657783508301
0391,3.1245,7.91309118270874
0391,5.9641,7.437409400939941
0391,6.3153,10.514007568359375
0391,2.9888,6.823409557342529
0391,3.5304,6.148212432861328
0391,2.8316,8.077017784118652
0391,3.1055,7.236081600189209
0391,3.2389,7.30340576171875
0391,1.3623,4.264200210571289
0391,2.4864,8.362420082092285
0391,3.0139,5.84511137008667
0391,1.8276,6.130472183227539
0391,2.462,6.199820518493652
0391,2.9148,8.21343994140625
0391,4.7965,7.252472400665283
0391,4.8499,8.78632926940918
0391,1.581,7.083033561706543
0391,2.7295,8.592501640319824
0391,3.8747,7.78938102722168
0391,2.5856,6.252764701843262
0391,2.6526,8.373590469360352
0391,3.7028,7.339352130889893
0391,4.2218,9.49099063873291
0391,5.2711,8.596487998962402
0391,2.2413,6.34952449798584
0391,3.1442,6.298132419586182
0391,3.4992,4.485233306884766
0391,4.6012,8.141558647155762
0391,6.0048,7.215590000152588
0391,3.6158,9.482511520385742
0391,4.1048,8.35251522064209
0391,2.7657,7.803834438323975
0391,3.292,6.946616172790527
0391,4.4628,8.739913940429688
0391,1.9011,7.3434977531433105
0391,3.1341,7.6703104972839355
0391,2.0236,6.653965950012207
0391,2.8206,6.140720367431641
0391,3.2963,7.816938400268555
0391,3.7262,5.331932067871094
0391,1.6037,2.5940704345703125
0391,2.1846,3.1038825511932373
0391,1.7635,5.774603843688965
0391,2.4689,6.881505966186523
0391,3.0449,6.939059257507324
0391,3.0856,8.055937767028809
0391,3.3214,8.607942581176758
0391,3.3214,8.607942581176758
0391,4.3827,8.439580917358398
0391,2.1363,7.644984245300293
0391,3.4426,5.92446756362915
0391,4.4547,8.075727462768555
0391,2.6927,8.427974700927734
0391,3.2216,10.07840633392334
0391,2.7284,7.838303089141846
0391,2.5889,7.0567402839660645
0391,3.2694,8.674464225769043
0391,1.2344,3.6595489978790283
0391,4.0522,6.668788433074951
0391,4.314,8.733491897583008
0391,5.1884,8.756827354431152
0391,2.4413,8.395894050598145
0391,3.1439,7.427096366882324
0391,3.8902,6.9517316818237305
0391,4.8552,7.3365020751953125
0391,1.17,5.451888561248779
0391,2.6087,5.555912494659424
0391,3.5137,7.838394641876221
0391,3.8614,7.747522354125977
0391,2.8001,7.624125003814697
0391,3.7384,7.730252742767334
0391,4.0702,8.345725059509277
0391,4.4848,7.932356357574463
0391,5.4263,7.461690902709961
0391,3.1105,7.5319695472717285
0391,3.3912,9.624369621276855
0391,3.9707,6.922332763671875
0391,4.1805,5.157283782958984
0391,4.3172,9.008028030395508
0391,2.091,7.711034774780273
0391,2.3559,7.644984245300293
0391,3.1615,7.870231628417969
0391,2.2954,9.976714134216309
0391,3.0595,6.777737617492676
0391,2.9567,7.077416896820068
0391,3.3103,8.13695240020752
0391,2.5502,7.9452996253967285
0391,2.9384,7.687049388885498
0391,3.1717,8.656325340270996
0391,3.7871,9.528342247009277
0391,1.2836,6.607313632965088
0391,3.2906,8.405354499816895
0391,2.4648,6.515827655792236
0391,4.0403,8.123547554016113
0391,4.6753,7.7534027099609375
0391,2.1854,6.824946403503418
0391,3.8548,7.849825382232666
0391,4.0793,6.945561408996582
0391,4.9739,9.496060371398926
0391,3.5743,8.294333457946777
0391,4.438,6.873037338256836
0391,2.2503,7.799224376678467
0391,4.2802,7.33864688873291
0391,4.795,9.478856086730957
0391,4.9951,8.486696243286133
0391,0.9897,5.8095808029174805
0391,2.7,6.085302829742432
0391,3.3292,7.899368762969971
0391,4.456,8.830436706542969
0391,2.4703,6.6705241203308105
0391,3.1503,8.554325103759766
0391,3.4352,8.813528060913086
0391,1.7309,5.685235500335693
0391,2.2267,7.435561656951904
0391,2.7107,8.072909355163574
0391,3.1836,7.980018615722656
0391,3.2857,7.3336687088012695
0391,1.9095,5.4484639167785645
0391,2.6793,7.255884170532227
0391,3.3541,7.6408162117004395
0391,3.515,6.875271797180176
0391,4.3484,4.884375095367432
0391,3.1102,7.5319695472717285
0391,2.1543,4.8353495597839355
0391,2.9151,9.074403762817383
0391,0.5128,4.002140998840332
0391,2.7762,8.01398754119873
0391,4.0063,7.699479103088379
0391,1.1013,3.213510751724243
0391,1.3471,4.279007911682129
0391,2.9602,4.009101867675781
0391,3.0509,7.961021900177002
0391,3.6316,7.35957670211792
0391,4.0469,8.491410255432129
0391,1.6236,7.238580226898193
0391,1.709,7.521263122558594
0391,2.9172,6.349618434906006
0391,3.2391,7.016092777252197
0391,3.5428,6.541462421417236
0391,4.3753,7.298517227172852
0391,2.3029,5.722323417663574
0391,3.5069,7.866971492767334
0391,5.088,9.188427925109863
0391,5.4918,8.995819091796875
0391,5.5387,10.840593338012695
0391,1.637,5.1177778244018555
0391,3.0603,8.163265228271484
0391,3.8093,7.1828718185424805
0391,4.4694,8.566448211669922
0391,6.029,7.261486053466797
0391,1.5019,6.123980522155762
0391,2.0774,6.288457870483398
0391,4.6234,8.619518280029297
0391,3.3156,7.734701633453369
0391,1.4775,4.582692623138428
0391,2.664,8.68522834777832
0391,3.508,7.204678535461426
0391,3.8376,7.751297473907471
0391,6.0128,8.16100788116455
0391,1.1064,3.5274040699005127
0391,1.7237,2.602978467941284
0391,4.0348,6.726937770843506
0391,4.1032,5.600396633148193
0391,5.1418,8.409618377685547
0391,1.822,9.63563346862793
0391,2.1251,5.593721389770508
0391,2.1985,6.240296363830566
0391,0.9636,6.996250152587891
0391,1.5903,3.2349801063537598
0391,2.6908,6.902562141418457
0391,3.2001,8.23332691192627
0391,2.636,7.165164947509766
0391,3.1847,6.442221164703369
0391,3.9472,8.512842178344727
0391,1.9432,4.708146572113037
0391,2.6423,8.827800750732422
0391,3.396,7.466456413269043
0391,1.3573,7.003947734832764
0391,5.8181,7.527965068817139
0391,4.3457,9.259267807006836
0391,1.6051,6.447354793548584
0391,5.2693,8.061554908752441
0391,1.3177,7.469450950622559
0391,1.9874,6.292577743530273
0391,3.2881,9.188626289367676
0391,3.8088,8.419364929199219
0391,4.5469,9.064435005187988
0391,1.4536,3.4220824241638184
0391,2.7602,9.114463806152344
0391,4.0321,8.280926704406738
0391,2.0832,5.777015209197998
0391,6.6116,8.345118522644043
0391,2.3417,6.517594337463379
0391,3.8643,6.4114155769348145
0391,0.4701,5.058288097381592
0391,3.5767,7.482935428619385
0391,5.2651,7.873891353607178
0391,2.035,7.410928726196289
0391,3.1432,6.125268936157227
0391,4.2801,9.0364351272583
0391,5.2928,7.990962982177734
0391,1.2384,5.567992687225342
0391,2.2212,7.290334224700928
0391,2.4248,7.578139781951904
0391,3.4599,7.388806343078613
0391,0.6751,2.7645514011383057
0391,3.0054,7.388519287109375
0391,3.1242,8.624274253845215
0391,3.4516,7.796810626983643
0391,3.8097,7.74301815032959
0391,1.9292,3.2720861434936523
0391,1.393,5.461456775665283
0391,2.7801,7.9903178215026855
0391,1.7537,5.7194318771362305
0391,2.0978,8.895094871520996
0391,2.1625,6.877553462982178
0391,2.8738,7.740859508514404
0391,3.2732,8.233161926269531
0391,0.4676,4.309112548828125
0391,4.5835,10.487299919128418
0391,4.8172,7.89537239074707
0391,1.316,6.51406717300415
0391,3.3033,6.845050811767578
0391,4.5612,8.90281867980957
0391,1.7342,8.102812767028809
0391,2.0596,7.933839321136475
0391,4.5615,8.272690773010254
0391,1.9269,7.741089820861816
0391,3.0234,6.741438388824463
0391,3.9337,6.881973743438721
0391,4.1655,8.357051849365234
0391,5.3263,7.241436958312988
0391,5.5653,6.572447299957275
0391,1.4536,4.317446231842041
0391,1.7105,3.247234582901001
0391,3.1472,6.125268936157227
0391,3.5116,8.282085418701172
0391,3.9021,7.390038967132568
0391,1.2932,3.9154574871063232
0391,3.1654,7.354790210723877
0391,3.2001,7.053761959075928
0391,4.351,7.804407596588135
0391,1.9494,5.19588565826416
0391,3.5543,7.956535816192627
0391,4.9792,8.638564109802246
0391,3.0623,7.8014373779296875
0391,3.5195,7.2551727294921875
0391,1.4038,4.831989288330078
0391,1.9709,5.184678554534912
0391,2.2447,6.258341312408447
0391,2.7964,3.30029559135437
0391,4.1856,7.881237983703613
0391,6.1467,7.672156810760498
0391,3.4237,7.656859397888184
0391,4.3631,7.805617809295654
0391,3.5813,7.9289116859436035
0391,3.8635,7.466456413269043
0391,1.6637,6.405278205871582
0391,1.6788,6.355582237243652
0391,2.0793,4.643729209899902
0391,2.3302,7.652843475341797
0391,3.175,7.5166916847229
0391,4.1698,7.999478340148926
0391,2.7714,6.341721534729004
0391,4.1799,6.077393531799316
0391,6.5376,11.442073822021484
0391,1.3141,5.121499538421631
0391,2.1056,7.08083963394165
0391,3.6258,6.932943344116211
0391,3.7501,7.9639458656311035
0391,4.428,8.105053901672363
0391,4.5987,4.847309112548828
0391,1.7876,5.674198150634766
0391,3.0106,7.622030258178711
0391,3.126,7.288593769073486
0391,3.4174,7.947037220001221
0391,2.7745,7.193002700805664
0391,4.2608,9.940265655517578
0391,5.0443,7.478649616241455
0391,2.3576,7.749169826507568
0391,2.6647,7.231954574584961
0391,4.3545,8.42430591583252
0391,5.1668,7.620387554168701
0391,1.4786,7.543158531188965
0391,2.4164,7.824094295501709
0391,2.9124,5.275696277618408
0391,2.9537,8.240577697753906
0391,3.2714,8.056143760681152
0391,3.285,8.122604370117188
0391,3.9569,7.3435282707214355
0391,2.4853,6.922839164733887
0391,3.7324,6.75663948059082
0391,1.8802,4.683743953704834
0391,2.0784,6.3695197105407715
0391,3.0665,8.432700157165527
0391,3.3764,8.326083183288574
0391,4.1294,6.77580451965332
0391,0.9946,3.205444574356079
0391,2.5306,3.387570858001709
0391,2.8259,3.492730140686035
0391,1.8881,4.655340671539307
0391,3.4277,7.1019673347473145
0391,3.9508,9.591341018676758
0391,5.2252,8.276691436767578
0391,1.617,7.489530563354492
0391,5.071,8.901544570922852
0391,5.2699,7.452706336975098
0391,2.0808,4.873301982879639
0391,2.2543,8.451522827148438
0391,5.396,8.4592924118042
0391,2.4292,7.863478183746338
0391,2.4944,6.611531734466553
0391,2.9006,8.49852180480957
0391,3.2039,6.876037120819092
0391,2.0084,7.251283645629883
0391,3.0689,7.030656337738037
0391,3.265,7.160799503326416
0391,3.4411,7.5998854637146
0391,3.5098,7.06802225112915
0391,3.5279,9.08965015411377
0391,3.6581,8.828306198120117
0391,4.1873,6.516921520233154
0391,1.2407,4.702755451202393
0391,1.3466,7.172000885009766
0391,2.9468,8.037505149841309
0391,5.0977,8.46397590637207
0391,6.4847,5.2479023933410645
0391,1.6155,5.189172744750977
0391,1.6631,5.082371711730957
0391,3.9898,8.295428276062012
0391,3.0,5.381258010864258
0391,3.6776,7.711630344390869
0391,4.8641,5.89509916305542
0391,4.0215,7.248044490814209
0391,3.268,7.748592376708984
0391,3.77,7.096957206726074
0391,2.6342,8.844538688659668
0391,0.8241,4.723067760467529
0391,0.9341,5.505131244659424
0391,3.1028,7.666551113128662
0391,3.4335,8.666889190673828
0391,0.9694,3.533928632736206
0391,1.9546,5.32507848739624
0391,2.6633,9.030824661254883
0391,3.0372,7.282700061798096
0391,3.2743,5.927619934082031
0391,4.1425,8.110965728759766
0391,0.613,4.477940082550049
0391,1.9729,6.768021583557129
0391,2.0593,8.54757022857666
0391,3.9692,8.063676834106445
0391,1.6665,6.090230941772461
0391,2.0048,7.4595441818237305
0391,2.9404,7.687049388885498
0391,0.9642,4.751307487487793
0391,4.3122,7.95953893661499
0391,1.8072,7.144665241241455
0391,2.4652,7.842517375946045
0391,2.6317,7.328719139099121
0391,3.1182,7.033252239227295
0391,3.2204,7.2239508628845215
0391,3.3303,8.71875
0391,0.4974,4.91342830657959
0391,1.2526,3.184952735900879
0391,1.8642,4.957202911376953
0391,2.2507,6.230710983276367
0391,3.3091,7.996932029724121
0391,1.7522,2.8820369243621826
0391,4.3826,6.217866897583008
0391,5.0186,6.889256954193115
0391,1.6779,6.369228839874268
0391,2.6886,6.543412208557129
0391,4.5886,7.201541423797607
0391,6.4781,8.559479713439941
0391,5.0002,7.7183098793029785
0391,2.3607,8.048723220825195
0391,2.9934,6.232974529266357
0391,3.5041,7.455876350402832
0391,2.2522,6.857769012451172
0391,4.1612,9.033814430236816
0391,3.1022,8.186210632324219
0391,3.8508,7.09757661819458
0391,4.0983,9.078670501708984
0391,4.1317,8.779900550842285
0391,5.4753,8.111400604248047
0391,5.8703,7.02548360824585
0391,1.6994,7.432537078857422
0391,2.1133,8.514582633972168
0391,2.291,7.170294284820557
0391,3.6756,8.014248847961426
0391,3.825,6.7765302658081055
0391,4.4831,8.478595733642578
0391,3.1443,6.298132419586182
0391,3.2074,8.881728172302246
0391,3.4803,7.310537338256836
0391,4.1691,8.985176086425781
0391,0.6672,3.3868560791015625
0391,0.8948,3.593864917755127
0391,3.624,6.903966426849365
0391,5.5832,7.251837730407715
0391,1.7499,7.621428489685059
0391,2.3807,5.741499423980713
0391,3.3485,7.626617431640625
0391,4.498,8.75281810760498
0391,2.1791,8.682587623596191
0391,4.0567,8.214933395385742
0391,4.5014,8.75281810760498
0391,1.5974,5.816487789154053
0391,2.162,4.898525238037109
0391,2.9724,6.5535149574279785
0391,3.1123,5.4682159423828125
0391,0.8632,4.5122504234313965
0391,3.6629,6.708939552307129
0391,2.0331,7.6957173347473145
0391,2.5556,5.327550888061523
0391,4.8293,7.455838680267334
0391,5.7903,8.605681419372559
0391,2.6892,6.013402938842773
0391,3.1921,7.961021900177002
0391,4.1507,6.215455055236816
0391,2.4753,3.6996347904205322
0391,6.6899,8.920563697814941
0391,1.7522,4.545407772064209
0391,3.9892,6.212357997894287
0391,5.0047,6.962206840515137
0391,1.3426,2.6706788539886475
0391,1.5709,3.6000239849090576
0391,1.5709,3.110179901123047
0391,3.4513,8.105459213256836
0391,3.5458,7.224791526794434
0391,3.83,7.847597599029541
0391,1.7199,5.550673961639404
0391,2.1938,6.549337863922119
0391,2.4789,6.619260787963867
0391,2.6618,5.540247440338135
0391,3.886,7.782662391662598
0391,3.2255,7.1283159255981445
0391,3.2331,6.6124138832092285
0391,3.2913,6.325389862060547
0391,3.912,7.780782222747803
0391,1.7272,6.58024263381958
0391,3.4658,6.608636856079102
0391,4.0218,8.831745147705078
0391,3.1094,7.56399393081665
0391,4.053,7.388149261474609
0391,0.8865,2.623222827911377
0391,3.7699,9.064386367797852
0391,1.5176,5.133512496948242
0391,1.6744,3.1038825511932373
0391,1.6744,2.9999287128448486
0391,2.2913,5.818614959716797
0391,2.9722,6.939518928527832
0391,3.0361,8.832887649536133
0391,4.4192,8.163518905639648
0391,2.1957,3.82981014251709
0391,2.8389,6.317551612854004
0391,1.5563,4.004659175872803
0391,1.9201,3.454277276992798
0391,3.051,7.20840311050415
0391,4.1134,7.163698673248291
0391,4.8993,7.464446544647217
0391,1.4618,8.971925735473633
0391,1.4911,6.586639881134033
0391,2.0291,4.882879734039307
0391,3.0529,8.289255142211914
0391,3.115,7.309262275695801
0391,4.2536,8.189359664916992
0391,5.2394,9.034499168395996
0391,0.465,4.939908981323242
0391,2.13,6.666199684143066
0391,5.4853,8.24988842010498
0391,1.2447,5.392465114593506
0391,2.5759,7.629486560821533
0391,2.9208,7.271915435791016
0391,3.1319,4.391610622406006
0391,3.1793,6.662450790405273
0391,0.6394,5.044765949249268
0391,1.5593,5.513216972351074
0391,1.5136,5.132534027099609
0391,4.0765,10.009698867797852
0391,4.5341,9.60216236114502
0391,3.2663,8.162026405334473
0391,3.3282,7.953231334686279
0391,1.9255,8.258810043334961
0391,2.2672,5.9560465812683105
0391,2.4095,7.4392595291137695
0391,3.68,7.271256446838379
0391,1.4404,8.263283729553223
0391,2.83,7.354701519012451
0391,3.5395,6.2490153312683105
0391,0.5168,5.816486358642578
0391,0.5431,4.143537998199463
0391,3.0122,7.7940897941589355
0391,1.2155,6.420419692993164
0391,2.2359,8.046984672546387
0391,2.6863,3.2916245460510254
0391,2.9257,8.927056312561035
0391,4.4333,6.7843194007873535
0391,4.443,7.713228225708008
0391,4.6695,8.88585376739502
0391,3.222,5.850178241729736
0391,1.3446,2.791809558868408
0391,2.7,3.2306206226348877
0391,4.9683,9.949941635131836
0391,2.6596,7.090961456298828
0391,6.3319,8.417499542236328
0391,1.133,5.435372829437256
0391,1.9633,2.9267327785491943
0391,2.547,8.6435546875
0391,5.4504,7.741064071655273
0391,0.7988,3.9582293033599854
0391,2.2138,2.9217259883880615
0391,2.303,6.049841403961182
0391,0.511,5.963871479034424
0391,3.1564,8.08969783782959
0391,3.9828,7.882534980773926
0391,5.4634,8.919896125793457
0391,1.8399,7.8751959800720215
0391,2.4594,7.4660491943359375
0391,5.1614,7.753211975097656
0391,3.0876,8.227762222290039
0391,3.3335,6.772953987121582
0391,3.5378,8.706634521484375
0391,2.425,6.805541038513184
0391,2.6916,7.982671737670898
0391,2.7058,8.81207275390625
0391,3.1211,8.184155464172363
0391,5.0174,7.037961483001709
0391,6.3872,6.937666416168213
0391,1.8563,8.138387680053711
0391,2.0521,6.473709583282471
0391,2.057,5.561509609222412
0391,2.4606,7.529000759124756
0391,1.275,6.738194942474365
0391,1.6437,7.325600624084473
0391,2.9235,6.707014083862305
0391,3.3608,9.360885620117188
0391,1.4947,6.332521438598633
0391,1.805,6.283169269561768
0391,2.6166,8.491422653198242
0391,2.9355,7.660313129425049
0391,3.5125,9.068488121032715
0391,4.4821,9.286951065063477
0391,4.6364,8.11620807647705
0391,0.9542,5.221465110778809
0391,1.8272,7.2365264892578125
0391,4.7371,8.537373542785645
0391,5.5544,9.543617248535156
0391,2.3594,7.540737628936768
0391,3.24,6.386547565460205
0391,3.7799,8.077775955200195
0391,5.2268,7.804124355316162
0391,3.3875,6.494869232177734
0391,3.6592,8.83280086517334
0391,3.7329,6.360682487487793
0391,3.8213,5.711686611175537
0391,4.7129,7.808391571044922
0391,4.8139,6.849478244781494
0391,3.9599,8.123598098754883
0391,0.4797,4.334264278411865
0391,1.1675,2.871608018875122
0391,2.3977,7.655767440795898
0391,3.2523,3.8733997344970703
0391,3.392,7.809276103973389
0391,4.2562,7.626062870025635
0391,2.0376,6.525172233581543
0391,3.222,7.014891624450684
0391,3.2253,8.036020278930664
0391,0.6225,2.8747808933258057
0391,2.4991,6.89572286605835
0391,1.6693,5.2681074142456055
0391,2.9622,5.691352844238281
0391,2.6641,7.164647102355957
0391,2.7445,3.492730140686035
0391,4.9718,9.15475082397461
0391,5.6574,8.994434356689453
0391,0.9545,6.132843494415283
0391,2.463,6.1193718910217285
0391,3.567,6.77800178527832
0391,2.6164,6.526214599609375
0391,2.8468,5.247886657714844
0391,1.6948,4.572962284088135
0391,1.8223,3.053471326828003
0391,2.2553,5.161020278930664
0391,2.4234,6.4369587898254395
0391,3.4964,6.566545009613037
0391,5.3929,6.732019901275635
0391,1.1941,3.3262062072753906
0391,2.898,7.163631916046143
0391,3.3689,8.018184661865234
0391,4.4998,6.783354759216309
0391,5.0589,7.439706802368164
0391,2.2563,7.870063304901123
0391,2.9626,8.162410736083984
0391,4.0588,9.265209197998047
0391,4.0394,7.915283679962158
0391,3.3089,5.086123943328857
0391,1.7403,5.319104194641113
0391,6.6458,7.886970520019531
0391,3.0106,5.134005069732666
0391,3.2042,8.494568824768066
0391,3.9023,7.5519819259643555
0391,1.7454,6.515969276428223
0391,2.7427,4.500167369842529
0391,1.7655,3.2028236389160156
0391,2.3704,3.0981667041778564
0391,1.6122,6.631460189819336
0391,2.0408,6.703176498413086
0391,2.1803,6.177070617675781
0391,2.6429,8.171558380126953
0391,2.7574,5.453608512878418
0391,2.0169,8.770852088928223
0391,2.4547,7.3830976486206055
0391,3.4402,8.558362007141113
0391,3.7364,8.185785293579102
0391,3.9528,6.594568729400635
0391,6.1584,9.058025360107422
0391,0.851,6.856692314147949
0391,2.677,6.944270133972168
0391,3.3709,8.415461540222168
0391,4.1171,8.014248847961426
0391,4.2204,8.123598098754883
0391,4.2285,8.123598098754883
0391,1.602,3.776597023010254
0391,3.2925,8.433165550231934
0391,3.4707,7.295228958129883
0391,4.7852,8.291391372680664
0391,2.3309,7.5944318771362305
0391,2.3309,7.936036586761475
0391,4.7708,8.77746295928955
0391,0.7719,5.254164218902588
0391,4.159,7.427094459533691
0391,2.4907,5.31320333480835
0391,2.7702,5.672149658203125
0391,3.1852,6.145747661590576
0391,1.4809,7.543158531188965
0391,2.8473,7.503878116607666
0391,3.6841,4.061848163604736
0391,4.4648,9.641321182250977
0391,5.3153,8.528643608093262
0391,1.4077,5.920133590698242
0391,2.2498,6.6440300941467285
0391,2.8756,5.676512718200684
0391,4.221,8.870266914367676
0391,4.3265,7.178447246551514
0391,4.5579,6.620929718017578
0391,2.6828,7.081048011779785
0391,5.0648,9.178380012512207
0391,5.1623,8.051658630371094
0391,3.0973,8.780614852905273
0391,3.2128,6.657993793487549
0391,4.0624,7.8490400314331055
0391,2.5723,5.117207050323486
0391,3.2015,6.822900295257568
0391,0.9563,2.3821754455566406
0391,3.8988,7.939510822296143
0391,1.6253,4.624400615692139
0391,1.6337,2.8820369243621826
0391,4.1723,8.092299461364746
0391,4.3177,7.519769191741943
0391,4.5314,9.521145820617676
0391,3.0694,5.997445106506348
0391,3.4021,6.538676738739014
0391,4.617,7.987037658691406
0391,7.0412,7.125206470489502
0391,2.095,6.66590690612793
0391,4.3058,6.793902397155762
0391,2.114,6.739448547363281
0391,2.3556,10.371054649353027
0391,3.0859,5.637022972106934
0391,4.6779,7.732987880706787
0391,3.3302,8.71875
0391,3.5345,7.030656337738037
0391,2.5768,7.622756004333496
0391,3.7545,8.468379974365234
0391,4.0571,7.97296667098999
0391,4.609,7.685263633728027
0391,4.6341,7.482512474060059
0391,2.8009,6.672855377197266
0391,3.4995,8.017537117004395
0391,3.7926,8.994775772094727
0391,1.806,6.98368501663208
0391,3.8251,8.271003723144531
0391,3.7335,7.965420246124268
0391,4.4995,8.710022926330566
0391,3.1266,8.393310546875
0391,3.4579,8.33094596862793
0391,0.6102,3.0296781063079834
0391,0.7877,5.162360668182373
0391,1.1907,5.055781364440918
0391,2.0476,8.061481475830078
0391,2.9911,7.050126075744629
0391,3.9387,9.019153594970703
0391,2.7692,7.599151611328125
0391,4.2782,7.050426483154297
0391,4.7896,9.017836570739746
0391,2.3125,7.211852073669434
0391,2.3339,7.936036586761475
0391,2.727,5.721242904663086
0391,2.8484,7.957239627838135
0391,0.7163,4.007254600524902
0391,3.6463,7.60859489440918
0391,0.798,2.869656801223755
0391,2.8167,6.9390764236450195
0391,3.3013,6.4823994636535645
0391,2.0368,6.554384231567383
0391,4.9778,6.513706207275391
0391,1.8957,3.2046000957489014
0391,3.5021,6.546176433563232
0391,4.9765,8.638564109802246
0391,1.6065,5.4051103591918945
0391,2.3286,3.883120059967041
0391,4.3583,6.595267295837402
0391,1.2423,5.374578475952148
0391,3.9062,5.992984771728516
0391,4.7434,6.778326988220215
0391,5.4294,9.248208999633789
0391,1.8512,5.797990322113037
0391,1.9355,7.1434855461120605
0391,3.8077,6.7528977394104
0391,3.8168,8.350220680236816
0391,2.0351,6.972108840942383
0391,2.1524,8.444685935974121
0391,4.0007,5.764269828796387
0391,4.0334,7.1157426834106445
0391,2.1171,7.407894134521484
0391,2.6809,6.698689937591553
0391,2.8807,8.086073875427246
0391,4.1806,6.79548978805542
0391,2.8733,5.424860954284668
0391,3.6165,6.902130603790283
0391,3.6196,7.123382091522217
0391,2.0773,6.813283920288086
0391,2.7077,7.893721580505371
0391,6.0334,9.170130729675293
0391,0.5337,2.7038888931274414
0391,3.2835,8.599444389343262
0391,3.906,8.968172073364258
0391,1.8266,4.1992950439453125
0391,3.0366,7.535982131958008
0391,4.0902,8.260071754455566
0391,1.6504,5.021212577819824
0391,2.4962,8.627394676208496
0391,6.7625,11.527956008911133
0391,1.4653,6.233557224273682
0391,1.8939,3.10589599609375
0391,2.4973,7.2222747802734375
0391,2.7848,6.054021835327148
0391,0.5821,5.652777671813965
0391,2.551,6.93302583694458
0391,3.0793,7.783927917480469
0391,3.6175,8.602112770080566
0391,4.7055,8.301445960998535
0391,2.9276,6.893566608428955
0391,3.4449,6.830708980560303
0391,1.9251,7.5574798583984375
0391,1.9539,6.862674713134766
0391,1.996,6.682837009429932
0391,2.6477,6.739490985870361
0391,4.3369,8.4469575881958
0391,1.4713,7.444054126739502
0391,2.1252,6.757370948791504
0391,2.6983,6.5195207595825195
0391,3.9295,7.906522274017334
0391,3.3521,7.8603057861328125
0391,4.6288,9.911176681518555
0391,2.7682,6.685542583465576
0391,3.9032,6.859477519989014
0391,3.674,9.091948509216309
0391,1.3054,7.608513832092285
0391,2.7949,7.364130973815918
0391,2.8741,7.047037124633789
0391,2.2672,6.962326526641846
0391,2.7791,7.792968273162842
0391,3.3699,7.684532165527344
0391,3.9481,7.18970251083374
0391,1.6046,6.211763381958008
0391,3.2183,7.33670711517334
0391,3.7682,8.425509452819824
0391,4.6021,7.54451847076416
0391,4.6975,10.103984832763672
0391,2.7685,8.302148818969727
0391,4.1913,7.835354328155518
0391,5.0368,11.234025955200195
0391,3.0038,3.3403475284576416
0391,3.516,5.603456974029541
0391,6.0976,7.887221813201904
0391,2.1496,5.120355606079102
0391,3.21,7.32429838180542
0391,3.821,8.350220680236816
0391,1.5806,6.283688545227051
0391,2.0696,6.66810941696167
0391,2.7377,7.6761932373046875
0391,3.4782,4.456624984741211
0391,3.5578,9.561138153076172
0391,3.7171,7.412038803100586
0391,1.4054,4.9437103271484375
0391,1.6999,6.714139938354492
0391,1.999,6.682837009429932
0391,4.1968,9.2706937789917
0391,2.8744,5.164785861968994
0391,3.1146,6.175263404846191
0391,3.6929,7.608150959014893
0391,4.1624,5.8334197998046875
0391,0.8912,6.739599704742432
0391,2.658,7.9579596519470215
0391,3.6094,8.074527740478516
0391,3.1177,8.711630821228027
0391,3.7408,8.301942825317383
0391,3.9998,8.221702575683594
0391,4.9769,6.488234043121338
0391,1.9312,7.5574798583984375
0391,4.5628,8.014248847961426
0391,2.2429,6.962709903717041
0391,2.5872,7.399271011352539
0391,3.663,8.697282791137695
0391,4.2385,7.589419841766357
0391,5.1428,9.063516616821289
0391,2.4252,7.64186429977417
0391,3.0252,7.048003673553467
0391,3.0798,8.015670776367188
0391,3.766,6.817462921142578
0391,3.7937,8.59292984008789
0391,1.8228,7.690384864807129
0391,2.3336,6.821863174438477
0391,3.4398,7.711034774780273
0391,2.5743,7.751418113708496
0391,2.1067,3.7318170070648193
0391,3.2865,10.073912620544434
0391,0.9956,4.879517555236816
0391,4.1714,7.938333988189697
0391,1.9662,6.331593036651611
0391,2.9467,6.321297645568848
0391,3.4798,6.262709140777588
0391,1.669,3.0387256145477295
0391,4.5858,7.926800727844238
0391,5.4159,8.380918502807617
0391,2.9839,7.4248151779174805
0391,3.5034,6.752761363983154
0391,4.1794,7.0250372886657715
0391,0.5541,5.55987024307251
0391,2.4326,5.225947856903076
0391,4.2127,8.287671089172363
0391,0.8665,6.9867262840271
0391,3.553,6.202585220336914
0391,0.6217,4.034526348114014
0391,1.9402,5.1884894371032715
0391,2.2994,6.872215270996094
0391,3.3159,9.994020462036133
0391,1.8769,3.156545400619507
0391,2.0783,6.401693820953369
0391,2.4518,4.857387542724609
0391,4.7308,4.226577281951904
0391,5.2163,7.760190963745117
0391,1.1595,4.232384204864502
0391,2.1937,6.2499847412109375
0391,2.2368,7.038514614105225
0391,2.6234,6.561742782592773
0391,3.0442,6.986269950866699
0391,4.2255,7.856606483459473
0391,4.8113,7.388806343078613
0391,4.0218,8.541990280151367
0391,1.5432,7.111509323120117
0391,2.9011,7.410703182220459
0391,2.9687,8.832334518432617
0391,3.9826,7.882534980773926
0391,6.0776,7.891849040985107
0391,1.6995,5.375101566314697
0391,3.6581,5.343647003173828
0391,2.6786,7.748327255249023
0391,2.9729,8.420985221862793
0391,3.0782,7.038464069366455
0391,4.1315,8.073404312133789
0391,4.4502,7.549316883087158
0391,2.3375,8.011161804199219
0391,2.6796,6.108718395233154
0391,2.9591,7.054938316345215
0391,3.8799,7.876838684082031
0391,4.071,8.967559814453125
0391,1.286,6.040663242340088
0391,1.7726,6.481805801391602
0391,1.6396,5.226593494415283
0391,1.8928,4.346461772918701
0391,2.9504,8.061091423034668
0391,3.5012,7.204678535461426
0391,3.6898,5.738461017608643
0391,3.1804,6.630769729614258
0391,3.304,7.314611434936523
0391,3.3257,6.849137783050537
0391,3.3761,6.465580940246582
0391,3.9687,6.115564346313477
0391,3.043,7.884698867797852
0391,3.2337,8.7535982131958
0391,4.5533,6.926859378814697
0391,1.7113,4.853919506072998
0391,2.5585,8.716170310974121
0391,3.5942,8.837111473083496
0391,0.5921,5.706294536590576
0391,3.3644,5.7133469581604
0391,3.6418,9.719059944152832
0391,3.9405,8.139140129089355
0391,2.5029,8.446402549743652
0391,2.799,7.398528575897217
0391,3.1726,7.312991142272949
0391,5.6869,7.265407085418701
0391,2.4791,4.570679664611816
0391,3.3971,7.55282735824585
0391,3.5107,7.882172107696533
0391,1.4774,2.6706788539886475
0391,2.0756,6.325634956359863
0391,5.8958,7.864895343780518
0391,2.2887,7.3981122970581055
0391,3.3245,3.645514726638794
0391,4.6077,6.369706153869629
0391,0.4747,4.253047466278076
0391,1.8454,4.801513671875
0391,4.144,6.362677097320557
0391,1.2283,2.9147627353668213
0391,2.8345,3.234142303466797
0391,3.5308,7.7133073806762695
0391,3.8899,6.509803295135498
0391,1.3592,6.3359479904174805
0391,3.1389,8.167424201965332
0391,3.1614,6.794862747192383
0391,2.8324,8.02789306640625
0391,0.9399,6.619625091552734
0391,1.1573,3.343846082687378
0391,4.453,7.338313579559326
0391,3.0868,9.057214736938477
0391,3.8503,7.913697719573975
0391,1.744,4.61503791809082
0391,2.5108,6.376916885375977
0391,2.7167,4.314178466796875
0391,3.3206,8.077410697937012
0391,3.0822,7.705548286437988
0391,3.0975,6.392977237701416
0391,3.3564,5.748847484588623
0391,4.3448,7.924173831939697
0391,2.4924,6.007010459899902
0391,0.6264,3.5393686294555664
0391,2.095,7.270656585693359
0391,2.4436,8.934160232543945
0391,2.7176,7.5667314529418945
0391,3.6715,4.78410005569458
0391,2.8924,8.13725757598877
0391,4.9618,9.086718559265137
0391,5.502,9.26809024810791
0391,1.0899,2.851215124130249
0391,2.0159,4.91308069229126
0391,2.1834,3.226205825805664
0391,4.5552,9.315448760986328
0391,4.6567,8.450956344604492
0391,3.4273,6.361574172973633
0391,3.7569,6.463685989379883
0391,1.2461,4.728109836578369
0391,2.4683,6.569517135620117
0391,3.1151,7.402047634124756
0391,4.0974,5.509160995483398
0391,1.1448,5.159915924072266
0391,1.455,7.193066120147705
0391,1.9007,3.1038825511932373
0391,2.5393,3.7992019653320312
0391,6.3071,10.49812126159668
0391,3.6137,6.077975749969482
0391,4.0588,7.174826145172119
0391,4.3615,6.552085876464844
0391,1.2325,6.7852067947387695
0391,1.9059,3.4596617221832275
0391,4.6327,9.397614479064941
0391,1.8226,7.30833101272583
0391,2.3352,3.492730140686035
0391,2.907,3.6930012702941895
0391,4.1055,7.659841537475586
0391,2.178,5.73638391494751
0391,2.4561,7.4660491943359375
0391,3.6435,8.293354034423828
0391,4.4824,8.809662818908691
0391,1.2079,5.940274238586426
0391,2.095,8.123547554016113
0391,2.8997,8.317743301391602
0391,3.1045,7.779075622558594
0391,1.2274,5.391505241394043
0391,2.1089,3.0644304752349854
0391,3.9624,6.813645839691162
0391,6.1065,7.8765363693237305
0391,1.7383,6.923336982727051
0391,2.3057,7.145170211791992
0391,2.4935,7.233118057250977
0391,2.5133,3.0981667041778564
0391,2.6164,7.424262523651123
0391,4.4701,8.496050834655762
0391,4.1365,7.994470596313477
0391,2.6308,5.653579235076904
0391,3.149,6.7677693367004395
0391,3.4277,7.933797359466553
0391,3.9703,7.91295862197876
0391,2.135,6.957569122314453
0391,2.4851,6.452314376831055
0391,3.4373,7.1664323806762695
0391,6.1712,9.926582336425781
0391,1.6495,2.988919496536255
0391,3.2545,6.563325881958008
0391,3.3824,6.909526348114014
0391,1.4205,4.842140197753906
0391,3.5609,7.5166916847229
0391,4.6039,8.8413667678833
0391,5.5717,7.77786111831665
0391,3.35,3.838245153427124
0391,3.8533,8.013481140136719
0391,3.3291,6.76851749420166
0391,4.3341,8.420415878295898
0391,1.548,3.876391649246216
0391,2.3407,4.353979587554932
0391,3.5913,7.365403175354004
0391,1.1504,7.051729679107666
0391,3.1961,7.2062506675720215
0391,3.6022,8.505104064941406
0391,3.9682,7.724768161773682
0391,4.9832,6.530412197113037
0391,0.5555,5.437882423400879
0391,1.7879,5.359975337982178
0391,2.6386,2.9615025520324707
0391,3.2839,5.3395609855651855
0391,3.9454,7.325178146362305
0391,5.3865,7.77874231338501
0391,1.6632,3.0591866970062256
0391,3.1885,7.642946243286133
0391,3.567,5.657176971435547
0391,0.6362,4.030019760131836
0391,3.5716,8.42801284790039
0391,4.2007,6.819149017333984
0391,1.2728,6.164031505584717
0391,2.5312,9.823027610778809
0391,4.2143,5.997537136077881
0391,2.9681,6.9518656730651855
0391,2.2952,7.56597375869751
0391,3.5971,8.447253227233887
0391,3.6537,7.747285842895508
0391,0.559,6.003938674926758
0391,1.6039,6.619037628173828
0391,4.0208,10.344130516052246
0391,1.9338,3.145348072052002
0391,2.1013,7.509131908416748
0391,2.642,8.827800750732422
0391,1.4397,3.195424795150757
0391,4.5653,6.361239433288574
0391,5.6404,7.86445426940918
0391,1.9699,4.082359313964844
0391,2.343,6.917993068695068
0391,3.1718,7.23563289642334
0391,3.92,7.653173923492432
0391,2.6144,7.090170383453369
0391,0.5773,3.5053205490112305
0391,2.544,5.140697956085205
0391,2.0574,2.559840440750122
0391,2.942,6.251788139343262
0391,5.6138,6.561768531799316
0391,6.5887,7.63619327545166
0391,2.5997,3.1809821128845215
0391,3.0057,7.097683429718018
0391,3.2368,7.271590232849121
0391,3.5057,7.895735263824463
0391,2.3515,5.818614959716797
0391,3.7798,6.253085136413574
0391,0.7074,3.6654105186462402
0391,2.3174,8.79711627960205
0391,1.8571,8.087596893310547
0391,4.0739,10.50282096862793
0391,4.1772,7.936050891876221
0391,4.5863,8.461753845214844
0391,3.6791,8.375131607055664
0391,4.9688,7.789270401000977
0391,5.2823,6.822380542755127
0391,0.4887,2.379782199859619
0391,1.857,3.154210329055786
0391,1.8756,2.359574317932129
0391,2.4522,3.7358899116516113
0391,3.8026,3.743712902069092
0391,1.5535,6.914817810058594
0391,1.5072,2.815887689590454
0391,3.3182,7.234649658203125
0391,1.5858,6.086763381958008
0391,2.4433,7.63769006729126
0391,3.1204,8.393310546875
0391,4.1608,8.349095344543457
0391,4.6852,8.938118934631348
0391,3.0211,6.251788139343262
0391,3.4503,7.599998950958252
0391,4.2995,7.6488847732543945
0391,2.6712,6.5489821434021
0391,3.0142,7.525003433227539
0391,3.1494,3.3006584644317627
0391,2.0559,6.778257369995117
0391,3.391,8.993829727172852
0391,4.4487,6.606480121612549
0391,2.6614,7.6598591804504395
0391,1.6579,6.090230941772461
0391,1.6579,6.090230941772461
0391,3.4731,6.625985622406006
0391,3.2332,6.3634796142578125
0391,1.9919,7.551544189453125
0391,2.6256,6.5489821434021
0391,2.5809,3.9922873973846436
0391,2.5963,6.1107072830200195
0391,3.8973,9.352097511291504
0391,4.311,8.083215713500977
0391,2.253,8.770852088928223
0391,0.8849,5.765892505645752
0391,3.4137,8.513381004333496
0391,3.6751,3.4887239933013916
0391,3.1422,7.02541446685791
0391,3.3389,8.266944885253906
0391,4.1508,9.090453147888184
0391,1.7127,5.229824066162109
0391,2.338,7.240355491638184
0391,3.3784,6.8571600914001465
0391,3.6238,8.738609313964844
0391,1.2502,6.409938335418701
0391,1.4484,6.85500431060791
0391,2.2885,7.04841947555542
0391,5.2107,9.120465278625488
0391,1.6013,7.022808074951172
0391,5.0826,9.064435005187988
0391,1.0045,5.171395778656006
0391,1.6781,6.852658271789551
0391,2.1227,5.95385217666626
0391,3.8143,7.327620506286621
0391,4.1294,6.757480621337891
0391,6.5778,8.746724128723145
0391,3.1977,8.167498588562012
0391,2.2272,3.145348072052002
0391,2.3243,8.494515419006348
0391,3.3647,6.907659530639648
0391,1.8173,2.9217259883880615
0391,1.8812,2.8820369243621826
0391,3.5041,8.455591201782227
0391,3.9725,8.78937816619873
0391,2.684,5.277339458465576
0391,3.9544,6.621270179748535
0391,5.1751,7.536130905151367
0391,2.8778,5.540900707244873
0391,6.0321,7.394522190093994
0391,1.9151,6.002064228057861
0391,2.6239,8.129932403564453
0391,2.8402,6.919417381286621
0391,3.6199,7.880551815032959
0391,5.1983,9.255764961242676
0391,5.4319,8.498576164245605
0391,2.6577,5.989501476287842
0391,3.7266,7.6408162117004395
0391,3.4854,6.050058364868164
0391,3.8237,7.775404453277588
0391,2.3238,4.902106761932373
0391,3.553,5.9679388999938965
0391,3.7751,8.192732810974121
0391,2.2373,6.881505966186523
0391,2.8781,7.164491176605225
0391,3.0941,5.599813938140869
0391,4.4185,10.49812126159668
0391,2.1492,6.398860931396484
0391,2.1766,8.1209135055542
0391,3.9847,6.273167610168457
0391,3.0873,7.634466648101807
0391,4.6365,10.49812126159668
0391,1.9249,5.834803581237793
0391,3.386,8.527115821838379
0391,4.4646,7.479397773742676
0391,1.3714,4.412313461303711
0391,2.8263,7.402194976806641
0391,2.8882,7.318423748016357
0391,1.995,9.105449676513672
0391,4.7471,9.45199203491211
0391,2.9526,6.163599491119385
0391,3.604,7.02152156829834
0391,5.5977,6.962147235870361
0391,1.9315,6.915451526641846
0391,3.3173,7.0382208824157715
0391,3.6767,6.782991886138916
0391,1.3967,4.816530227661133
0391,2.955,6.163599491119385
0391,3.2432,8.290575981140137
0391,3.3712,8.646646499633789
0391,4.1707,7.593884468078613
0391,4.1818,7.442584991455078
0391,1.5902,6.476065635681152
0391,1.6844,4.013179779052734
0391,2.7705,8.432408332824707
0391,3.2931,6.453745365142822
0391,1.4653,2.9387052059173584
0391,1.5265,3.601572275161743
0391,3.6811,6.793902397155762
0391,3.9165,6.710389137268066
0391,3.0748,4.15000581741333
0391,3.2921,6.960418701171875
0391,3.3474,7.997878074645996
0391,3.9651,6.5680975914001465
0391,4.0859,7.956985950469971
0391,1.9137,7.20237398147583
0391,2.1476,7.3726043701171875
0391,4.2446,5.70449686050415
0391,4.8608,7.82169771194458
0391,5.2058,6.849478244781494
0391,6.881,8.312820434570312
0391,1.5803,5.4270124435424805
0391,1.6093,8.679198265075684
0391,3.915,7.649219036102295
0391,3.2581,6.11336612701416
0391,3.2773,8.162026405334473
0391,3.5731,6.429099082946777
0391,2.0343,9.254088401794434
0391,0.6543,4.086126327514648
0391,1.8417,5.662633419036865
0391,3.3616,5.999160289764404
0391,4.4244,6.619119644165039
0391,4.7002,8.825658798217773
0391,1.8961,6.8042988777160645
0391,2.9845,6.518158435821533
0391,3.5029,7.799933910369873
0391,1.5261,2.9267327785491943
0391,2.3524,2.9507155418395996
0391,3.2027,7.408968925476074
0391,3.3741,6.492462635040283
0391,0.5453,4.333682060241699
0391,1.1788,5.381368160247803
0391,2.8633,7.712817192077637
0391,2.1552,8.107571601867676
0391,3.3455,8.293225288391113
0391,3.5557,8.193671226501465
0391,3.7755,6.898368835449219
0391,6.966,7.645778656005859
0391,0.46,3.429980754852295
0391,2.054,6.189420700073242
0391,2.8766,7.358389854431152
0391,2.0472,5.480429649353027
0391,2.0472,4.8353495597839355
0391,3.0062,3.6957175731658936
0391,3.8492,7.330477237701416
0391,2.9875,8.701841354370117
0391,2.6328,4.88723611831665
0391,4.1968,8.126073837280273
0391,4.4546,6.687248706817627
0391,1.9832,6.204919815063477
0391,2.4431,9.130322456359863
0391,4.5457,7.042057991027832
0391,6.1023,8.24177074432373
0391,1.9248,5.284002304077148
0391,2.2387,5.882961750030518
0391,2.6666,6.950098991394043
0391,0.466,2.563347816467285
0391,1.4809,5.856090545654297
0391,2.3892,3.878899097442627
0391,2.7355,6.774852275848389
0391,2.772,3.616210699081421
0391,2.8118,4.038336277008057
0391,2.2955,6.924717903137207
0391,1.4025,5.8335771560668945
0391,3.1468,7.525089263916016
0391,2.5176,3.5438549518585205
0391,2.5939,4.259034633636475
0391,3.2169,6.041863918304443
0391,6.1647,7.881141185760498
0391,1.7906,5.184678554534912
0391,1.9302,5.575179576873779
0391,2.6903,6.5912957191467285
0391,2.9907,6.452572822570801
0391,3.8879,8.726554870605469
0391,4.5277,9.902242660522461
0391,0.7203,5.4986467361450195
0391,1.8985,2.9664218425750732
0391,2.0937,7.509131908416748
0391,3.6125,7.503612995147705
0391,0.5279,3.48325777053833
0391,2.6221,5.2552289962768555
0391,4.175,6.59982967376709
0391,1.5316,4.9335737228393555
0391,2.0964,5.184678554534912
0391,3.5332,7.30319356918335
0391,1.9868,5.2377119064331055
0391,3.9111,5.436131477355957
0391,3.0532,6.313661098480225
0391,3.6611,8.268372535705566
0391,3.9797,7.392184734344482
0391,5.0574,8.061342239379883
0391,2.3007,5.222546100616455
0391,2.7559,6.554781913757324
0391,3.3676,8.15162467956543
0391,4.8241,6.551305294036865
0391,1.3509,5.546911716461182
0391,2.9942,6.587839603424072
0391,3.2677,7.397534370422363
0391,4.7694,10.021317481994629
0391,2.5812,6.474079608917236
0391,3.7313,7.292618274688721
0391,3.8382,7.527316570281982
0391,2.8912,7.057104110717773
0391,3.2933,7.0598464012146
0391,4.6977,9.876399040222168
0391,2.2358,8.86514663696289
0391,0.9819,3.4379677772521973
0391,3.3477,8.556865692138672
0391,2.2376,6.421550273895264
0391,2.5835,3.5438549518585205
0391,2.8981,5.392035961151123
0391,3.6861,10.470892906188965
0391,4.1527,6.733065128326416
0391,1.3055,2.373600959777832
0391,1.6036,5.2681074142456055
0391,2.4263,3.2792911529541016
0391,2.6853,6.616232395172119
0391,3.6056,3.883120059967041
0391,1.666,6.825930118560791
0391,2.0516,6.703176498413086
0391,2.3084,6.804757118225098
0391,4.1027,6.278029918670654
0391,3.4528,5.857700824737549
0391,4.9365,7.857673168182373
0391,3.6655,5.692981719970703
0391,4.5777,4.060125827789307
0391,4.6527,6.614500045776367
0391,0.9506,2.443289041519165
0391,1.5117,3.4038591384887695
0391,3.0306,7.786293029785156
0391,4.8567,6.775550365447998
0391,5.433,6.530412197113037
0391,1.8345,6.225583076477051
0391,1.8565,2.9267327785491943
0391,3.8027,6.360930919647217
0391,4.5616,6.57464075088501
0391,2.5569,4.355292797088623
0391,4.2461,7.966883182525635
0391,4.7109,8.507944107055664
0391,4.7143,9.211701393127441
0391,2.8572,6.169878005981445
0391,2.8691,7.392871856689453
0391,3.3539,8.077935218811035
0391,0.6778,3.0931780338287354
0391,4.6551,7.004598140716553
0391,4.7959,9.145709991455078
0391,2.9264,7.1754560470581055
0391,2.9854,8.701841354370117
0391,3.4828,8.148962020874023
0391,4.088,8.109942436218262
0391,0.4929,2.578295946121216
0391,0.7724,3.7830286026000977
0391,1.326,5.027563571929932
0391,2.9777,6.8207292556762695
0391,1.2487,5.826042652130127
0391,1.4855,3.0387256145477295
0391,2.4348,4.10553503036499
0391,3.1712,8.258085250854492
0391,3.7545,7.69291353225708
0391,3.7702,6.373500823974609
0391,2.3917,6.089629173278809
0391,4.1387,7.107726573944092
0391,1.8538,5.310920715332031
0391,2.5713,7.563605785369873
0391,4.6632,7.226685523986816
0391,1.9053,7.004534721374512
0391,2.0508,2.9784345626831055
0391,4.2006,10.4404296875
0391,1.801,2.9267327785491943
0391,2.6753,6.7153401374816895
0391,5.8788,7.764853000640869
0391,1.633,5.54983377456665
0391,1.7349,3.953061103820801
0391,2.9495,4.001255989074707
0391,3.2139,6.4634785652160645
0391,3.6088,7.572338581085205
0391,1.5152,3.2407143115997314
0391,3.0518,6.5266432762146
0391,3.145,8.708710670471191
0391,2.1217,7.927765369415283
0391,3.1206,6.240828990936279
0391,3.7665,6.509824752807617
0391,3.8488,9.20148754119873
0391,2.0916,7.102614879608154
0391,2.3671,6.379946231842041
0391,4.534,9.217935562133789
0391,1.42,8.443016052246094
0391,2.1299,7.345065116882324
0391,3.3878,8.779757499694824
0391,4.9962,9.636983871459961
0391,1.8231,3.1038825511932373
0391,3.2681,6.873111724853516
0391,4.17,6.773349761962891
0391,2.3517,6.477300643920898
0391,2.5953,4.573935031890869
0391,1.0143,2.4870223999023438
0391,2.7726,4.52294397354126
0391,3.3818,5.638652801513672
0391,0.4957,2.3315486907958984
0391,1.4073,3.0387256145477295
0391,1.6542,4.99663782119751
0391,2.4131,3.320756673812866
0391,0.4998,2.578295946121216
0391,4.6194,7.987037658691406
0391,0.689,3.547288656234741
0391,2.8652,5.776392936706543
0391,3.7235,5.414645671844482
0391,2.3012,5.818614959716797
0391,2.9051,6.689219951629639
0391,5.0438,8.467988967895508
0391,3.1186,6.241505146026611
0391,1.1959,3.5757100582122803
0391,2.1872,6.393298625946045
0391,3.3981,8.268614768981934
0391,1.0357,4.275113582611084
0391,1.1552,4.5122504234313965
0391,1.6073,6.656708240509033
0391,3.0278,4.035168170928955
0391,0.6857,5.990077495574951
0391,1.6843,5.550673961639404
0391,3.1854,4.970637321472168
0391,3.953,8.678436279296875
0391,0.8758,3.408299207687378
0391,2.6384,3.2842893600463867
0391,3.5503,6.821743965148926
0391,0.5113,4.081020832061768
0391,2.2819,7.316434860229492
0391,3.1549,7.219852924346924
0391,4.002,6.793902397155762
0391,2.735,7.1030988693237305
0391,2.4973,3.999786138534546
0391,3.6965,8.091704368591309
0391,6.086,7.058387756347656
0391,2.0964,8.405752182006836
0391,2.4638,7.057993412017822
0391,2.6823,6.44812536239624
0391,1.9394,5.496428489685059
0391,4.9349,7.312168598175049
0391,5.6678,8.783172607421875
0391,1.4598,4.309917449951172
0391,2.4184,5.82818603515625
0391,2.4592,6.484872341156006
0391,1.7048,6.225583076477051
0391,1.9434,5.637671947479248
0391,2.4414,5.88889741897583
0391,2.0346,7.0980224609375
0391,3.7241,8.706820487976074
0391,3.6884,6.304610729217529
0391,0.5354,3.4318933486938477
0391,2.4458,7.428178787231445
0391,3.1985,8.879544258117676
0391,3.0498,3.9268991947174072
0391,4.5652,8.292986869812012
0391,7.102,10.255619049072266
0391,2.4588,6.560388565063477
0391,3.6115,8.851789474487305
0391,3.6413,7.282251358032227
0391,4.1443,8.201248168945312
0391,1.1074,4.116349697113037
0391,1.665,2.654930830001831
0391,2.8442,4.957202911376953
0391,4.1833,8.842632293701172
0391,0.9721,2.9395129680633545
0391,1.6473,6.505572319030762
0391,2.0494,6.7258710861206055
0391,4.7871,7.8805341720581055
0391,5.6425,6.732019901275635
0391,2.5617,7.114053726196289
0391,3.554,7.88663387298584
0391,1.2378,2.461090564727783
0391,1.8152,4.599162578582764
0391,2.2003,7.313247203826904
0391,2.2872,7.763276100158691
0391,2.7126,8.41718864440918
0391,1.5142,3.5785858631134033
0391,2.0825,2.9267327785491943
0391,2.8014,7.413815021514893
0391,2.9113,7.362592697143555
0391,0.5812,6.18098258972168
0391,4.2499,5.385444641113281
0391,4.4223,9.358633041381836
0391,2.2114,5.64385461807251
0391,2.5824,3.335998773574829
0391,0.6263,6.942770004272461
0391,1.9441,6.8042988777160645
0391,2.9104,5.36675500869751
0391,5.0548,6.237529277801514
0391,1.5173,4.988466739654541
0391,2.2991,6.940234661102295
0391,2.4948,8.182144165039062
0391,5.4013,10.50764274597168
0391,1.0048,4.5545854568481445
0391,1.7297,7.102177143096924
0391,2.4854,3.5198721885681152
0391,1.8264,2.9999287128448486
0391,3.2476,8.060920715332031
0391,3.6591,4.321346282958984
0391,2.9729,5.985152244567871
0391,3.2906,3.9272143840789795
0391,0.4855,3.979868173599243
0391,1.4923,4.347019672393799
0391,2.6002,9.695034980773926
0391,2.1255,3.2306206226348877
0391,2.8016,6.604979038238525
0391,2.9309,7.716487407684326
0391,1.8278,5.939164638519287
0391,3.4169,6.969422340393066
0391,4.0523,6.471944808959961
0391,5.9718,7.8765363693237305
0391,2.0955,6.529675006866455
0391,2.6599,8.027872085571289
0391,2.7558,4.045421123504639
0391,0.7755,4.576536178588867
0391,2.3866,5.355478763580322
0391,2.6887,6.308045387268066
0391,4.931,7.336313247680664
0391,1.5261,7.603996753692627
0391,5.1381,6.644674777984619
0391,2.8217,5.0867018699646
0391,3.1426,6.97594690322876
0391,5.5249,7.537899494171143
0391,1.251,2.4870223999023438
0391,1.1109,3.0530812740325928
0391,2.371,6.5338969230651855
0391,3.867,8.8187894821167
0391,4.8654,7.397164344787598
0391,1.1414,4.547540664672852
0391,1.8002,6.928321838378906
0391,2.5641,6.373714447021484
0391,3.1661,8.612625122070312
0391,3.5262,4.009306907653809
0391,4.4146,7.630669116973877
0391,2.5928,7.484029293060303
0391,1.0016,4.59739875793457
0391,2.0535,8.002835273742676
0391,4.1367,8.894200325012207
0391,5.0849,8.374946594238281
0391,5.879,8.30604076385498
0391,5.927,7.4311628341674805
0391,3.468,6.7854838371276855
0391,3.5971,8.837111473083496
0391,3.089,6.453181266784668
0391,4.424,7.4692864418029785
0391,4.4726,6.178542613983154
0391,0.4783,2.702655553817749
0391,4.9176,7.36157751083374
0391,0.4866,6.2293314933776855
0391,1.7616,5.137529373168945
0391,3.0429,7.3008856773376465
0391,3.3823,6.44221305847168
0391,3.7849,7.062099456787109
0391,1.7887,2.9267327785491943
0391,2.9633,8.405634880065918
0391,3.0943,7.9429030418396
0391,3.3773,4.626810073852539
0391,4.179,8.113375663757324
0391,2.6186,6.438022613525391
0391,3.7905,7.356983184814453
0391,6.0235,10.514007568359375
0391,0.9297,3.017889976501465
0391,3.2111,7.404770851135254
0391,3.3598,7.979483127593994
0391,4.2824,3.0893490314483643
0391,1.2334,5.506054878234863
0391,2.7509,3.492730140686035
0391,1.6104,5.189172744750977
0391,2.1449,7.3726043701171875
0391,4.4881,7.180818557739258
0391,4.6688,10.032339096069336
0391,5.6601,8.227648735046387
0391,2.402,5.158379554748535
0391,3.4906,8.87759017944336
0391,3.6528,8.0464506149292
0391,1.0309,4.557888984680176
0391,3.5546,7.182331562042236
0391,5.1497,11.685275077819824
0391,0.7092,4.440215587615967
0391,4.1125,8.767821311950684
0391,4.2909,8.436936378479004
0391,2.2226,6.284884452819824
0391,2.7377,3.1074042320251465
0391,3.2901,5.80234432220459
0391,4.4745,10.3201265335083
0391,4.2315,9.350432395935059
0391,5.2357,7.327827453613281
0391,6.0247,8.825658798217773
0391,0.7835,4.957442283630371
0391,4.2885,3.409651041030884
0391,4.7384,8.307990074157715
0391,4.8812,7.9808855056762695
0391,3.4698,3.3665049076080322
0391,3.7368,7.361141204833984
0391,5.2964,9.082022666931152
0391,3.3524,7.655858039855957
0391,3.4614,6.838318824768066
0391,3.7626,5.59199857711792
0391,1.6096,2.9387052059173584
0391,2.9959,7.147475719451904
0391,3.3173,7.840725898742676
0391,4.5653,6.6731648445129395
0391,1.9798,6.8042988777160645
0391,2.7879,6.17045259475708
0391,4.1326,4.86751127243042
0391,4.973,9.391926765441895
0391,5.4312,9.741857528686523
0391,2.1546,6.6914167404174805
0391,2.4701,4.438253879547119
0391,3.6546,8.736725807189941
0391,4.6693,7.156836986541748
0391,2.5411,3.624410629272461
0391,2.6164,2.9507155418395996
0391,2.8667,3.3403475284576416
0391,3.1904,6.207660675048828
0391,4.255,8.826258659362793
0391,1.9963,3.7397780418395996
0391,3.1938,7.2012786865234375
0391,1.769,6.172084331512451
0391,1.917,5.228287696838379
0391,2.8389,4.8015360832214355
0391,2.9073,8.525398254394531
0391,3.1559,7.219852924346924
0391,3.4916,6.167442798614502
0391,4.9811,8.529485702514648
0391,3.6729,8.760514259338379
0391,0.4938,2.628711700439453
0391,0.4996,2.7950282096862793
0391,2.7147,3.178389072418213
0391,2.7209,8.883715629577637
0391,2.7877,5.810786724090576
0391,3.4551,3.624622344970703
0391,3.4616,8.575029373168945
0391,3.8408,7.118237495422363
0391,4.422,6.188344478607178
0391,6.1086,8.559192657470703
0391,2.2498,6.317625999450684
0391,2.4708,3.5198721885681152
0391,2.8447,7.376444339752197
0391,5.4583,7.381708145141602
0391,2.1316,3.102141857147217
0391,2.5195,8.179352760314941
0391,2.8969,7.281334400177002
0391,3.6075,3.7010514736175537
0391,1.6331,6.968540191650391
0391,4.0587,7.542342662811279
0391,4.207,8.527463912963867
0391,2.6212,7.300901412963867
0391,4.8483,8.893617630004883
0391,4.7042,6.369706153869629
0391,5.5421,7.509512901306152
0391,1.963,6.271533012390137
0391,2.0613,6.661012649536133
0391,2.8538,8.452743530273438
0391,4.6491,10.49812126159668
0391,6.084,7.248907089233398
0391,1.1681,5.451888561248779
0391,2.4399,7.441654205322266
0391,2.6469,6.53767204284668
0391,3.5502,7.499375343322754
0391,4.7534,3.628096342086792
0391,0.4671,3.4299027919769287
0391,1.6723,3.004591464996338
0391,2.1581,4.176759719848633
0391,2.7245,6.639439105987549
0391,3.929,10.487299919128418
0391,4.1545,6.082118988037109
0391,2.9658,7.162997722625732
0391,7.2464,6.902130603790283
0391,1.7205,7.162156105041504
0391,2.804,6.497474193572998
0391,2.6449,8.397649765014648
0391,1.3233,4.317446231842041
0391,2.1429,6.639732837677002
0391,3.5144,6.748270511627197
0391,1.8556,3.2289202213287354
0391,1.6253,3.55698299407959
0391,2.5853,7.822846412658691
0391,4.1258,6.988070487976074
0391,2.1051,6.850801944732666
0391,3.6126,5.509828090667725
0391,1.9152,3.5547080039978027
0391,1.9748,6.382037162780762
0391,2.3882,5.980481147766113
0391,2.4958,5.329756259918213
0391,3.1574,6.799370288848877
0391,2.0711,3.9432590007781982
0391,3.0142,9.513516426086426
0391,3.275,7.906994342803955
0391,4.4696,8.596941947937012
0391,1.9219,2.8820369243621826
0391,3.5459,7.915040493011475
0391,2.2119,3.556276798248291
0391,4.7172,7.93629789352417
0391,5.4817,9.0542573928833
0391,3.9362,6.5245232582092285
0391,4.5512,9.972698211669922
0391,4.3545,6.8243536949157715
0391,2.6298,6.669963836669922
0391,3.1093,7.753325462341309
0391,3.7257,9.462201118469238
0391,5.2124,6.855620384216309
0391,5.6691,7.476135730743408
0391,6.0708,8.21867847442627
0391,1.0619,4.973997116088867
0391,6.2124,7.593449115753174
0391,7.1072,6.924403190612793
0391,3.1613,3.9818384647369385
0391,3.7888,7.930243968963623
0391,1.7273,5.4051103591918945
0391,2.7658,7.7757391929626465
0391,4.6092,7.911868572235107
0391,2.1913,5.071074485778809
0391,3.9555,10.871460914611816
0391,3.8199,7.955144882202148
0391,7.1709,8.159525871276855
0391,2.6731,6.017398834228516
0391,3.1285,7.7244343757629395
0391,0.6331,4.752092361450195
0391,1.6919,2.9387052059173584
0391,3.2171,7.979332447052002
0391,5.0267,6.818007469177246
0391,1.7043,6.187718391418457
0391,1.8779,6.58375883102417
0391,3.1326,7.956390857696533
0391,3.1499,6.13051176071167
0391,3.7662,6.905026435852051
0391,4.4988,3.2824015617370605
0391,1.1967,3.0591866970062256
0391,1.7931,2.8820369243621826
0391,2.0389,7.427966117858887
0391,2.1172,7.069852828979492
0391,2.2659,7.464512825012207
0391,5.2865,7.77874231338501
0391,4.4983,7.116325378417969
0391,2.669,7.516379356384277
0391,3.2057,8.3043794631958
0391,1.5638,4.832304000854492
0391,2.0018,2.9267327785491943
0391,6.4819,7.7589521408081055
0391,1.8917,2.9267327785491943
0391,1.6967,6.322484016418457
0391,1.8031,5.173099517822266
0391,2.2738,6.382037162780762
0391,3.0047,6.599499225616455
0391,3.0021,8.363143920898438
0391,0.6112,2.7038888931274414
0391,2.1427,6.319509983062744
0391,2.3165,7.643158435821533
0391,2.8841,7.071478843688965
0391,4.0492,9.54447078704834
0391,2.6303,3.5438549518585205
0391,1.8671,6.8042988777160645
0391,2.8065,6.608030796051025
0391,3.6065,5.949361801147461
0391,1.2783,3.258632183074951
0391,1.6764,5.003106117248535
0391,3.3227,5.134005069732666
0391,5.3342,8.269235610961914
0391,2.5592,6.640260696411133
0391,3.0256,6.562618255615234
0391,4.1559,7.64365291595459
0391,4.5832,6.590948104858398
0391,0.4638,2.623222827911377
0391,1.2748,4.725329399108887
0391,2.4856,8.453484535217285
0391,2.9469,5.761826515197754
0391,2.2095,6.709765434265137
0391,3.0912,5.572097301483154
0391,5.1235,7.533369541168213
0391,3.679,7.270454406738281
0391,1.8655,7.238583087921143
0391,2.018,8.201552391052246
0391,2.9301,8.191170692443848
0391,2.9331,7.190179824829102
0391,4.7435,7.365291118621826
0391,2.1581,5.1372222900390625
0391,2.7044,6.503373622894287
0391,2.8413,5.2308197021484375
0391,3.7466,5.540159702301025
0391,3.2797,7.004443645477295
0391,3.6343,7.525296211242676
0391,4.0057,8.995830535888672
0391,2.6737,3.30029559135437
0391,2.6887,5.68561315536499
0391,2.723,7.228724956512451
0391,3.351,7.444455623626709
0391,3.4314,6.3100056648254395
0391,2.7797,5.536256790161133
0391,3.8289,7.8967814445495605
0391,4.2835,6.793902397155762
0391,2.1261,8.861995697021484
0391,2.1261,6.065491676330566
0391,2.4549,3.5438549518585205
0391,2.615,5.805612564086914
0391,3.6858,8.02786636352539
0391,1.5577,6.119010925292969
0391,2.7038,5.75572395324707
0391,2.9899,6.303146839141846
0391,3.44,6.006394386291504
0391,2.8809,6.782835483551025
0391,3.1183,7.004696369171143
0391,1.9532,7.4604997634887695
0391,3.4132,9.198811531066895
0391,3.9422,9.248401641845703
0391,1.544,5.681045055389404
0391,2.796,4.111125946044922
0391,3.4564,6.877651691436768
0391,3.784,6.50490140914917
0391,3.2821,6.116339206695557
0391,4.4159,7.0151214599609375
0391,0.9832,6.680542945861816
0391,2.3604,7.502071380615234
0391,3.3085,7.978720188140869
0391,3.9307,6.554346084594727
0391,1.7782,7.08273458480835
0391,2.4369,4.907130718231201
0391,0.6127,5.515139102935791
0391,1.6136,3.0387256145477295
0391,3.9189,7.435733795166016
0391,0.9458,3.3052921295166016
0391,2.7051,6.726261615753174
0391,0.9928,4.84254789352417
0391,2.5379,3.995763063430786
0391,3.2428,8.872010231018066
0391,2.7586,5.367194652557373
0391,1.9705,4.4614386558532715
0391,3.5439,7.777777194976807
0391,3.985,7.026249885559082
0391,1.679,4.870759010314941
0391,4.0248,8.995830535888672
0391,0.9193,2.2651848793029785
0391,3.0627,8.861995697021484
0391,3.4596,5.956043720245361
0391,6.7215,10.514007568359375
0391,2.0662,9.130322456359863
0391,4.1097,6.436400890350342
0391,4.774,7.665184497833252
0391,3.1161,6.950765609741211
0391,5.5698,7.588129043579102
0391,2.8441,6.770707130432129
0391,3.2596,6.994204044342041
0391,4.1297,7.510344982147217
0391,1.4452,5.132534027099609
0391,4.622,9.890462875366211
0391,2.1785,6.106846809387207
0391,2.2127,7.943806171417236
0391,2.6995,4.091322898864746
0391,2.8473,6.639969825744629
0391,3.8479,7.2935004234313965
0391,2.1964,5.82097053527832
0391,3.2918,6.228642463684082
0391,3.5148,7.922820568084717
0391,5.3437,7.400365352630615
0391,2.3547,6.662902355194092
0391,4.7109,7.219409942626953
0391,1.7795,7.08273458480835
0391,2.8993,8.414253234863281
0391,1.8852,5.039961338043213
0391,2.9867,7.510147571563721
0391,2.0443,6.7258710861206055
0391,2.536,6.669946670532227
0391,1.855,6.922830104827881
0391,2.4753,6.742223262786865
0391,2.7702,7.786346912384033
0391,4.6605,6.566890716552734
0391,2.7157,7.387866020202637
0391,3.8626,6.871885776519775
0391,1.7144,4.754724025726318
0391,2.734,5.995818138122559
0391,4.1347,7.4613471031188965
0391,1.1127,4.251729488372803
0391,1.7242,5.36027717590332
0391,2.1163,8.396759986877441
0391,1.5862,2.9267327785491943
0391,2.7076,8.30734920501709
0391,3.0973,8.0241060256958
0391,0.5497,2.484853506088257
0391,1.8531,6.339580059051514
0391,2.3356,6.88650369644165
0391,2.4203,7.099432468414307
0391,5.7348,7.387868881225586
0391,1.3476,5.098367691040039
0391,1.5566,5.569396018981934
0391,3.754,4.936066627502441
0391,3.1288,9.200871467590332
0391,3.4735,7.11629581451416
0391,3.5539,6.957833766937256
0391,4.3497,7.9972991943359375
0391,0.5638,5.356444358825684
0391,2.1235,2.9267327785491943
0391,3.6598,7.489317417144775
0391,4.9862,8.37607479095459
0391,1.0188,3.56754469871521
0391,2.6624,7.166579723358154
0391,2.8732,6.606011867523193
0391,2.4456,3.387570858001709
0391,2.9155,6.305992126464844
0391,3.595,6.196123123168945
0391,4.7923,7.4653143882751465
0391,1.5114,4.8542351722717285
0391,4.5441,10.487299919128418
0391,2.3222,7.62132453918457
0391,3.0843,7.512102127075195
0391,3.2075,8.234627723693848
0391,3.3512,7.829325199127197
0391,3.4844,8.186162948608398
0391,1.4639,4.942511558532715
0391,4.7923,8.062479972839355
0391,1.479,2.3315486907958984
0391,2.6878,4.225723743438721
0391,0.623,3.053729772567749
0391,2.4027,3.7190563678741455
0391,2.533,5.604555606842041
0391,4.2867,3.409651041030884
0391,2.1677,3.053471326828003
0391,4.7041,9.994020462036133
0391,2.8046,7.403736114501953
0391,3.0931,6.251788139343262
0391,4.6463,7.1336164474487305
0391,3.2004,6.011097431182861
0391,3.8638,10.470892906188965
0391,1.3853,2.8820369243621826
0391,1.5259,2.573140859603882
0391,2.6893,5.649760723114014
0391,4.1131,7.997535705566406
0391,5.1907,8.865617752075195
0391,1.3267,3.956157922744751
0391,3.5531,6.745412826538086
0391,5.1367,10.115021705627441
0391,0.6455,4.520348072052002
0391,3.3349,7.684946060180664
0391,3.7523,8.251639366149902
0391,1.2985,5.561509132385254
0391,3.2049,9.548401832580566
0391,2.4369,3.8544387817382812
0391,5.8037,8.769743919372559
0391,5.3819,7.3161540031433105
0391,1.7855,6.793973445892334
0391,4.7801,7.715174674987793
0391,3.6786,7.407597541809082
0391,3.9684,8.694852828979492
0391,4.2514,7.469204425811768
0391,4.5219,10.487299919128418
0391,2.6344,7.5991997718811035
0391,2.8459,7.7926411628723145
0391,3.731,6.658253192901611
0391,4.338,7.298076629638672
0391,5.3957,7.381708145141602
0391,0.6518,5.654016017913818
0391,4.0747,8.269235610961914
0391,1.5202,4.322150230407715
0391,2.4546,7.340868949890137
0391,4.6943,6.566890716552734
0391,0.466,3.1866185665130615
0391,0.6307,4.486936569213867
0391,2.751,5.480919361114502
0391,3.0977,6.076176643371582
0391,3.4921,6.868598937988281
0391,3.8658,7.4369025230407715
0391,4.8338,7.207713603973389
0391,2.512,7.117478847503662
0391,2.9566,5.748087406158447
0391,2.5952,7.30319356918335
0391,4.1528,7.64365291595459
0391,2.5024,5.245057582855225
0391,2.816,6.4764909744262695
0391,1.0706,2.381664752960205
0391,1.3788,5.3749895095825195
0391,2.4233,2.9387052059173584
0391,3.7126,7.15315055847168
0391,4.1181,7.644173622131348
0391,0.5228,3.1294636726379395
0391,3.155,7.766716003417969
0391,4.6244,8.380231857299805
0391,1.4123,7.631479263305664
0391,2.1839,8.752975463867188
0391,2.2123,7.169023513793945
0391,4.0171,8.706634521484375
0391,5.4534,8.359310150146484
0391,1.8609,7.055300235748291
0391,3.0614,8.432700157165527
0391,3.2312,7.753274917602539
0391,3.8479,9.595380783081055
0391,1.9233,7.351935863494873
0391,4.0492,5.436131477355957
0391,4.3272,6.475785255432129
0391,3.1657,4.168243885040283
0391,3.1657,3.529592990875244
0391,4.6166,7.551390171051025
0391,1.7279,2.7438292503356934
0391,2.0543,7.350559234619141
0391,2.3348,6.28675651550293
0391,1.6635,3.328464984893799
0391,4.049,8.13668441772461
0391,2.0859,8.774785041809082
0391,2.3931,7.6423659324646
0391,1.5992,5.044397830963135
0391,2.2853,6.200343132019043
0391,4.3304,6.273069381713867
0391,2.5171,7.0864434242248535
0391,5.3937,8.4592924118042
0391,3.2561,7.867269039154053
0391,3.5623,9.23255443572998
0391,2.9912,6.246138572692871
0391,4.1183,8.11620807647705
0391,0.4614,2.6197614669799805
0391,2.5093,5.6880292892456055
0391,2.7143,3.529592990875244
0391,5.7486,7.2751078605651855
0391,0.8563,3.8805489540100098
0391,3.2118,8.576498031616211
0391,2.2031,9.037994384765625
0391,2.8077,6.962721824645996
0391,2.011,4.328384876251221
0391,2.976,4.168972492218018
0391,4.5816,9.433402061462402
0391,0.5156,3.093221664428711
0391,1.3083,4.699285984039307
0391,1.5835,6.632248878479004
0391,1.9245,7.449531078338623
0391,3.4122,6.473283767700195
0391,1.5272,4.957202911376953
0391,1.8244,7.431982040405273
0391,2.4271,3.0952115058898926
0391,4.565,7.925965785980225
0391,6.0579,9.235676765441895
0391,4.7414,7.43019437789917
0391,2.9457,8.327579498291016
0391,0.6064,2.9388110637664795
0391,2.7125,8.24490737915039
0391,4.5181,10.038243293762207
0391,4.8185,8.967696189880371
0391,3.8603,8.365202903747559
0391,1.8484,4.2557692527771
0391,4.1724,8.31459903717041
0391,2.1538,7.224051475524902
0391,3.1023,6.930156707763672
0391,1.3145,7.331101894378662
0391,1.9265,7.741089820861816
0391,3.6506,7.76717472076416
0391,0.499,3.766529083251953
0391,2.0673,6.754485607147217
0391,4.5065,8.557106971740723
0391,6.5164,8.272690773010254
0391,4.4169,7.736935615539551
0391,5.9269,9.817139625549316
0391,1.2851,6.040663242340088
0391,1.6294,6.762805461883545
0391,2.0246,4.843060493469238
0391,1.362,3.8635141849517822
0391,3.9424,8.530895233154297
0391,3.1695,5.389269828796387
0391,0.4946,2.578295946121216
0391,1.8382,7.085111141204834
0391,5.3646,9.409660339355469
0391,2.6547,8.09469223022461
0391,2.9225,8.7429838180542
0391,4.5641,6.814535140991211
0391,6.4149,8.301286697387695
0391,1.0848,6.438874244689941
0391,4.4619,7.5095648765563965
0391,0.5393,3.4309206008911133
0391,2.2262,7.066515922546387
0391,3.2958,7.7653303146362305
0391,4.1862,7.454946994781494
0391,1.0708,5.0196852684021
0391,4.2873,2.5202956199645996
0391,4.1156,8.329865455627441
0391,0.8855,2.8235230445861816
0391,2.1162,4.6076250076293945
0391,2.147,7.541779041290283
0391,2.3268,5.986841201782227
0391,2.7648,8.122074127197266
0391,0.5444,3.415376901626587
0391,0.5829,2.7899632453918457
0391,0.7605,3.9334890842437744
0391,1.6232,5.832961559295654
0391,4.3205,5.01641845703125
0391,0.9573,4.101144790649414
0391,0.8553,4.320159435272217
0391,2.0322,4.418482303619385
0391,1.7848,4.185196876525879
0391,0.5892,2.7899632453918457
0391,0.9249,3.784750461578369
0391,0.6799,3.0398378372192383
0391,0.7755,4.300271511077881
0391,1.9609,4.810925006866455
0391,3.0587,6.255352020263672
0391,1.3622,5.000156402587891
0391,2.8464,8.066681861877441
0391,5.3321,9.005101203918457
0391,0.8391,4.8517889976501465
0391,1.5331,4.167388916015625
0391,2.1808,5.161020278930664
0391,1.0357,3.5860562324523926
0391,1.8916,4.8353495597839355
0391,1.4314,5.161456108093262
0391,2.2213,6.310835361480713
0391,0.4787,2.4712324142456055
0391,2.6593,6.822736740112305
0391,1.1586,5.693751335144043
0391,1.214,4.9717254638671875
0391,1.3585,4.5678534507751465
0391,1.3048,5.723427772521973
0391,1.8986,4.411106586456299
0391,4.0917,10.057235717773438
0391,1.2215,2.7581653594970703
0391,2.2926,6.490992069244385
0391,3.3121,6.228642463684082
0391,0.4734,2.8947980403900146
0391,2.234,6.284884452819824
0391,1.2575,3.656130790710449
0391,2.7255,8.072297096252441
0391,2.2023,5.850431442260742
0391,3.157,7.376996040344238
0391,2.3243,5.75849723815918
0391,2.0607,6.691377639770508
0391,4.1627,6.672335624694824
0391,4.1659,3.669330358505249
0391,4.1995,9.033814430236816
0391,2.542,9.204970359802246
0391,0.4794,4.853232383728027
0391,0.5711,2.484853506088257
0391,1.3452,3.771965265274048
0391,3.9989,7.441654205322266
0391,1.021,2.991074323654175
0391,2.3534,7.593337535858154
0391,0.4996,2.623222827911377
0391,2.0945,7.890235424041748
0391,4.4634,8.41383171081543
0391,1.8132,6.0680718421936035
0391,0.6859,4.378462791442871
0391,3.0689,5.968573570251465
0391,3.3904,9.769981384277344
0391,4.0743,10.12366008758545
0391,4.7246,8.558853149414062
0391,0.4727,4.91342830657959
0391,2.467,5.1780524253845215
0391,1.9383,7.478328704833984
0391,3.043,7.609612464904785
0391,2.1317,6.791946887969971
0391,3.4061,7.408968925476074
0391,4.355,6.9887285232543945
0391,5.1634,8.52929973602295
0391,5.5178,9.066465377807617
0391,2.0188,6.228559970855713
0391,1.3024,3.790761709213257
0391,1.8127,7.176933288574219
0391,2.9262,7.152714729309082
0391,1.5231,3.3321616649627686
0391,2.0556,6.201902389526367
0391,2.6696,8.231423377990723
0391,1.6214,5.751277923583984
0391,4.0296,9.40365219116211
0186,10.713333333333331,6.7329511642456055
0186,1.4916666666666667,2.6211488246917725
0186,10.268333333333334,5.977166652679443
0186,11.36,8.793004989624023
0186,14.058333333333334,8.774819374084473
0186,9.835,1.7028206586837769
0186,9.881666666666666,2.2270703315734863
0186,9.72,5.663079738616943
0186,1.393333333333333,1.3437861204147339
0186,15.581666666666669,8.35538101196289
0186,11.081666666666669,7.218725681304932
0186,18.40333333333333,8.916254997253418
0186,1.475,3.6687562465667725
0186,17.470000000000002,9.781827926635742
0186,1.471666666666667,1.7028206586837769
0186,15.35,7.949165344238281
0186,1.51,1.9299015998840332
0186,12.178333333333336,6.547379493713379
0186,14.498333333333331,9.62376880645752
0186,1.3683333333333332,3.8438568115234375
0186,15.35,10.150313377380371
0186,13.263333333333332,9.747678756713867
0186,9.688333333333333,5.3488264083862305
0186,14.585,6.652685642242432
0186,19.956666666666667,10.162046432495117
0186,10.993333333333334,6.567686080932617
0186,12.063333333333333,7.982985019683838
0186,11.033333333333331,6.802652359008789
0186,9.901666666666667,3.9068782329559326
0186,9.465,1.8620857000350952
0186,19.426666666666662,9.294838905334473
0186,12.396666666666668,7.777206897735596
0186,11.096666666666666,9.387818336486816
0186,13.821666666666664,8.454222679138184
0186,10.323333333333332,5.3488264083862305
0186,12.943333333333332,6.881118297576904
0186,9.866666666666667,5.266883850097656
0186,11.043333333333331,6.581243991851807
0186,10.121666666666666,6.770562171936035
0186,10.908333333333331,5.72715425491333
0186,10.218333333333334,5.841058254241943
0186,16.021666666666665,8.518148422241211
0186,10.783333333333331,6.489043712615967
0186,11.955,5.929492473602295
0186,10.428333333333336,5.5125017166137695
0186,12.076666666666666,6.629152774810791
0186,11.531666666666666,6.891341686248779
0186,1.2366666666666668,1.5858255624771118
0186,15.026666666666667,7.951052665710449
0186,14.523333333333332,6.983306407928467
0186,11.251666666666669,5.534822463989258
0186,12.946666666666664,8.06578254699707
0186,1.485,4.892458915710449
0186,12.335,8.8467435836792
0186,10.016666666666667,8.16822624206543
0186,15.168333333333331,8.99802017211914
0186,13.326666666666666,7.167261600494385
0186,19.246666666666663,10.066652297973633
0186,10.273333333333332,5.266883850097656
0186,11.318333333333332,5.855068683624268
0186,1.535,2.8054823875427246
0186,9.205,5.140990257263184
0186,17.168333333333333,9.201886177062988
0186,1.3716666666666666,1.4328054189682007
0186,15.266666666666667,5.876001358032227
0186,1.8866666666666667,1.7575623989105225
0186,16.175,8.770157814025879
0186,1.8383333333333327,1.8355504274368286
0186,1.9583333333333333,2.9298601150512695
0186,10.185,6.936456203460693
0186,17.383333333333333,8.154389381408691
0186,9.386666666666668,4.919586658477783
0186,10.985,8.412388801574707
0186,13.62,8.904499053955078
0186,17.43166666666667,9.477063179016113
0186,1.4933333333333332,3.924051523208618
0186,10.595,3.435223340988159
0186,9.64,4.878158092498779
0186,10.906666666666666,3.245654344558716
0186,11.415,5.920125961303711
0186,12.993333333333334,6.369411468505859
0186,1.4916666666666667,1.6538898944854736
0186,12.036666666666669,8.551740646362305
0186,16.518333333333334,10.130038261413574
0186,8.896666666666665,2.439972400665283
0186,9.991666666666667,3.744457483291626
0186,16.846666666666668,8.443928718566895
0186,10.355,3.716057777404785
0186,11.241666666666667,9.387818336486816
0186,0.005,3.7791454792022705
0186,10.4,9.356464385986328
0186,16.665,8.863408088684082
0186,16.428333333333335,6.602171421051025
0186,20.16333333333333,9.179945945739746
0186,15.448333333333332,6.701006889343262
0186,13.83,7.415970325469971
0186,18.15333333333333,9.570244789123535
0186,12.875,7.4756669998168945
0186,12.395,5.724766731262207
0186,10.928333333333336,3.0930235385894775
0186,13.026666666666667,6.235210418701172
0186,20.366666666666667,11.421399116516113
0186,10.191666666666666,6.638442516326904
0186,16.513333333333332,10.038458824157715
0186,16.943333333333335,8.942422866821289
0186,12.921666666666663,8.447807312011719
0186,11.486666666666668,7.093811988830566
0186,15.923333333333334,9.174369812011719
0186,10.535,5.978504657745361
0186,11.748333333333331,7.959212303161621
0186,11.433333333333334,5.945509910583496
0186,9.636666666666668,7.636596202850342
0186,12.635,6.305232048034668
0186,11.671666666666663,9.456029891967773
0186,12.068333333333332,7.331988334655762
0186,6.161666666666666,8.440654754638672
0186,11.075,9.322758674621582
0186,9.925,6.488469123840332
0186,12.026666666666667,9.44801139831543
0186,11.296666666666663,6.4353532791137695
0186,14.48,6.83530855178833
0186,1.6849999999999998,4.833202362060547
0186,1.1166666666666667,1.5419665575027466
0186,1.2133333333333334,1.8764318227767944
0186,10.746666666666666,5.196173191070557
0186,10.321666666666664,3.1185925006866455
0186,11.401666666666667,3.345259189605713
0186,17.045,10.160055160522461
0186,15.051666666666668,8.869190216064453
0186,11.336666666666668,6.442678451538086
0186,18.953333333333333,9.3648042678833
0186,13.236666666666668,4.934388637542725
0186,11.83,5.735837459564209
0186,13.575,8.800904273986816
0186,10.928333333333336,6.283834457397461
0186,18.348333333333336,4.794866561889648
0186,1.53,4.414982795715332
0186,13.728333333333332,8.17184829711914
0186,15.046666666666663,7.264738082885742
0186,15.728333333333332,7.942678451538086
0186,14.34,7.6278486251831055
0186,11.661666666666669,7.369903087615967
0186,17.455,8.08554458618164
0186,11.248333333333331,5.153121471405029
0186,13.67,7.015437126159668
0186,11.721666666666666,9.357009887695312
0186,15.481666666666666,5.800217628479004
0186,15.448333333333332,8.561013221740723
0186,12.203333333333337,7.5200629234313965
0186,17.276666666666664,6.816473484039307
0186,9.955,3.7584831714630127
0186,11.061666666666667,8.581132888793945
0186,16.32,6.0560078620910645
0186,15.74,9.24120044708252
0186,11.951666666666666,3.620649576187134
0186,11.805,9.235153198242188
0186,1.4366666666666668,2.9446816444396973
0186,19.466666666666665,9.366301536560059
0186,10.201666666666666,3.5008246898651123
0186,13.59,8.665822982788086
0186,20.631666666666668,10.050509452819824
0186,18.975,10.489693641662598
0186,13.431666666666668,8.540420532226562
0186,12.763333333333332,9.768221855163574
0186,10.73,6.980086803436279
0186,11.1,5.098526477813721
0186,14.361666666666668,8.770469665527344
0186,14.91,7.474269390106201
0186,21.01833333333333,9.587421417236328
0186,20.49333333333333,10.254283905029297
0186,10.976666666666668,3.1158077716827393
0186,12.808333333333334,5.37786865234375
0186,13.293333333333331,7.186572074890137
0186,15.496666666666666,9.501359939575195
0186,17.09333333333333,8.061860084533691
0186,9.48,4.019983768463135
0186,9.403333333333334,3.156177282333374
0186,15.276666666666667,9.362980842590332
0186,18.645,9.14814567565918
0186,12.226666666666668,9.105368614196777
0186,19.433333333333337,9.93698787689209
0186,15.401666666666667,7.398667812347412
0186,13.261666666666668,9.70918083190918
0186,9.871666666666666,4.857336521148682
0186,17.041666666666668,9.75795841217041
0186,18.32333333333333,9.021111488342285
0186,10.148333333333332,4.873542308807373
0186,9.84,6.003804683685303
0186,14.805,7.415782928466797
0186,14.623333333333331,8.717442512512207
0186,12.823333333333332,8.089224815368652
0186,20.126666666666665,9.56719970703125
0186,13.613333333333332,6.283321380615234
0186,1.5616666666666668,1.674803376197815
0186,15.73,9.774316787719727
0186,14.858333333333333,8.968226432800293
0186,14.723333333333333,7.60006856918335
0186,11.085,5.677637100219727
0186,14.633333333333333,8.442599296569824
0186,14.173333333333334,10.106949806213379
0186,12.063333333333333,9.293614387512207
0186,12.723333333333333,6.150497913360596
0186,1.55,4.3361430168151855
0186,15.163333333333332,10.437919616699219
0186,10.36,5.374914169311523
0186,20.35833333333333,8.43259048461914
0186,10.026666666666667,10.101279258728027
0186,12.783333333333331,9.051036834716797
0186,16.771666666666665,7.36790657043457
0186,18.165000000000003,10.807792663574219
0186,11.286666666666669,6.379777431488037
0186,18.96833333333333,9.399596214294434
0186,11.353333333333332,5.168516635894775
0186,12.456666666666669,7.5526227951049805
0186,11.966666666666669,5.979645729064941
0186,15.788333333333332,5.702563285827637
0186,11.578333333333337,4.491542339324951
0186,14.681666666666668,9.264732360839844
0186,11.38,6.828461170196533
0186,13.535,4.510644435882568
0186,13.345,4.375498294830322
0186,18.27,9.726373672485352
0186,13.596666666666666,6.735382080078125
0186,11.543333333333331,6.828461170196533
0186,14.105,8.1604642868042
0186,9.916666666666666,4.90069580078125
0186,10.58,6.38755464553833
0186,10.016666666666667,1.975736379623413
0186,16.205,6.69291353225708
0186,12.228333333333332,7.384138584136963
0186,11.571666666666664,7.241149425506592
0186,11.77,7.666097164154053
0186,12.528333333333334,6.935448169708252
0186,1.2766666666666666,2.5699145793914795
0186,12.438333333333333,3.321359395980835
0186,15.041666666666666,9.425755500793457
0186,11.465,7.317450523376465
0186,10.478333333333332,6.770562171936035
0186,10.18,3.354109287261963
0186,10.603333333333332,4.779928684234619
0186,11.48,6.632498741149902
0186,12.13,6.416202068328857
0186,16.07,9.645315170288086
0186,12.47,9.998337745666504
0186,9.83,7.091184139251709
0186,10.165,7.281122207641602
0186,11.223333333333333,7.338911533355713
0186,14.535,8.399308204650879
0186,10.095,5.894046306610107
0186,21.545,10.478046417236328
0186,13.525,6.9613566398620605
0186,13.086666666666668,9.195380210876465
0186,14.851666666666668,7.437390327453613
0186,17.023333333333333,10.390036582946777
0186,17.225,10.923645973205566
0186,15.216666666666669,8.567890167236328
0186,15.916666666666666,8.484468460083008
0186,14.53,7.518199920654297
0186,10.521666666666668,5.37047815322876
0186,15.851666666666668,8.039957046508789
0186,11.518333333333334,7.090725421905518
0186,15.13,5.645559787750244
0186,15.555,8.865443229675293
0186,10.785,8.624593734741211
0186,16.67,10.171483039855957
0186,10.178333333333336,5.720959186553955
0186,14.736666666666668,9.67463207244873
0186,20.633333333333333,9.18294906616211
0186,9.918333333333331,9.973095893859863
0186,10.523333333333332,7.324463367462158
0186,10.18,6.130520820617676
0186,16.645,9.311182975769043
0186,11.076666666666666,6.386969089508057
0186,18.115,11.94806957244873
0186,19.065,10.21106243133545
0186,9.326666666666666,6.05526065826416
0186,13.745,8.468236923217773
0186,14.861666666666668,7.088298320770264
0186,15.248333333333331,9.864279747009277
0186,14.765,7.211969375610352
0186,11.85,4.188754558563232
0186,11.176666666666668,7.796140670776367
0186,13.361666666666668,5.521804332733154
0186,19.098333333333336,9.374641418457031
0186,13.836666666666668,4.226552963256836
0186,10.72,9.164717674255371
0186,14.001666666666669,9.645484924316406
0186,12.798333333333334,9.076094627380371
0186,20.78166666666667,7.726686000823975
0186,17.259999999999998,6.845874309539795
0186,15.101666666666668,8.010425567626953
0186,15.268333333333334,10.193300247192383
0186,12.553333333333336,5.0989990234375
0186,15.988333333333332,10.033286094665527
0186,12.49,4.8522114753723145
0186,15.258333333333333,7.4142866134643555
0186,18.26333333333333,8.13791275024414
0186,12.776666666666667,8.727633476257324
0186,11.643333333333334,9.042648315429688
0186,11.501666666666669,9.749448776245117
0186,11.546666666666663,6.651070594787598
0186,10.858333333333333,5.096034049987793
0186,15.71,9.547575950622559
0186,13.025,8.616004943847656
0186,14.263333333333332,8.640792846679688
0186,11.136666666666668,6.989961624145508
0186,10.966666666666669,6.630335330963135
0186,10.476666666666668,6.574880599975586
0186,10.808333333333334,6.508285999298096
0186,10.855,6.558767318725586
0186,10.906666666666666,6.347273826599121
0186,13.568333333333332,7.8817315101623535
0186,12.886666666666668,5.419816970825195
0186,11.225,6.986574172973633
0186,12.866666666666667,9.11406421661377
0186,15.066666666666666,8.49849796295166
0186,10.725,4.004885673522949
0186,1.575,4.341994762420654
0186,11.296666666666663,6.156412601470947
0186,10.923333333333334,7.073878288269043
0186,18.69333333333333,9.354246139526367
0186,12.575,6.472450256347656
0186,12.048333333333334,7.843038558959961
0186,16.015,7.49451208114624
0186,10.74,5.446959018707275
0186,10.29,5.03115177154541
0186,1.5883333333333334,1.6427476406097412
0186,19.076666666666664,10.565497398376465
0186,16.526666666666667,9.97314739227295
0186,12.203333333333337,5.929529190063477
0186,13.193333333333332,7.001136779785156
0186,18.195,9.542682647705078
0186,10.37,7.426231384277344
0186,14.806666666666668,8.602484703063965
0186,12.083333333333334,9.522665023803711
0186,16.021666666666665,9.841227531433105
0186,18.416666666666668,10.484698295593262
0186,20.791666666666668,10.535382270812988
0186,19.558333333333337,10.10418701171875
0186,10.688333333333333,3.4059364795684814
0186,12.123333333333331,8.47382926940918
0186,11.385,7.086222171783447
0186,12.418333333333331,9.317112922668457
0186,11.785,9.518348693847656
0186,16.815,8.119637489318848
0186,16.351666666666667,10.031355857849121
0186,11.183333333333334,6.567686080932617
0186,15.055,7.762675762176514
0186,1.85,4.28980827331543
0186,1.4933333333333332,5.701571941375732
0186,1.45,6.069206714630127
0186,14.668333333333331,8.449678421020508
0186,16.861666666666668,9.08351993560791
0186,18.97,10.7013578414917
0186,12.568333333333332,8.38914680480957
0186,14.233333333333333,2.5642504692077637
0186,10.22,6.290289878845215
0186,10.761666666666668,6.290748119354248
0186,12.923333333333334,9.745941162109375
0186,10.851666666666668,5.535764217376709
0186,10.76,7.330097198486328
0186,21.48,8.456059455871582
0186,13.518333333333334,5.768693923950195
0186,11.181666666666668,8.024109840393066
0186,17.68166666666667,11.699994087219238
0186,12.893333333333334,9.868340492248535
0186,11.513333333333332,8.024109840393066
0186,11.325,3.8750884532928467
0186,12.276666666666667,9.15876579284668
0186,13.11,6.301599025726318
0186,13.526666666666667,8.693851470947266
0186,9.151666666666667,2.6898281574249268
0186,12.09,4.939380645751953
0186,13.36,9.832350730895996
0186,18.811666666666667,9.532939910888672
0186,13.32,8.844676971435547
0186,17.266666666666666,6.557092666625977
0186,10.46,6.689641952514648
0186,12.278333333333334,8.191143989562988
0186,11.751666666666669,5.621501445770264
0186,10.408333333333331,5.442955493927002
0186,19.58333333333333,9.742057800292969
0186,12.488333333333332,6.831386089324951
0186,10.641666666666667,4.942811012268066
0186,19.851666666666667,8.266152381896973
0186,1.385,2.4769318103790283
0186,11.54,6.276375770568848
0186,1.5633333333333332,5.859503746032715
0186,1.5016666666666665,1.8668632507324219
0186,11.208333333333334,5.630988597869873
0186,13.678333333333336,5.6984429359436035
0186,12.196666666666664,8.960162162780762
0186,2.0416666666666665,1.6427476406097412
0186,13.883333333333333,6.436307907104492
0186,1.675,4.855610370635986
0186,1.5983333333333334,3.7377712726593018
0186,9.181666666666668,6.932102203369141
0186,1.7416666666666667,3.6833183765411377
0186,10.591666666666669,4.898299694061279
0186,1.4866666666666668,3.570425033569336
0186,10.283333333333331,3.9663643836975098
0186,9.55,2.240656852722168
0186,11.011666666666668,7.394472599029541
0186,1.495,4.593847751617432
0186,15.418333333333331,7.53031587600708
0186,12.675,8.657110214233398
0186,14.435,8.363568305969238
0186,17.113333333333333,10.832839965820312
0186,10.93,5.881099700927734
0186,16.505,10.429231643676758
0186,10.596666666666666,5.787388324737549
0186,14.376666666666669,8.177477836608887
0186,11.453333333333337,8.535804748535156
0186,9.935,5.389833927154541
0186,11.698333333333332,9.971521377563477
0186,15.735,8.261404037475586
0186,15.998333333333331,8.066354751586914
0186,13.188333333333333,9.061483383178711
0186,14.276666666666667,9.820343017578125
0186,13.828333333333337,10.815853118896484
0186,12.858333333333333,7.085475444793701
0186,17.73166666666667,9.2041654586792
0186,15.218333333333334,8.970516204833984
0186,10.981666666666666,8.79236125946045
0186,11.321666666666664,7.410197734832764
0186,1.6333333333333333,4.504080295562744
0186,15.901666666666667,9.318769454956055
0186,13.078333333333337,7.184883117675781
0186,13.756666666666666,7.186148166656494
0186,11.798333333333334,5.384854793548584
0186,12.173333333333334,6.154714584350586
0186,13.218333333333334,5.878673553466797
0186,6.033333333333333,6.461638450622559
0186,10.755,6.396300315856934
0186,18.101666666666667,9.013891220092773
0186,19.785,9.590189933776855
0186,10.053333333333336,6.020659446716309
0186,11.82,3.994873046875
0186,17.875,10.22166633605957
0186,12.68,7.090373516082764
0186,11.336666666666668,6.850497245788574
0186,1.5766666666666669,5.267670154571533
0186,10.601666666666668,6.340619087219238
0186,14.896666666666668,7.6549530029296875
0186,13.91,7.560333728790283
0186,13.471666666666666,7.533637523651123
0186,13.118333333333334,5.598387718200684
0186,16.15,8.04777717590332
0186,10.806666666666668,6.807868480682373
0186,18.926666666666662,8.67792797088623
0186,13.728333333333332,9.48618221282959
0186,11.003333333333334,6.412237167358398
0186,15.378333333333334,9.420601844787598
0186,15.213333333333331,10.358433723449707
0186,14.973333333333333,6.69291353225708
0186,15.166666666666666,9.04287052154541
0186,10.648333333333332,8.052241325378418
0186,1.585,4.488284587860107
0186,12.89,8.477795600891113
0186,1.535,5.303397178649902
0186,12.948333333333332,8.152355194091797
0186,14.626666666666669,8.153193473815918
0186,11.638333333333332,4.411243438720703
0186,11.118333333333334,6.109093189239502
0186,1.518333333333333,2.1918082237243652
0186,11.86,7.891966342926025
0186,14.423333333333334,9.984703063964844
0186,12.128333333333334,8.609197616577148
0186,1.3166666666666669,1.4840102195739746
0186,13.446666666666664,9.122716903686523
0186,15.305,6.591314792633057
0186,9.368333333333334,2.3440380096435547
0186,12.938333333333333,9.76752758026123
0186,11.351666666666668,6.416202068328857
0186,16.529999999999998,6.764697551727295
0186,1.45,2.9606621265411377
0186,10.653333333333334,5.699951171875
0186,13.273333333333332,8.843482971191406
0186,10.871666666666666,3.0063118934631348
0186,1.4883333333333333,1.944640040397644
0186,13.125,8.791165351867676
0186,10.2,6.602107048034668
0186,12.143333333333334,6.381136417388916
0186,9.855,6.347789287567139
0186,1.5016666666666665,1.8668632507324219
0186,16.943333333333335,9.941938400268555
0186,10.918333333333331,6.542327404022217
0186,10.158333333333331,3.9722070693969727
0186,11.948333333333332,4.9296956062316895
0186,12.481666666666666,5.439761161804199
0186,12.533333333333331,6.464776515960693
0186,13.881666666666666,6.033820629119873
0186,12.515,5.294774532318115
0186,16.571666666666665,9.295743942260742
0186,15.783333333333331,10.01572036743164
0186,1.8483333333333327,5.773531436920166
0186,11.348333333333333,5.87973690032959
0186,9.82,5.547152519226074
0186,12.13,6.832937240600586
0186,12.466666666666669,7.620074272155762
0186,10.875,4.543342590332031
0186,10.721666666666666,4.63465690612793
0186,10.985,7.725452423095703
0186,9.821666666666664,6.017464637756348
0186,13.655,6.222202777862549
0186,11.95,6.539646625518799
0186,9.648333333333332,8.296896934509277
0186,20.30666666666667,9.737273216247559
0186,12.53,7.780542850494385
0186,14.06,6.69291353225708
0186,10.895,5.424655914306641
0186,17.925,3.8636107444763184
0186,15.705,9.328758239746094
0186,20.116666666666667,6.335018634796143
0186,15.11,5.225444793701172
0186,14.295,5.023106098175049
0186,11.055,5.932194709777832
0186,18.295,10.412795066833496
0186,11.065,6.31622838973999
0186,19.0,9.21224308013916
0186,13.046666666666663,6.244462013244629
0186,11.005,5.258604049682617
0186,14.958333333333334,10.344866752624512
0186,10.491666666666667,5.415702819824219
0186,9.963333333333331,7.636596202850342
0186,10.921666666666663,6.062803745269775
0186,14.305,7.404486656188965
0186,11.66,8.730100631713867
0186,16.821666666666665,9.626501083374023
0186,11.298333333333334,9.671982765197754
0186,15.94,7.751163005828857
0186,10.938333333333333,4.092818260192871
0186,14.758333333333333,6.093746185302734
0186,10.55,6.997271537780762
0186,14.233333333333333,10.067855834960938
0186,1.395,2.921269416809082
0186,14.115,8.032407760620117
0186,17.823333333333334,8.109869956970215
0186,17.48166666666667,9.030287742614746
0186,10.363333333333332,8.15959358215332
0186,13.075,4.3638386726379395
0186,10.741666666666667,5.53057861328125
0186,9.853333333333332,7.572192668914795
0186,21.12333333333333,10.026250839233398
0186,12.753333333333334,4.864634037017822
0186,12.205,6.4289093017578125
0186,10.825,3.3593227863311768
0186,13.088333333333331,8.015921592712402
0186,11.168333333333331,5.815112590789795
0186,11.731666666666666,7.807415962219238
0186,11.91,5.531965255737305
0186,10.331666666666669,9.292784690856934
0186,15.615,7.978800296783447
0186,11.408333333333331,6.948840618133545
0186,15.375,9.29796314239502
0186,10.778333333333334,7.726459503173828
0186,19.236666666666668,10.056039810180664
0186,14.856666666666666,8.29954719543457
0186,14.385,10.70998764038086
0186,17.029999999999998,8.792792320251465
0186,13.441666666666666,6.443848609924316
0186,10.645,8.754215240478516
0186,9.528333333333334,7.230749607086182
0186,20.918333333333333,11.324023246765137
0186,9.251666666666669,7.927225112915039
0186,9.981666666666666,4.636206150054932
0186,11.946666666666664,7.13141393661499
0186,10.065,7.818329811096191
0186,12.0,7.039572715759277
0186,13.706666666666669,5.700390338897705
0186,16.24,9.787293434143066
0186,1.3983333333333334,1.3979600667953491
0186,12.506666666666666,6.098527908325195
0186,10.116666666666667,5.149013519287109
0186,10.336666666666668,5.9142985343933105
0186,15.543333333333331,1.9881848096847534
0186,11.151666666666667,7.4531354904174805
0186,11.161666666666669,6.203797340393066
0186,10.503333333333334,10.103610038757324
0186,11.34,9.139101028442383
0186,10.531666666666666,7.514569282531738
0186,11.776666666666667,6.323519229888916
0186,17.475,9.293888092041016
0186,19.401666666666664,8.868815422058105
0186,10.871666666666666,5.517980098724365
0186,10.461666666666668,8.622200965881348
0186,14.438333333333333,9.016908645629883
0186,12.84,9.297717094421387
0186,18.276666666666664,7.946428298950195
0186,16.98,7.00881814956665
0186,12.868333333333334,8.55657958984375
0186,19.90833333333333,9.193005561828613
0186,9.876666666666669,6.8251118659973145
0186,15.928333333333336,9.645604133605957
0186,13.308333333333334,9.815855979919434
0186,22.07,10.854560852050781
0186,19.09333333333333,10.023990631103516
0186,19.076666666666664,9.958990097045898
0186,21.651666666666664,10.935588836669922
0186,19.251666666666665,10.25163459777832
0186,1.5316666666666667,1.8668632507324219
0186,20.863333333333333,10.510435104370117
0186,1.4466666666666663,4.376122951507568
0186,11.033333333333331,7.089240074157715
0186,10.173333333333334,3.5399913787841797
0186,9.728333333333332,5.1482648849487305
0186,10.458333333333334,7.512983322143555
0186,10.33,5.699888229370117
0186,9.993333333333334,2.5096545219421387
0186,11.336666666666668,5.675626754760742
0186,12.718333333333334,10.352370262145996
0186,9.726666666666668,6.155956268310547
0186,17.485,9.578883171081543
0186,10.996666666666666,6.248534202575684
0186,14.016666666666667,5.85591983795166
0186,12.921666666666663,7.548203468322754
0186,10.29,3.4262924194335938
0186,12.206666666666669,5.785119533538818
0186,1.8716666666666664,2.495950222015381
0186,1.4666666666666666,1.9940662384033203
0186,1.5450000000000002,5.602298259735107
0186,15.245,7.7567524909973145
0186,12.051666666666668,5.572619915008545
0186,17.825,8.593031883239746
0186,11.901666666666667,7.159613132476807
0186,18.285,8.650543212890625
0186,13.735,9.673551559448242
0186,11.276666666666667,7.2802324295043945
0186,11.07,6.156412601470947
0186,10.316666666666666,5.0264458656311035
0186,1.5450000000000002,3.249384880065918
0186,10.778333333333334,7.0956902503967285
0186,11.031666666666666,6.454875946044922
0186,12.066666666666666,8.157654762268066
0186,12.431666666666668,6.214875221252441
0186,17.404999999999998,8.886916160583496
0186,11.793333333333331,7.409853935241699
0186,14.566666666666666,9.997823715209961
0186,13.676666666666668,7.383738040924072
0186,13.625,9.075428009033203
0186,16.2,9.736963272094727
0186,19.203333333333333,9.007668495178223
0186,16.593333333333334,10.287138938903809
0186,19.916666666666668,9.887673377990723
0186,15.781666666666666,9.108125686645508
0186,11.406666666666666,10.88554573059082
0186,13.92,6.79815673828125
0186,16.96333333333333,7.326080799102783
0186,11.113333333333332,4.943354606628418
0186,10.816666666666666,6.396449565887451
0186,15.045,8.292607307434082
0186,11.89,4.165761947631836
0186,18.40666666666667,9.367293357849121
0186,13.996666666666666,5.2945170402526855
0186,10.636666666666668,3.5861878395080566
0186,13.475,8.28082275390625
0186,14.651666666666667,9.06896686553955
0186,9.815,5.148425102233887
0186,19.336666666666662,9.44119644165039
0186,9.643333333333334,3.542682647705078
0186,10.86,8.512518882751465
0186,1.3083333333333331,2.4769318103790283
0186,13.796666666666663,10.872210502624512
0186,1.46,6.199413776397705
0186,10.221666666666666,6.109093189239502
0186,13.96,7.574363708496094
0186,11.31,5.2184929847717285
0186,12.63,8.001482009887695
0186,16.23,8.938431739807129
0186,12.403333333333334,7.568695545196533
0186,13.948333333333332,7.31878137588501
0186,14.651666666666667,8.35354232788086
0186,12.44,6.2176384925842285
0186,10.165,6.101882457733154
0186,1.3316666666666668,1.615724802017212
0186,13.426666666666668,7.456143379211426
0186,13.135,6.825798511505127
0186,10.818333333333332,6.041919231414795
0186,13.706666666666669,7.408664226531982
0186,10.703333333333337,6.216776371002197
0186,12.82,6.492771148681641
0186,11.19,6.399834156036377
0186,16.168333333333333,7.659555912017822
0186,11.901666666666667,5.886796474456787
0186,17.59333333333333,9.279212951660156
0186,11.155,7.834055423736572
0186,14.09,6.84514856338501
0186,11.963333333333331,7.741286277770996
0186,13.041666666666666,8.242989540100098
0186,1.475,4.667536735534668
0186,13.188333333333333,5.660970687866211
0186,10.446666666666664,1.640705943107605
0186,12.098333333333333,9.520184516906738
0186,12.391666666666667,9.657052993774414
0186,11.726666666666668,8.267849922180176
0186,1.6583333333333334,4.667536735534668
0186,15.313333333333333,8.572598457336426
0186,12.956666666666669,7.409638404846191
0186,11.005,6.351037979125977
0186,14.361666666666668,8.172670364379883
0186,10.58,7.706144332885742
0186,13.968333333333334,7.764575958251953
0186,12.083333333333334,7.410780429840088
0186,14.98,9.070775985717773
0186,18.551666666666662,9.16653060913086
0186,11.186666666666667,6.006078720092773
0186,10.735,7.665510177612305
0186,12.943333333333332,6.216851234436035
0186,9.796666666666663,6.488469123840332
0186,10.6,4.604652404785156
0186,11.521666666666668,6.701115608215332
0186,14.358333333333333,7.307831764221191
0186,9.591666666666669,5.647351264953613
0186,13.835,8.332149505615234
0186,10.69,4.592372417449951
0186,19.85833333333333,6.874308109283447
0186,14.73,8.658501625061035
0186,13.888333333333332,6.959256172180176
0186,12.096666666666666,10.540672302246094
0186,14.603333333333332,7.042184829711914
0186,16.333333333333332,8.869185447692871
0186,11.236666666666668,7.5038957595825195
0186,11.165,9.10120964050293
0186,13.116666666666667,8.927103996276855
0186,15.145,8.437500953674316
0186,10.091666666666669,6.611328601837158
0186,12.771666666666668,7.151026725769043
0186,1.4783333333333333,2.3026678562164307
0186,1.8333333333333333,3.9808707237243652
0186,10.151666666666667,4.68495512008667
0186,10.84,5.802535057067871
0186,12.433333333333334,6.878862380981445
0186,19.328333333333333,7.190587043762207
0186,11.823333333333332,8.1626615524292
0186,11.24,6.746181488037109
0186,10.783333333333331,7.100691318511963
0186,11.408333333333331,9.993148803710938
0186,15.573333333333332,9.687240600585938
0186,21.95833333333333,10.774478912353516
0186,14.675,6.599960803985596
0186,14.12,8.887347221374512
0186,10.403333333333334,8.347817420959473
0186,14.215,8.324687004089355
0186,16.196666666666665,6.778998851776123
0186,10.405,7.98845100402832
0186,11.106666666666666,8.854758262634277
0186,9.896666666666668,5.200334072113037
0186,15.803333333333336,10.86861801147461
0186,12.281666666666666,8.015460968017578
0186,10.808333333333334,7.506606578826904
0186,19.97833333333333,9.251313209533691
0186,10.228333333333332,7.750868797302246
0186,10.69,4.424708843231201
0186,15.821666666666664,8.818361282348633
0186,15.786666666666669,8.718238830566406
0186,10.625,6.155474662780762
0186,11.731666666666666,8.341562271118164
0186,10.485,5.8466291427612305
0186,13.908333333333331,8.161038398742676
0186,14.316666666666666,7.110361099243164
0186,11.745,9.296720504760742
0186,15.605,5.206501007080078
0186,15.39,5.935947895050049
0186,11.563333333333333,7.510385036468506
0186,11.896666666666668,8.412388801574707
0186,10.865,6.461707592010498
0186,13.983333333333333,5.79696798324585
0186,12.25,7.768955707550049
0186,10.565,6.032115936279297
0186,13.983333333333333,7.155325889587402
0186,10.648333333333332,6.3329010009765625
0186,15.401666666666667,6.423572063446045
0186,10.19,6.238349914550781
0186,11.783333333333331,7.797159671783447
0186,9.728333333333332,5.006863117218018
0186,9.565,4.744941711425781
0186,9.765,7.096626281738281
0186,1.518333333333333,3.911324977874756
0186,1.518333333333333,4.034005641937256
0186,11.841666666666669,6.16624116897583
0186,14.936666666666667,8.914020538330078
0186,12.506666666666666,7.664916515350342
0186,11.325,7.367033958435059
0186,13.796666666666663,7.6233720779418945
0186,12.256666666666666,7.459580898284912
0186,10.96,7.560838222503662
0186,12.506666666666666,7.742176532745361
0186,13.838333333333331,7.554495334625244
0186,14.248333333333331,8.173685073852539
0186,9.001666666666667,5.444021224975586
0186,9.521666666666668,6.209555149078369
0186,10.036666666666669,4.8485565185546875
0186,9.361666666666668,4.733579635620117
0186,8.860000000000001,4.4538044929504395
0186,11.818333333333332,5.377333641052246
0186,12.673333333333334,7.671766757965088
0186,12.256666666666666,6.752264499664307
0186,14.561666666666667,6.820179462432861
0186,10.908333333333331,6.635960102081299
0186,13.821666666666664,6.82307767868042
0186,12.506666666666666,6.66624641418457
0186,17.75,6.822628498077393
0186,10.596666666666666,7.049541473388672
0186,10.776666666666667,7.029557228088379
0186,13.948333333333332,8.545050621032715
0186,12.256666666666666,6.911517143249512
0186,18.956666666666667,8.95901107788086
0186,15.031666666666666,9.378555297851562
0186,14.708333333333334,7.624960422515869
0186,1.4333333333333331,5.637984275817871
0186,1.2516666666666665,6.594325542449951
0186,9.563333333333333,6.623011112213135
0186,10.053333333333336,6.832762718200684
0186,1.4400000000000002,6.482077121734619
0186,10.991666666666667,5.63169002532959
0186,10.908333333333331,6.285192012786865
0186,11.946666666666664,5.897243976593018
0186,9.765,6.922239303588867
0186,9.688333333333333,6.7886128425598145
0186,1.5566666666666669,4.532886028289795
0186,9.215,5.123685359954834
0186,10.77,5.825224876403809
0186,21.24333333333333,8.071020126342773
0186,12.343333333333334,7.763803482055664
0186,14.59,7.461538314819336
0186,11.25,5.997885227203369
0186,16.006666666666668,8.418232917785645
0186,10.375,5.845814228057861
0186,11.766666666666667,7.379684925079346
0186,13.623333333333331,7.532826900482178
0186,20.53833333333333,9.201106071472168
0186,13.965,8.169198989868164
0186,11.041666666666666,6.183016300201416
0186,12.966666666666669,7.464208602905273
0186,15.751666666666669,5.9457478523254395
0186,1.5333333333333334,5.022428035736084
0186,10.365,7.096469402313232
0186,9.376666666666669,6.8202009201049805
0186,1.48,3.7682645320892334
0186,9.543333333333331,5.693724632263184
0186,1.59,4.689393043518066
0186,10.056666666666668,7.238267421722412
0186,13.725,8.10377311706543
0186,14.413333333333332,8.536925315856934
0186,10.418333333333331,5.867408275604248
0186,10.056666666666668,6.520310878753662
0186,13.411666666666669,8.453883171081543
0186,14.116666666666667,7.750776290893555
0186,13.286666666666669,7.644855499267578
0186,12.586666666666668,7.1859211921691895
0186,12.093333333333334,7.574923515319824
0186,13.105,6.533502101898193
0186,9.226666666666668,4.9014410972595215
0186,10.675,7.183171272277832
0186,9.563333333333333,5.510441303253174
0186,9.233333333333333,4.892612934112549
0186,9.73,4.956723213195801
0186,1.538333333333333,6.59669828414917
0186,1.4416666666666669,6.033249855041504
0186,1.4200000000000002,5.783554553985596
0186,9.118333333333334,8.53335189819336
0186,10.813333333333333,6.5888447761535645
0186,12.676666666666668,8.398239135742188
0186,11.691666666666666,6.96940279006958
0186,12.69,7.666755676269531
0186,10.896666666666668,6.4643964767456055
0186,11.488333333333332,6.7946319580078125
0186,10.153333333333334,6.018796443939209
0186,10.06,6.539881229400635
0186,11.698333333333332,6.584737300872803
0186,1.52,5.19403076171875
0186,1.6316666666666668,6.6575608253479
0186,9.62,6.856533050537109
0186,10.876666666666669,8.161486625671387
0186,1.6383333333333332,6.562030792236328
0186,10.785,7.7416791915893555
0186,11.008333333333333,6.759232044219971
0186,13.018333333333334,7.82305908203125
0186,11.353333333333332,7.323760986328125
0186,12.281666666666666,7.072917938232422
0186,10.87,6.290088653564453
0186,9.931666666666668,6.150988578796387
0186,11.626666666666669,6.303891658782959
0186,11.311666666666667,6.965999126434326
0186,11.82,6.5115861892700195
0186,9.833333333333334,5.283735752105713
0186,9.853333333333332,6.014591693878174
0186,9.743333333333334,6.52076530456543
0186,1.425,4.811176300048828
0186,10.931666666666668,7.219235897064209
0186,10.51,7.251904010772705
0186,9.618333333333334,5.9919281005859375
0186,12.696666666666664,8.20945930480957
0186,12.778333333333334,7.200484275817871
0186,10.815,7.138031005859375
0186,13.875,7.526219844818115
0186,11.003333333333334,6.899965763092041
0186,11.393333333333334,5.240227222442627
0186,10.815,7.039391040802002
0186,12.21,6.374509811401367
0186,15.96,9.476361274719238
0186,11.671666666666663,6.300386905670166
0186,10.833333333333334,7.229098320007324
0186,9.071666666666664,5.5371270179748535
0186,1.6033333333333333,4.559018611907959
0186,1.5483333333333331,4.651104927062988
0186,9.586666666666668,5.020349502563477
0186,9.64,5.042129993438721
0186,1.3866666666666667,6.632323741912842
0186,1.45,5.343632221221924
0186,1.645,6.530476093292236
0186,9.353333333333332,6.424389362335205
0186,9.713333333333331,6.8209075927734375
0186,8.963333333333333,7.460740089416504
0186,11.881666666666666,6.890789031982422
0186,12.236666666666668,7.324130058288574
0186,12.006666666666666,6.9922261238098145
0186,10.67,6.207944393157959
0186,11.673333333333334,7.494761943817139
0186,10.676666666666668,6.192893981933594
0186,11.965,7.072917938232422
0186,15.233333333333333,8.464472770690918
0186,14.77,8.751700401306152
0186,13.158333333333331,8.16767692565918
0186,14.471666666666666,7.269117832183838
0186,9.43,6.48859977722168
0186,9.63,6.652824401855469
0186,10.15,8.032543182373047
0186,1.5266666666666666,5.833008766174316
0186,10.768333333333334,6.075078964233398
0186,10.96,7.129374027252197
0186,13.043333333333331,8.471906661987305
0186,10.328333333333337,6.221421241760254
0186,11.15,6.682358264923096
0186,11.135,7.1702399253845215
0186,9.993333333333334,5.363011360168457
0186,11.453333333333337,6.478182315826416
0186,10.536666666666669,5.293158531188965
0186,1.4433333333333331,7.056535720825195
0186,12.84,8.49709701538086
0186,10.421666666666663,8.185737609863281
0186,12.57,6.004188537597656
0186,10.968333333333334,5.826559543609619
0186,12.185,7.607316493988037
0186,11.301666666666668,5.450409889221191
0186,13.498333333333331,6.24750280380249
0186,10.65,5.683590888977051
0186,14.868333333333334,7.526880741119385
0186,10.608333333333333,6.835837364196777
0186,16.4,8.602094650268555
0186,11.533333333333331,5.585649490356445
0186,13.278333333333334,6.234682559967041
0186,13.533333333333331,8.735635757446289
0186,10.503333333333334,6.194455623626709
0186,14.416666666666666,8.43709945678711
0186,15.406666666666666,9.122099876403809
0186,12.221666666666666,6.520310878753662
0186,12.215,7.008464336395264
0186,15.371666666666666,9.02981948852539
0186,10.763333333333332,9.3595609664917
0186,11.645,7.080090522766113
0186,15.203333333333337,8.780776023864746
0186,13.546666666666663,6.57979154586792
0186,13.601666666666668,7.293996810913086
0186,13.29,7.7513651847839355
0186,9.206666666666669,4.993244171142578
0186,9.401666666666667,5.0944013595581055
0186,9.936666666666667,4.911612510681152
0186,13.331666666666669,7.932098388671875
0186,9.531666666666666,6.406894683837891
0186,9.178333333333336,6.9002251625061035
0186,9.995,6.550271511077881
0186,9.283333333333331,5.3222575187683105
0186,10.085,6.248205184936523
0186,9.813333333333333,5.866955757141113
0186,9.828333333333337,6.457943439483643
0186,1.43,6.581603527069092
0186,10.178333333333336,6.28363561630249
0186,9.59,6.7785491943359375
0186,1.4433333333333331,6.985780239105225
0186,9.641666666666667,6.5883097648620605
0186,12.258333333333333,7.840147972106934
0186,11.286666666666669,6.298972129821777
0186,13.255,7.871126174926758
0186,11.725,5.960144519805908
0186,10.005,5.329288482666016
0186,11.593333333333334,6.905096054077148
0186,10.13,6.778430461883545
0186,11.821666666666664,6.483676910400391
0186,12.786666666666669,6.871540069580078
0186,10.836666666666668,6.327569007873535
0186,13.205,8.150861740112305
0186,13.071666666666664,7.75456428527832
0186,10.371666666666666,6.213603973388672
0186,11.723333333333333,7.100784778594971
0186,12.995,8.338423728942871
0186,12.313333333333333,7.661225318908691
0186,12.675,7.547165393829346
0186,10.816666666666666,7.0618743896484375
0186,11.046666666666663,7.615739822387695
0186,13.805,6.841604709625244
0186,9.218333333333334,5.799133777618408
0186,9.218333333333334,5.877005100250244
0186,8.773333333333333,4.067789077758789
0186,8.968333333333334,4.462864875793457
0186,11.1,5.140677452087402
0186,11.173333333333334,5.25216817855835
0186,10.191666666666666,8.335199356079102
0186,9.375,6.615684509277344
0186,1.51,6.62113618850708
0186,10.893333333333334,7.038669586181641
0186,11.48,6.345209121704102
0186,11.106666666666666,6.401638507843018
0186,11.905,6.037831783294678
0186,10.143333333333334,6.018796443939209
0186,12.488333333333332,6.880469799041748
0186,9.983333333333333,5.290956974029541
0186,10.476666666666668,5.226163864135742
0186,11.646666666666668,6.471432209014893
0186,1.471666666666667,4.588513374328613
0186,1.4666666666666666,4.717406749725342
0186,8.945,6.920462608337402
0186,9.36,5.435009002685547
0186,9.588333333333331,6.749663829803467
0186,9.61,5.083471775054932
0186,10.055,6.516349792480469
0186,10.646666666666668,4.35572624206543
0186,1.52,4.98149299621582
0186,9.548333333333334,6.337972640991211
0186,1.6166666666666667,6.771132469177246
0186,9.986666666666668,5.6263298988342285
0186,1.4983333333333335,6.526144981384277
0186,9.785,6.797652244567871
0186,12.41,7.494761943817139
0186,1.555,5.841698169708252
0186,12.856666666666666,7.026080131530762
0186,10.756666666666666,6.544414043426514
0186,11.0,7.209266185760498
0186,12.828333333333337,8.642457962036133
0186,9.701666666666666,4.751053810119629
0186,10.645,4.860266208648682
0186,11.798333333333334,7.072947025299072
0186,10.456666666666669,6.484626770019531
0186,11.81,6.32000207901001
0186,10.876666666666669,6.618919372558594
0186,1.4383333333333332,5.878729343414307
0186,1.4316666666666669,7.1162543296813965
0186,9.463333333333331,6.856533050537109
0186,10.373333333333331,6.3138957023620605
0186,10.616666666666667,5.800652503967285
0186,13.768333333333334,8.333622932434082
0186,10.665,5.905303001403809
0186,14.6,9.773898124694824
0186,17.043333333333333,8.134002685546875
0186,16.365,9.196893692016602
0186,14.961666666666668,9.094322204589844
0186,16.318333333333335,8.126229286193848
0186,12.193333333333332,5.977847576141357
0186,12.42,7.008464336395264
0186,12.605,6.586298942565918
0186,10.396666666666668,5.935510158538818
0186,13.58,8.201864242553711
0186,17.698333333333334,8.30711841583252
0186,13.891666666666667,8.472657203674316
0186,12.136666666666668,7.9106645584106445
0186,14.773333333333332,8.541557312011719
0186,10.236666666666668,7.031678199768066
0186,11.41,7.094942569732666
0186,9.703333333333337,4.45196533203125
0186,9.378333333333334,4.8576273918151855
0186,1.5450000000000002,7.12566614151001
0186,1.5033333333333334,7.383144378662109
0186,10.303333333333336,8.209259986877441
0186,9.483333333333333,6.688449859619141
0186,1.62,6.645539283752441
0186,12.338333333333331,7.395838260650635
0186,1.586666666666667,6.405651092529297
0186,11.9,7.204499244689941
0186,11.625,6.674971580505371
0186,10.456666666666669,5.964934825897217
0186,10.191666666666666,6.097384929656982
0186,10.013333333333332,5.050629615783691
0186,9.968333333333334,5.491992473602295
0186,9.543333333333331,6.212553024291992
0186,9.8,6.218731880187988
0186,9.488333333333332,5.7293009757995605
0186,12.301666666666668,5.836031436920166
0186,20.125,7.834351062774658
0186,12.003333333333334,6.006628513336182
0186,17.795,8.754188537597656
0186,9.371666666666666,6.73048210144043
0186,16.013333333333332,7.461538314819336
0186,11.143333333333334,6.540002346038818
0186,12.128333333333334,7.718635559082031
0186,11.185,6.182431221008301
0186,13.446666666666664,7.538820266723633
0186,12.711666666666668,7.074115753173828
0186,17.248333333333335,8.138399124145508
0186,17.48166666666667,7.74623441696167
0186,15.92,8.309574127197266
0186,10.208333333333334,7.458705425262451
0186,13.365,7.445318698883057
0186,10.955,7.1681365966796875
0186,12.476666666666668,7.2063374519348145
0186,13.161666666666669,6.764698028564453
0186,11.94,7.321628093719482
0186,13.365,7.567507743835449
0186,13.56,8.491333961486816
0186,8.491666666666667,5.891764163970947
0186,9.058333333333334,6.278863906860352
0186,8.808333333333334,4.566279888153076
0186,8.8,6.080575942993164
0186,9.408333333333331,4.364022254943848
0186,9.781666666666666,5.584545135498047
0186,1.4216666666666666,6.254914283752441
0186,10.206666666666669,7.163812160491943
0186,1.3383333333333334,6.885663986206055
0186,1.4633333333333334,6.728916168212891
0186,1.595,6.601713180541992
0186,9.725,6.2712626457214355
0186,9.26,6.792041301727295
0186,9.565,6.423901557922363
0186,12.721666666666666,7.960501670837402
0186,11.011666666666668,6.926573753356934
0186,10.498333333333331,6.024242401123047
0186,10.963333333333331,6.512153625488281
0186,12.02,6.385486602783203
0186,10.831666666666669,7.354373455047607
0186,10.38,5.044036865234375
0186,11.283333333333331,7.120957851409912
0186,12.166666666666666,7.359000205993652
0186,10.851666666666668,6.376583099365234
0186,12.803333333333336,5.894763946533203
0186,10.698333333333332,6.586338520050049
0186,11.753333333333334,7.677218914031982
0186,10.628333333333334,6.253429412841797
0186,15.2,7.134822368621826
0186,10.698333333333332,7.321902751922607
0186,15.006666666666666,6.2250471115112305
0186,11.545,5.87826681137085
0186,10.816666666666666,6.521271228790283
0186,15.11,9.403223991394043
0186,18.145,8.452421188354492
0186,14.415,8.914121627807617
0186,14.423333333333334,7.489010334014893
0186,16.848333333333333,6.358207702636719
0186,11.693333333333332,3.9439401626586914
0186,10.538333333333332,6.57695198059082
0186,12.656666666666666,7.032739162445068
0186,11.658333333333331,9.767027854919434
0186,11.818333333333332,6.300386905670166
0186,13.768333333333334,7.644855499267578
0186,13.208333333333334,8.217376708984375
0186,15.375,9.16425609588623
0186,13.63,7.643831729888916
0186,12.021666666666668,8.710798263549805
0186,9.418333333333331,6.306218147277832
0186,10.01,5.47170352935791
0186,10.503333333333334,5.510441303253174
0186,11.338333333333331,6.603157997131348
0186,11.913333333333332,5.239874362945557
0186,15.865,8.126229286193848
0186,11.585,6.132791519165039
0186,14.298333333333334,7.6189141273498535
0186,11.71,6.057191848754883
0186,16.556666666666665,7.7040629386901855
0186,10.056666666666668,6.094796657562256
0186,10.795,7.716681003570557
0186,10.746666666666666,6.9959797859191895
0186,14.73,9.227747917175293
0186,16.5,9.251717567443848
0186,15.858333333333333,8.688788414001465
0186,13.235,7.250262260437012
0186,14.5,6.696155548095703
0186,11.528333333333334,7.340030670166016
0186,9.803333333333336,6.556310176849365
0186,9.766666666666667,7.973694324493408
0186,9.606666666666666,6.682574272155762
0186,1.5266666666666666,5.51362419128418
0186,10.51,5.360851764678955
0186,11.323333333333332,6.397257328033447
0186,10.496666666666666,6.259069919586182
0186,9.145,5.148897647857666
0186,9.43,6.100684642791748
0186,8.556666666666667,5.031540393829346
0186,1.46,4.965389728546143
0186,9.568333333333332,7.104977130889893
0186,11.228333333333332,6.371385097503662
0186,12.735,5.948974609375
0186,10.82,5.587829113006592
0186,17.675,8.284957885742188
0186,12.205,6.2209649085998535
0186,13.326666666666666,6.778676509857178
0186,11.055,7.446825981140137
0186,10.89,6.5609130859375
0186,10.158333333333331,6.168235778808594
0186,16.36,8.858521461486816
0186,12.645,7.162929534912109
0186,11.478333333333332,8.321208953857422
0186,16.703333333333333,9.696078300476074
0186,14.905,8.169198989868164
0186,14.51,8.584787368774414
0186,9.616666666666667,7.088952541351318
0186,9.101666666666668,4.462864875793457
0186,9.45,5.158531188964844
0186,9.533333333333331,4.206371784210205
0186,11.763333333333332,7.324138164520264
0186,10.645,4.921451568603516
0186,1.305,6.557900905609131
0186,1.39,5.068820953369141
0186,1.425,6.683441162109375
0186,9.26,5.9089837074279785
0186,1.4733333333333334,6.679938793182373
0186,9.446666666666664,5.543261528015137
0186,11.741666666666667,6.871540069580078
0186,11.238333333333332,6.465828895568848
0186,10.82,7.042766094207764
0186,10.425,5.981045722961426
0186,12.006666666666666,6.756073474884033
0186,10.483333333333333,6.8957343101501465
0186,9.545,8.365217208862305
0186,11.421666666666663,5.616880893707275
0186,10.328333333333337,4.8358001708984375
0186,14.845,5.8241047859191895
0186,9.453333333333337,7.0772929191589355
0186,12.955,5.980429172515869
0186,12.378333333333334,7.6346259117126465
0186,14.725,5.902380466461182
0186,11.53,6.014195442199707
0186,10.376666666666669,7.91802978515625
0186,10.335,5.445181846618652
0186,11.856666666666666,7.369882106781006
0186,11.043333333333331,7.039734363555908
0186,13.885,6.234577178955078
0186,12.503333333333334,7.491860866546631
0186,9.835,5.378350734710693
0186,1.395,4.519469738006592
0186,12.336666666666668,4.464267730712891
0186,11.69,4.227189540863037
0186,10.001666666666669,6.293370246887207
0186,11.363333333333332,6.017884254455566
0186,9.668333333333331,5.22438383102417
0186,1.46,5.811986446380615
0186,9.561666666666667,6.855139255523682
0186,13.141666666666667,6.134762287139893
0186,9.485,5.970574378967285
0186,9.033333333333331,5.918591499328613
0186,1.5766666666666669,5.951302528381348
0186,1.5083333333333333,3.091481924057007
0186,9.728333333333332,4.898063659667969
0186,10.395,5.886045455932617
0186,11.93,4.515963554382324
0186,12.416666666666666,5.784463882446289
0186,11.401666666666667,6.962508678436279
0186,10.145,6.747605800628662
0186,13.976666666666668,8.490875244140625
0186,11.498333333333331,5.420260906219482
0186,13.458333333333334,8.36911678314209
0186,12.465,4.367833137512207
0186,10.061666666666667,4.656387805938721
0186,11.93,5.347701072692871
0186,12.048333333333334,5.531769275665283
0186,10.27,4.8852128982543945
0186,9.28,6.3243513107299805
0186,9.863333333333332,6.133771896362305
0186,9.453333333333337,3.7905678749084473
0186,1.8416666666666663,5.893498420715332
0186,9.065,4.707247734069824
0186,12.245,6.196519374847412
0186,9.69,6.430322647094727
0186,13.881666666666666,8.298295974731445
0186,14.906666666666666,9.50721263885498
0186,10.661666666666669,4.935901165008545
0186,13.416666666666666,9.505640029907227
0186,10.731666666666666,5.7027411460876465
0186,11.08,5.062237739562988
0186,10.065,6.6522064208984375
0186,9.315,5.782415866851807
0186,1.7,5.979630947113037
0186,9.055,6.147739410400391
0186,10.895,5.456201553344727
0186,9.491666666666667,5.88374662399292
0186,12.033333333333331,6.092425346374512
0186,16.691666666666666,8.010154724121094
0186,10.61,6.627936363220215
0186,10.978333333333332,6.267502307891846
0186,1.935,6.547084331512451
0186,12.111666666666668,8.084078788757324
0186,12.885,4.752411842346191
0186,11.998333333333331,4.811437129974365
0186,11.743333333333334,7.10514497756958
0186,10.985,4.854450225830078
0186,11.95,4.689694881439209
0186,12.53,7.119468688964844
0186,13.478333333333332,5.973752498626709
0186,9.616666666666667,8.334641456604004
0186,11.548333333333334,4.2032551765441895
0186,10.645,4.520484924316406
0186,11.638333333333332,6.255043983459473
0186,14.305,6.485806465148926
0186,10.138333333333332,5.292674541473389
0186,11.245,4.360565662384033
0186,9.561666666666667,5.870323181152344
0186,13.581666666666669,5.541628837585449
0186,10.055,5.134943008422852
0186,10.728333333333332,4.6353349685668945
0186,9.985,4.764151573181152
0186,13.916666666666666,6.3357133865356445
0186,10.346666666666666,4.499268054962158
0186,9.805,4.315966606140137
0186,11.111666666666668,5.426177501678467
0186,9.436666666666667,3.12424635887146
0186,11.111666666666668,6.023693084716797
0186,1.475,5.448225975036621
0186,11.121666666666666,4.243738651275635
0186,10.641666666666667,6.547032833099365
0186,12.44,6.295454025268555
0186,12.238333333333332,7.142212867736816
0186,11.316666666666666,4.642047882080078
0186,13.823333333333332,7.48661470413208
0186,11.568333333333332,7.426504135131836
0186,12.61,5.906689643859863
0186,1.4400000000000002,6.947068214416504
0186,13.898333333333332,8.14819622039795
0186,12.043333333333331,5.598984241485596
0186,12.921666666666663,6.896635055541992
0186,11.085,6.436776638031006
0186,12.321666666666664,7.380552768707275
0186,12.398333333333332,4.6353349685668945
0186,15.545,8.979036331176758
0186,10.948333333333332,5.510125160217285
0186,11.661666666666669,7.517942905426025
0186,12.963333333333331,6.001012802124023
0186,10.871666666666666,7.738049030303955
0186,10.725,5.67612886428833
0186,9.48,6.085972309112549
0186,9.32,5.794124603271484
0186,10.105,3.7228901386260986
0186,1.515,5.793315887451172
0186,10.903333333333334,5.897073268890381
0186,12.875,4.776871681213379
0186,1.55,4.681503772735596
0186,1.4666666666666666,6.309807777404785
0186,13.958333333333334,7.961106777191162
0186,1.4383333333333332,6.2977800369262695
0186,12.953333333333337,8.060542106628418
0186,10.695,4.59057092666626
0186,10.445,7.147021293640137
0186,9.23,4.42952299118042
0186,11.195,5.059269905090332
0186,14.391666666666667,7.395359039306641
0186,9.701666666666666,6.398097991943359
0186,12.791666666666666,5.904749870300293
0186,10.945,4.262721061706543
0186,13.59,8.338423728942871
0186,10.23,4.695009708404541
0186,12.791666666666666,5.845584392547607
0186,10.903333333333334,5.5084686279296875
0186,12.435,5.795191764831543
0186,1.4233333333333331,5.7897515296936035
0186,10.33,6.697134971618652
0186,12.593333333333334,6.983718395233154
0186,10.35,5.675051212310791
0186,10.253333333333334,6.817997455596924
0186,10.81,4.5492143630981445
0186,10.33,6.051198959350586
0186,9.385,5.88374662399292
0186,10.643333333333334,5.67079496383667
0186,10.865,4.582099914550781
0186,13.59,6.110528469085693
0186,9.35,5.387331485748291
0186,9.836666666666668,6.917967796325684
0186,10.08,6.217127799987793
0186,9.385,5.88374662399292
0186,10.08,6.293370246887207
0186,1.4366666666666668,5.811986446380615
0186,1.4233333333333331,6.385824680328369
0186,10.418333333333331,4.961308479309082
0186,9.848333333333333,5.044295787811279
0186,12.261666666666668,6.169875144958496
0186,1.43,5.785852432250977
0186,9.675,5.8333210945129395
0186,10.168333333333331,6.774784564971924
0186,1.4583333333333333,6.090579509735107
0186,1.4583333333333333,5.979282855987549
0186,10.926666666666668,6.500702857971191
0186,10.926666666666668,6.229305744171143
0186,10.946666666666664,7.400972366333008
0186,10.348333333333333,6.9683146476745605
0186,12.125,7.413400173187256
0186,8.606666666666666,6.258354187011719
0186,10.043333333333331,6.562057971954346
0186,10.718333333333334,6.312289237976074
0186,10.515,5.2785539627075195
0186,11.481666666666666,5.187748432159424
0186,9.591666666666669,5.078757286071777
0186,10.076666666666666,6.256954193115234
0186,11.723333333333333,5.735189437866211
0186,9.578333333333337,6.57928466796875
0186,1.5983333333333334,5.865206718444824
0186,9.328333333333337,6.881955146789551
0186,10.813333333333333,5.67079496383667
0186,13.096666666666666,7.845648765563965
0186,11.425,8.769735336303711
0186,13.601666666666668,5.9121994972229
0186,11.931666666666668,7.304042816162109
0186,10.195,6.264795303344727
0186,1.5083333333333333,4.571170806884766
0186,10.006666666666666,6.231974124908447
0186,10.953333333333337,5.939393520355225
0186,9.37,5.4263505935668945
0186,10.856666666666666,6.168282508850098
0186,1.606666666666667,4.9006547927856445
0186,1.5216666666666667,4.937581539154053
0186,9.283333333333331,6.3891472816467285
0186,11.76,5.495800495147705
0186,10.381666666666666,5.248554706573486
0186,14.173333333333334,6.407381534576416
0186,11.69,9.12532901763916
0186,10.173333333333334,4.515963554382324
0186,12.343333333333334,7.134963035583496
0186,12.1,6.030211925506592
0186,12.203333333333337,4.081446647644043
0186,12.343333333333334,6.992791175842285
0186,11.558333333333334,5.430795192718506
0186,11.191666666666666,7.259836196899414
0186,12.55,7.192446231842041
0186,11.968333333333334,6.866033554077148
0186,12.1,5.539607048034668
0186,11.718333333333334,5.93626070022583
0186,12.595,6.158549785614014
0186,10.356666666666666,5.428445339202881
0186,11.86,5.262479305267334
0186,11.853333333333332,6.089804172515869
0186,8.936666666666667,6.041808605194092
0186,9.32,6.932507038116455
0186,12.006666666666666,5.755485534667969
0186,11.901666666666667,4.732435703277588
0186,11.473333333333333,4.5076422691345215
0186,11.231666666666666,6.419123649597168
0186,13.138333333333332,6.111928939819336
0186,9.865,6.287649631500244
0186,9.628333333333334,6.8841681480407715
0186,1.5766666666666669,4.82511043548584
0186,9.3,4.562127590179443
0186,9.906666666666666,5.851251602172852
0186,10.503333333333334,5.795191764831543
0186,1.5416666666666667,4.866855144500732
0186,12.341666666666669,6.5203166007995605
0186,11.721666666666666,5.41810941696167
0186,9.456666666666669,6.069963455200195
0186,13.825,7.2818827629089355
0186,11.881666666666666,5.464907169342041
0186,12.453333333333337,4.725850582122803
0186,11.756666666666666,6.1641154289245605
0186,13.555,8.920270919799805
0186,1.4349999999999998,6.445493698120117
0186,11.923333333333334,7.326717376708984
0186,12.583333333333334,5.940489292144775
0186,14.108333333333333,9.684964179992676
0186,11.386666666666668,5.606258392333984
0186,14.18,5.724616527557373
0186,13.233333333333333,7.17129373550415
0186,13.226666666666668,5.9825615882873535
0186,12.438333333333333,5.562647342681885
0186,10.471666666666666,4.635599136352539
0186,10.11,5.898515224456787
0186,1.3683333333333332,5.410618305206299
0186,1.5133333333333332,5.696961402893066
0186,1.4866666666666668,5.279787063598633
0186,11.1,5.70518684387207
0186,8.581666666666667,5.524348258972168
0186,8.931666666666667,5.01681661605835
0186,9.826666666666666,6.450194358825684
0186,2.143333333333333,4.345237731933594
0186,9.091666666666669,5.352370262145996
0186,9.243333333333334,5.581238746643066
0186,9.508333333333333,5.0367207527160645
0186,9.633333333333333,6.57928466796875
0186,1.445,5.506947994232178
0186,9.515,4.12217378616333
0186,9.333333333333334,2.933239221572876
0186,9.646666666666668,4.031979084014893
0186,9.771666666666668,4.928226947784424
0186,9.606666666666666,4.348109245300293
0186,8.921666666666665,3.2558376789093018
0186,10.19,4.587467193603516
0186,1.43,5.399343013763428
0186,9.896666666666668,3.912327289581299
0186,10.431666666666668,3.978410005569458
0186,10.063333333333333,5.252201080322266
0186,14.753333333333334,6.049943447113037
0186,16.38,7.066763877868652
0186,14.635,5.745937347412109
0186,11.856666666666666,4.815131187438965
0186,12.505,5.173941135406494
0186,11.395,6.148820400238037
0186,14.275,6.34690523147583
0186,12.548333333333334,7.191915988922119
0186,13.765,6.121511459350586
0186,12.708333333333334,5.1303534507751465
0186,12.18,4.693734645843506
0186,9.878333333333334,7.253908634185791
0186,9.526666666666667,6.58269739151001
0186,10.525,5.092876434326172
0186,10.956666666666669,5.938377380371094
0186,10.086666666666668,7.247921943664551
0186,9.67,6.58269739151001
0186,12.36,6.810032844543457
0186,15.103333333333332,3.7782132625579834
0186,12.068333333333332,6.1531524658203125
0186,10.418333333333331,4.874079704284668
0186,11.068333333333332,5.902024269104004
0186,10.335,5.648628234863281
0186,15.618333333333334,7.01104736328125
0186,13.825,6.807323932647705
0186,12.645,4.794584274291992
0186,11.956666666666669,4.765302658081055
0186,17.016666666666666,7.9585137367248535
0186,11.901666666666667,5.859039783477783
0186,13.616666666666667,8.112725257873535
0186,13.945,5.334067344665527
0186,13.45,8.55577564239502
0186,11.991666666666667,5.885239124298096
0186,9.918333333333331,5.6690192222595215
0186,13.616666666666667,8.536742210388184
0186,14.438333333333333,6.746539115905762
0186,15.103333333333332,7.617161750793457
0186,10.335,5.699035167694092
0186,15.313333333333333,7.459346294403076
0186,10.133333333333333,4.883940696716309
0186,11.071666666666664,7.123315811157227
0186,11.38,7.380982398986816
0186,15.101666666666668,7.042335033416748
0186,12.243333333333334,5.394862174987793
0186,15.905,7.213669300079346
0186,10.021666666666668,6.253347396850586
0186,14.913333333333332,8.647542953491211
0186,13.935,5.752301216125488
0186,18.598333333333336,9.099501609802246
0186,12.98,7.614748954772949
0186,13.396666666666668,7.204575061798096
0186,15.101666666666668,7.042335033416748
0186,11.065,4.092921257019043
0186,16.736666666666668,7.541710376739502
0186,10.66,3.821220636367798
0186,12.451666666666666,6.547019958496094
0186,10.083333333333334,5.475480556488037
0186,9.79,4.317183017730713
0186,10.88,6.069010257720947
0186,14.755,5.745937347412109
0186,12.431666666666668,7.595744609832764
0186,13.241666666666667,5.334067344665527
0186,10.876666666666669,5.877842903137207
0186,12.445,5.597423553466797
0186,10.008333333333333,5.68078088760376
0186,10.175,4.578658580780029
0186,8.743333333333334,4.438337326049805
0186,10.521666666666668,5.453393459320068
0186,9.376666666666669,6.492206573486328
0186,1.555,6.4312262535095215
0186,12.576666666666666,6.085929870605469
0186,9.833333333333334,4.842920780181885
0186,10.885,5.7565388679504395
0186,15.91,7.270678520202637
0186,11.378333333333334,6.820462226867676
0186,14.681666666666668,7.100586414337158
0186,11.67,5.930892467498779
0186,13.515,8.536742210388184
0186,12.81,5.526670455932617
0186,13.765,7.269015789031982
0186,12.17,6.726840496063232
0186,13.515,8.460415840148926
0186,11.455,5.9289445877075195
0186,12.455,7.389983654022217
0186,10.718333333333334,3.9819223880767822
0186,16.425,7.3444318771362305
0186,11.26,4.01522970199585
0186,14.198333333333332,5.745896339416504
0186,11.831666666666669,4.929305076599121
0186,12.415,5.8735175132751465
0186,1.5483333333333331,3.2529735565185547
0186,12.331666666666669,6.819662094116211
0186,16.528333333333332,7.764336109161377
0186,15.711666666666668,7.042335033416748
0186,11.29,6.159910202026367
0186,14.613333333333332,7.075869083404541
0186,14.571666666666664,6.418473243713379
0186,14.655,8.112725257873535
0186,15.508333333333333,7.2104010581970215
0186,12.713333333333331,7.070032596588135
0186,11.498333333333331,5.7802629470825195
0186,10.831666666666669,4.4089674949646
0186,13.165,7.269015789031982
0186,12.755,5.275076866149902
0186,17.066666666666666,8.032265663146973
0186,10.233333333333333,4.831472396850586
0186,13.29,7.611431121826172
0186,11.148333333333332,4.158168315887451
0186,11.538333333333332,4.9765305519104
0186,10.321666666666664,5.663725852966309
0186,17.663333333333334,8.662842750549316
0186,15.336666666666668,7.055853843688965
0186,11.4,6.034335136413574
0186,16.221666666666668,7.480424404144287
0186,13.423333333333334,5.265410900115967
0186,12.191666666666666,7.269015789031982
0186,13.548333333333334,7.595744609832764
0186,13.805,7.487043857574463
0186,12.198333333333332,6.818902015686035
0186,9.745,5.909909248352051
0186,12.763333333333332,5.794214725494385
0186,17.058333333333334,7.3444318771362305
0186,11.525,4.235384464263916
0186,15.135,8.5737886428833
0186,10.181666666666668,5.868032932281494
0186,10.383333333333333,5.092876434326172
0186,13.988333333333332,5.584874629974365
0186,1.5766666666666669,6.662154674530029
0186,9.958333333333334,5.784242630004883
0186,9.833333333333334,4.622364044189453
0186,10.43,5.397430419921875
0186,10.035,4.578658580780029
0186,1.4866666666666668,4.940123081207275
0186,11.028333333333334,6.069010257720947
0186,10.075,5.3902363777160645
0186,10.735,4.650720119476318
0186,11.583333333333334,6.428919792175293
0186,10.428333333333336,7.449549674987793
0186,11.261666666666668,3.8190014362335205
0186,11.63,5.87632942199707
0186,10.343333333333334,5.726319313049316
0186,13.325,7.542925834655762
0186,15.978333333333332,7.200150489807129
0186,13.075,5.303844451904297
0186,16.02,7.042335033416748
0186,13.526666666666667,5.334067344665527
0186,12.011666666666668,4.842432498931885
0186,13.925,8.539165496826172
0186,12.7,5.404097080230713
0186,13.005,8.635668754577637
0186,12.866666666666667,6.569848537445068
0186,9.558333333333334,4.502303123474121
0186,14.55,7.955987930297852
0186,11.796666666666663,5.7802629470825195
0186,17.68166666666667,8.25607967376709
0186,10.141666666666667,4.909163475036621
0186,16.621666666666666,7.31587028503418
0186,14.411666666666669,5.817464351654053
0186,12.193333333333332,6.475451946258545
0186,12.193333333333332,7.20284366607666
0186,14.585,5.761412143707275
0186,12.811666666666667,4.878758430480957
0186,13.361666666666668,6.849826812744141
0186,15.793333333333331,6.049943447113037
0186,10.463333333333331,4.806249618530273
0186,10.713333333333331,5.9289445877075195
0186,14.79,7.459346294403076
0186,13.736666666666668,7.479251861572266
0186,16.635,7.763979434967041
0186,15.075,7.089387893676758
0186,13.486666666666668,6.044692516326904
0186,11.548333333333334,5.99062967300415
0186,14.783333333333331,8.414777755737305
0186,12.331666666666669,5.813992023468018
0186,12.706666666666669,5.4070143699646
0186,15.543333333333331,8.219352722167969
0186,11.13,6.209510803222656
0186,14.396666666666668,8.647542953491211
0186,12.581666666666669,6.094146251678467
0186,9.71,5.923428058624268
0186,14.783333333333331,7.743870258331299
0186,13.688333333333333,7.2816691398620605
0186,14.783333333333331,8.414777755737305
0186,12.331666666666669,5.616598129272461
0186,15.376666666666669,7.617161750793457
0186,10.81,5.537705421447754
0186,9.196666666666664,5.003732204437256
0186,9.6,5.397430419921875
0186,10.231666666666666,7.7227396965026855
0186,10.648333333333332,5.783298015594482
0186,12.39,5.434691429138184
0186,10.135,5.763986587524414
0186,13.713333333333331,6.177624702453613
0186,11.841666666666669,6.847675800323486
0186,11.96,7.595744609832764
0186,13.816666666666666,7.022892951965332
0186,15.451666666666666,7.3444318771362305
0186,14.68,6.500208377838135
0186,10.878333333333334,6.075460433959961
0186,12.928333333333336,8.118240356445312
0186,12.55,5.1303534507751465
0186,13.095,5.752301216125488
0186,13.088333333333331,6.050163269042969
0186,12.09,6.555096626281738
0186,13.088333333333331,6.050163269042969
0186,12.293333333333331,4.956449508666992
0186,13.005,5.334067344665527
0186,13.848333333333333,8.666547775268555
0186,12.131666666666666,7.078354358673096
0186,13.651666666666667,8.55577564239502
0186,11.288333333333332,6.071304798126221
0186,8.851666666666667,4.529587268829346
0186,12.541666666666666,7.269015789031982
0186,11.003333333333334,5.909956455230713
0186,13.323333333333332,7.936983585357666
0186,14.278333333333334,8.111676216125488
0186,10.963333333333331,5.642070293426514
0186,10.483333333333333,5.657788276672363
0186,9.91,4.596904277801514
0186,10.456666666666669,4.827356338500977
0186,9.101666666666668,5.01715087890625
0186,10.056666666666668,7.194180011749268
0186,17.654999999999998,9.615928649902344
0186,19.195,10.012506484985352
0186,11.906666666666666,6.04747200012207
0186,10.118333333333334,5.208583831787109
0186,9.645,8.096817970275879
0186,14.626666666666669,7.397235870361328
0186,10.28,4.723832130432129
0186,9.585,4.444906711578369
0186,1.635,4.565854072570801
0186,9.731666666666666,5.593259334564209
0186,8.658333333333333,5.6625142097473145
0186,12.213333333333331,6.872466564178467
0186,12.43,6.444953918457031
0186,9.72,5.363966941833496
0186,11.415,6.823683261871338
0186,11.533333333333331,5.954311847686768
0186,13.671666666666663,6.464892387390137
0186,10.14,4.209366798400879
0186,9.375,7.2283196449279785
0186,11.265,4.4350481033325195
0186,13.008333333333333,7.04180383682251
0186,9.521666666666668,5.387670516967773
0186,13.575,7.3051581382751465
0186,10.4,3.7718985080718994
0186,9.271666666666668,6.471141815185547
0186,9.085,5.155203819274902
0186,8.635,4.117016315460205
0186,13.411666666666669,4.835070610046387
0186,10.1,6.811760425567627
0186,9.996666666666666,6.751722812652588
0186,9.806666666666668,5.943629264831543
0186,1.4083333333333334,5.990697383880615
0186,10.508333333333333,5.991622447967529
0186,14.096666666666666,6.657090663909912
0186,13.656666666666666,7.333840847015381
0186,11.43,5.693755626678467
0186,14.175,6.904536724090576
0186,14.893333333333334,9.316990852355957
0186,10.318333333333332,4.731257438659668
0186,10.116666666666667,6.565572261810303
0186,14.403333333333334,5.647902488708496
0186,9.978333333333332,5.387670516967773
0186,9.888333333333332,6.2686028480529785
0186,12.76,7.946841239929199
0186,13.136666666666668,8.678194999694824
0186,13.245,8.19951057434082
0186,16.508333333333333,8.311461448669434
0186,17.026666666666667,6.005119323730469
0186,10.568333333333332,7.296262741088867
0186,14.493333333333334,7.771787643432617
0186,12.696666666666664,7.433282852172852
0186,9.895,4.166385173797607
0186,14.145,8.065359115600586
0186,1.48,3.8232810497283936
0186,10.013333333333332,4.366609573364258
0186,14.166666666666666,7.589371681213379
0186,1.5433333333333332,3.810858964920044
0186,8.971666666666666,4.594543933868408
0186,9.115,5.653794765472412
0186,9.881666666666666,4.867839813232422
0186,10.41,4.476076126098633
0186,10.118333333333334,5.687260627746582
0186,13.261666666666668,7.275626182556152
0186,1.606666666666667,5.059357166290283
0186,13.261666666666668,6.860519886016846
0186,14.003333333333334,6.537569999694824
0186,9.736666666666668,4.33123779296875
0186,12.763333333333332,7.189654350280762
0186,13.776666666666667,6.4611382484436035
0186,15.455,7.2443132400512695
0186,9.958333333333334,6.525214672088623
0186,9.956666666666669,4.3067626953125
0186,9.978333333333332,6.135440349578857
0186,8.635,4.477850914001465
0186,9.95,5.893990993499756
0186,10.616666666666667,6.316377639770508
0186,1.57,3.9074387550354004
0186,11.27,5.189022064208984
0186,1.6333333333333333,3.7261033058166504
0186,14.495,8.431477546691895
0186,1.445,5.921023845672607
0186,9.321666666666664,4.652201175689697
0186,8.854999999999999,4.648812294006348
0186,1.4666666666666666,4.88588285446167
0186,9.286666666666669,5.886724472045898
0186,9.738333333333332,6.409192085266113
0186,1.4466666666666663,5.976935863494873
0186,10.148333333333332,5.8925089836120605
0186,11.58,4.793168544769287
0186,10.058333333333334,4.651542663574219
0186,12.216666666666669,6.09475040435791
0186,9.966666666666669,4.290505409240723
0186,12.3,5.072351932525635
0186,1.471666666666667,4.499357223510742
0186,1.5983333333333334,4.1821136474609375
0186,11.246666666666666,6.857037544250488
0186,11.448333333333332,5.802417755126953
0186,13.638333333333332,7.660375595092773
0186,13.946666666666664,6.680009365081787
0186,11.145,6.14798641204834
0186,1.5133333333333332,3.6348702907562256
0186,9.511666666666668,4.662661075592041
0186,9.241666666666667,5.717344284057617
0186,10.36,4.725654602050781
0186,9.63,3.6868948936462402
0186,1.596666666666667,6.581592082977295
0186,10.318333333333332,6.120266914367676
0186,9.52,5.288048267364502
0186,1.5733333333333337,7.277442932128906
0186,10.36,4.505370616912842
0186,9.68,5.45706033706665
0186,9.366666666666667,4.735002040863037
0186,10.388333333333332,6.194517135620117
0186,14.466666666666669,5.319876670837402
0186,10.341666666666669,6.257421493530273
0186,9.861666666666668,6.146029472351074
0186,12.751666666666669,6.971314430236816
0186,13.303333333333336,8.33191204071045
0186,9.951666666666666,6.748413562774658
0186,13.598333333333333,8.736910820007324
0186,11.923333333333334,6.34293794631958
0186,15.208333333333334,6.797255039215088
0186,18.063333333333333,7.884557723999023
0186,13.688333333333333,8.220382690429688
0186,13.9,7.59576416015625
0186,12.53,5.684145450592041
0186,14.966666666666669,7.514679908752441
0186,9.771666666666668,5.63273286819458
0186,10.48,5.804250717163086
0186,10.53,7.15071964263916
0186,11.021666666666668,5.815536022186279
0186,1.5216666666666667,4.3524932861328125
0186,9.866666666666667,5.72999382019043
0186,12.88,7.946841239929199
0186,1.5766666666666669,7.096701622009277
0186,13.17,8.185991287231445
0186,13.126666666666669,7.57791805267334
0186,19.19,7.74149227142334
0186,10.945,7.881178379058838
0186,12.18,7.173815727233887
0186,9.783333333333331,7.615927696228027
0186,11.965,5.971983432769775
0186,10.203333333333337,6.671364784240723
0186,1.461666666666667,2.948352575302124
0186,1.5366666666666666,6.508965969085693
0186,1.385,3.3250834941864014
0186,14.328333333333337,5.831479549407959
0186,10.603333333333332,5.088144302368164
0186,10.938333333333333,7.252619743347168
0186,10.373333333333331,7.0478315353393555
0186,10.121666666666666,6.652771472930908
0186,10.106666666666666,6.322042942047119
0186,9.836666666666668,8.018749237060547
0186,13.468333333333334,8.736554145812988
0186,11.971666666666666,7.938323974609375
0186,9.413333333333332,4.937869071960449
0186,12.318333333333332,7.600459575653076
0186,12.443333333333332,5.964961051940918
0186,12.208333333333334,5.930817127227783
0186,10.378333333333334,7.080362319946289
0186,11.63,8.167802810668945
0186,12.006666666666666,8.232501029968262
0186,10.535,4.370226860046387
0186,10.375,5.3008904457092285
0186,8.93,4.506717205047607
0186,10.063333333333333,5.348573684692383
0186,9.91,3.5684499740600586
0186,1.4533333333333334,5.629383563995361
0186,10.083333333333334,6.803982734680176
0186,11.035,7.252878189086914
0186,10.895,6.818507194519043
0186,9.763333333333332,7.392648696899414
0186,13.176666666666668,8.88492202758789
0186,12.215,7.209989070892334
0186,13.443333333333332,6.870279788970947
0186,16.59,8.101791381835938
0186,11.168333333333331,7.713490962982178
0186,13.61,6.875279426574707
0186,11.643333333333334,7.667744159698486
0186,9.831666666666669,6.486981391906738
0186,10.29,5.350411891937256
0186,1.6216666666666666,5.828222751617432
0186,9.608333333333333,5.5358781814575195
0186,10.218333333333334,5.486816883087158
0186,9.21,4.662661075592041
0186,9.183333333333334,5.921221733093262
0186,9.51,4.009988307952881
0186,9.203333333333337,4.236480712890625
0186,10.42,5.823073387145996
0186,10.343333333333334,5.274449825286865
0186,10.205,5.374028205871582
0186,11.675,5.215017795562744
0186,9.356666666666666,5.076845645904541
0186,11.273333333333332,6.798257827758789
0186,10.28,5.84088134765625
0186,9.491666666666667,7.819155693054199
0186,9.876666666666669,6.629910945892334
0186,1.485,4.674518585205078
0186,13.843333333333334,6.323192596435547
0186,9.556666666666668,5.349574089050293
0186,1.5,4.046581268310547
0186,10.556666666666668,4.467348575592041
0186,1.4516666666666669,5.565855503082275
0186,9.425,4.373018741607666
0186,9.653333333333334,7.409200191497803
0186,10.243333333333334,5.4800004959106445
0186,1.4316666666666669,4.445009708404541
0186,9.943333333333332,5.387670516967773
0186,10.633333333333333,5.704207420349121
0186,17.89,8.874654769897461
0186,12.06,7.408719062805176
0186,9.755,3.8629186153411865
0186,10.87,7.74189567565918
0186,1.585,4.627638816833496
0186,9.895,6.322042942047119
0186,9.945,8.204062461853027
0186,12.3,7.211986064910889
0186,12.3,7.613481521606445
0186,11.861666666666668,6.872781276702881
0186,16.725,7.647782802581787
0186,19.101666666666667,6.743527412414551
0186,12.19,6.75035285949707
0186,11.368333333333334,6.543438911437988
0186,10.445,8.125926971435547
0186,10.436666666666667,6.741807460784912
0186,9.623333333333331,4.7900238037109375
0186,12.281666666666666,5.887444496154785
0186,12.331666666666669,6.026142597198486
0186,9.988333333333332,5.363966941833496
0186,1.5233333333333334,6.668357849121094
0186,9.711666666666668,4.444581031799316
0186,9.445,2.8627707958221436
0186,9.856666666666666,5.65029239654541
0186,1.6966666666666663,4.648812294006348
0186,10.173333333333334,5.53184700012207
0186,9.556666666666668,4.8562469482421875
0186,1.5916666666666666,5.7933478355407715
0186,1.55,6.376008987426758
0186,9.936666666666667,7.789834499359131
0186,9.738333333333332,7.366499900817871
0186,11.505,5.951655864715576
0186,12.345,7.698209762573242
0186,9.55,4.915647029876709
0186,9.905,4.24044942855835
0186,13.705,5.345285415649414
0186,9.905,4.550338268280029
0186,9.446666666666664,5.67799711227417
0186,10.9,5.5606207847595215
0186,9.7,6.155500411987305
0186,1.4383333333333332,6.495981693267822
0186,1.3616666666666668,8.172486305236816
0186,10.041666666666666,4.857884883880615
0186,10.125,6.347873210906982
0186,1.4316666666666669,3.070195436477661
0186,1.625,4.570940971374512
0186,11.811666666666667,7.871642112731934
0186,1.4433333333333331,5.807354927062988
0186,10.33,6.026950836181641
0186,11.551666666666668,6.160791873931885
0186,10.121666666666666,4.861999988555908
0186,12.748333333333331,5.772552013397217
0186,11.061666666666667,7.127501010894775
0186,13.076666666666666,7.580122947692871
0186,9.221666666666666,3.8612959384918213
0186,11.248333333333331,8.592010498046875
0186,9.625,4.138093948364258
0186,15.463333333333331,7.377150535583496
0186,9.131666666666666,6.385022163391113
0186,14.87,6.257504940032959
0186,9.66,4.5378737449646
0186,10.68,6.404968738555908
0186,9.305,4.567930698394775
0186,13.2,8.724937438964844
0186,12.661666666666669,8.678194999694824
0186,12.258333333333333,8.221936225891113
0186,17.668333333333333,7.4679341316223145
0186,12.53,8.35916519165039
0186,10.246666666666666,5.935654163360596
0186,13.898333333333332,7.060516357421875
0186,10.778333333333334,7.717574596405029
0186,9.825,5.474020004272461
0186,10.005,5.524077415466309
0186,9.838333333333331,7.885473251342773
0186,12.22,8.137097358703613
0186,10.68,5.036106109619141
0186,9.158333333333331,4.794550895690918
0186,8.816666666666666,4.268005847930908
0186,10.026666666666667,5.967982769012451
0186,1.415,4.392882347106934
0186,11.401666666666667,5.758744716644287
0186,8.638333333333332,4.635511875152588
0186,1.59,4.772441864013672
0186,1.57,5.4499077796936035
0186,1.59,4.921881198883057
0186,8.403333333333332,6.106735706329346
0186,9.246666666666666,6.1163835525512695
0186,9.628333333333334,7.642343997955322
0186,10.781666666666666,8.60444164276123
0186,1.4083333333333334,5.229543209075928
0186,10.33,6.820341110229492
0186,1.5466666666666666,5.900643825531006
0186,8.366666666666667,6.093494892120361
0186,10.578333333333337,6.027822017669678
0186,13.928333333333336,5.894356727600098
0186,10.12,6.221349239349365
0186,10.515,5.881185054779053
0186,14.305,4.769888877868652
0186,15.145,6.8271026611328125
0186,10.293333333333331,4.44857931137085
0186,13.495,6.821765422821045
0186,9.213333333333331,5.5636372566223145
0186,9.213333333333331,5.290024280548096
0186,11.863333333333332,4.372803688049316
0186,9.835,4.351412296295166
0186,9.515,5.229477405548096
0186,9.688333333333333,4.840867519378662
0186,12.461666666666668,6.010716915130615
0186,12.211666666666668,5.242547988891602
0186,8.821666666666665,4.4272918701171875
0186,1.4366666666666668,6.346415042877197
0186,10.501666666666669,5.055334568023682
0186,9.031666666666666,4.507394313812256
0186,1.4233333333333331,3.6348702907562256
0186,10.126666666666669,6.1580376625061035
0186,9.508333333333333,6.302030086517334
0186,9.543333333333331,5.807203769683838
0186,10.243333333333334,6.204679012298584
0186,9.951666666666666,6.314467906951904
0186,13.225,4.835070610046387
0186,9.763333333333332,7.426421642303467
0186,9.761666666666668,5.9505510330200195
0186,1.4516666666666669,5.030819416046143
0186,12.055,5.9179205894470215
0186,12.416666666666666,5.731878757476807
0186,13.33,6.298121929168701
0186,9.436666666666667,4.34893274307251
0186,10.77,4.98334264755249
0186,9.283333333333331,5.080960273742676
0186,14.131666666666666,6.965734481811523
0186,9.228333333333332,5.4405083656311035
0186,10.061666666666667,4.229033946990967
0186,10.436666666666667,3.500330686569214
0186,12.048333333333334,5.975973129272461
0186,11.305,6.003461837768555
0186,13.893333333333334,8.036848068237305
0186,12.99,6.3812479972839355
0186,9.106666666666666,5.979630947113037
0186,10.315,4.829046726226807
0186,12.236666666666668,6.599780082702637
0186,1.6616666666666666,4.377383232116699
0186,10.655,5.378777503967285
0186,9.565,5.592419624328613
0186,9.091666666666669,3.815185785293579
0186,9.106666666666666,6.93361759185791
0186,1.5083333333333333,4.12889289855957
0186,10.071666666666664,5.750732421875
0186,9.161666666666669,4.695812225341797
0186,9.315,5.681821823120117
0186,9.863333333333332,6.0048909187316895
0186,11.918333333333331,5.851673603057861
0186,10.648333333333332,6.202007293701172
0186,9.751666666666669,6.267059803009033
0186,13.078333333333337,5.2154860496521
0186,10.61,6.736375331878662
0186,11.158333333333331,4.886499404907227
0186,11.103333333333332,6.885959148406982
0186,9.741666666666667,4.53496789932251
0186,1.6733333333333331,4.172619342803955
0186,1.5066666666666668,4.948861598968506
0186,9.935,5.733199596405029
0186,9.7,3.8342905044555664
0186,11.625,5.075361728668213
0186,13.365,5.403355598449707
0186,11.298333333333334,5.780123710632324
0186,13.058333333333334,7.355684757232666
0186,8.976666666666667,5.289658069610596
0186,9.811666666666667,5.498018741607666
0186,1.595,5.016384601593018
0186,9.331666666666669,5.160502910614014
0186,14.305,7.114986419677734
0186,12.69,6.095581531524658
0186,12.25,6.128558158874512
0186,10.525,5.224660396575928
0186,10.4,8.05996322631836
0186,10.168333333333331,5.809617042541504
0186,10.265,5.883595943450928
0186,9.375,4.31002140045166
0186,1.37,4.853342056274414
0186,12.44,5.542598247528076
0186,9.71,5.990541934967041
0186,1.37,4.853342056274414
0186,11.316666666666666,4.732707977294922
0186,11.121666666666666,4.0660247802734375
0186,11.233333333333333,6.075037479400635
0186,11.441666666666666,5.599709510803223
0186,13.436666666666667,7.178397178649902
0186,13.133333333333333,5.676197052001953
0186,1.3966666666666667,5.862057685852051
0186,10.32,4.8893585205078125
0186,12.533333333333331,5.894700527191162
0186,11.355,6.599085330963135
0186,8.979999999999999,4.332561016082764
0186,9.971666666666666,4.781932353973389
0186,10.125,4.654086589813232
0186,10.903333333333334,5.88374662399292
0186,1.4733333333333334,4.727750778198242
0186,9.291666666666666,5.652251243591309
0186,12.435,6.349932670593262
0186,9.271666666666668,6.21209192276001
0186,12.435,5.901968955993652
0186,11.23,5.692949295043945
0186,11.9,5.955965995788574
0186,15.51,7.8512864112854
0186,12.828333333333337,7.134109973907471
0186,11.261666666666668,6.529821395874023
0186,1.5066666666666668,4.172733783721924
0186,10.058333333333334,6.778935432434082
0186,10.038333333333332,5.6922149658203125
0186,10.643333333333334,5.76767635345459
0186,10.726666666666668,5.690600395202637
0186,11.553333333333336,7.100578784942627
0186,13.955,6.27756929397583
0186,12.805,6.783142566680908
0186,1.395,5.249561309814453
0186,1.4583333333333333,4.001437664031982
0186,9.718333333333334,4.96040678024292
0186,1.4166666666666667,4.12889289855957
0186,10.163333333333332,4.548694610595703
0186,1.43,4.166479587554932
0186,10.058333333333334,7.4781107902526855
0186,11.13,5.962711811065674
0186,10.926666666666668,6.466983318328857
0186,9.91,4.569835662841797
0186,11.608333333333333,6.931197643280029
0186,9.585,5.0799031257629395
0186,1.4516666666666669,4.477923393249512
0186,9.431666666666668,4.488268852233887
0186,1.471666666666667,4.106084823608398
0186,1.5616666666666668,4.566005229949951
0186,9.668333333333331,6.0688090324401855
0186,10.641666666666667,5.545082092285156
0186,1.4516666666666669,4.548861503601074
0186,10.418333333333331,4.797344207763672
0186,11.608333333333333,6.292680740356445
0186,1.515,6.25123929977417
0186,9.453333333333337,3.7294957637786865
0186,11.758333333333333,6.459240436553955
0186,1.585,5.758327007293701
0186,9.751666666666669,4.544841766357422
0186,14.293333333333331,6.931197643280029
0186,10.32,5.81166410446167
0186,10.201666666666666,6.712254047393799
0186,1.481666666666667,3.008415460586548
0186,1.481666666666667,3.0491065979003906
0186,1.53,3.786090850830078
0186,9.245,5.759439468383789
0186,10.856666666666666,6.20208215713501
0186,9.356666666666666,5.930281639099121
0186,11.308333333333334,6.2121100425720215
0186,13.19,6.730044841766357
0186,10.746666666666666,6.624606132507324
0186,9.491666666666667,4.224935054779053
0186,9.255,5.120523929595947
0186,9.183333333333334,4.579729080200195
0186,1.4866666666666668,4.446232318878174
0186,17.89,5.47939395904541
0186,9.498333333333331,4.474582672119141
0186,12.203333333333337,5.8031325340271
0186,11.975,5.0242533683776855
0186,12.203333333333337,5.443866729736328
0186,12.203333333333337,5.6932878494262695
0186,11.718333333333334,6.127062797546387
0186,10.935,6.489504814147949
0186,9.996666666666666,5.976184844970703
0186,14.223333333333333,6.415371417999268
0186,11.273333333333332,5.910309314727783
0186,10.51,5.932231426239014
0186,1.5766666666666669,4.404973983764648
0186,12.595,6.158549785614014
0186,12.07,4.391263961791992
0186,8.801666666666668,6.213776588439941
0186,1.52,3.80397629737854
0186,12.38,4.950245380401611
0186,1.471666666666667,5.741904258728027
0186,10.538333333333332,4.571716785430908
0186,7.2266666666666675,4.982788562774658
0186,13.388333333333332,5.451832294464111
0186,1.518333333333333,4.310222625732422
0186,9.116666666666667,5.16705322265625
0186,1.4433333333333331,3.091481924057007
0186,1.5266666666666666,4.6287641525268555
0186,11.148333333333332,5.302977085113525
0186,9.866666666666667,5.474611759185791
0186,14.0,6.234577178955078
0186,10.123333333333331,3.500330686569214
0186,11.756666666666666,5.216391086578369
0186,13.395,7.427022457122803
0186,9.216666666666669,6.493046760559082
0186,9.008333333333333,5.87172794342041
0186,8.688333333333333,6.166442394256592
0186,1.52,4.34893274307251
0186,10.516666666666667,4.612326145172119
0186,10.216666666666669,5.171180248260498
0186,1.403333333333333,3.075671672821045
0186,13.233333333333333,6.090399265289307
0186,1.5066666666666668,4.694732189178467
0186,8.538333333333332,5.504891395568848
0186,8.568333333333333,4.1274333000183105
0186,1.3883333333333332,6.211592197418213
0186,1.41,4.06442403793335
0186,1.4933333333333332,5.791687965393066
0186,1.6033333333333333,6.207167625427246
0186,9.675,6.624606132507324
0186,9.55,7.776026248931885
0186,9.3,3.896794080734253
0186,9.39,4.856810092926025
0186,8.305,4.134714603424072
0186,1.4366666666666668,4.410459995269775
0186,9.891666666666667,4.323890686035156
0186,9.403333333333334,4.134714603424072
0186,11.193333333333332,4.639360427856445
0186,12.083333333333334,7.453684329986572
0186,11.05,7.065444469451904
0186,1.4633333333333334,5.452874183654785
0186,9.098333333333333,3.6658170223236084
0186,10.598333333333333,5.015500545501709
0186,10.05,3.8288989067077637
0186,1.2966666666666666,4.082626819610596
0186,10.361666666666668,4.52308988571167
0186,10.318333333333332,4.969882011413574
0186,9.54,4.720927715301514
0186,10.201666666666666,6.645944595336914
0186,14.963333333333331,9.070216178894043
0186,12.91,7.8381147384643555
0186,11.136666666666668,8.24733829498291
0186,13.851666666666668,5.161040782928467
0186,14.911666666666669,7.330077171325684
0186,10.721666666666666,5.2804083824157715
0186,14.925,7.072121620178223
0186,11.768333333333334,5.779329776763916
0186,11.643333333333334,8.916186332702637
0186,14.971666666666666,8.210245132446289
0186,12.918333333333331,6.407902240753174
0186,13.681666666666668,7.577404022216797
0186,11.936666666666667,4.080496311187744
0186,14.3,5.547752380371094
0186,1.57,6.003251075744629
0186,10.806666666666668,7.065094947814941
0186,10.88,5.602725028991699
0186,12.261666666666668,5.296509742736816
0186,12.926666666666668,8.409124374389648
0186,13.506666666666666,7.551732540130615
0186,9.643333333333334,3.156608819961548
0186,12.173333333333334,9.868340492248535
0186,11.51,8.503809928894043
0186,10.183333333333334,1.6427476406097412
0186,9.983333333333333,4.147691249847412
0186,10.971666666666666,1.41604483127594
0186,11.425,7.53945255279541
0186,12.286666666666669,5.689298152923584
0186,10.026666666666667,3.937298536300659
0186,1.4516666666666669,4.295247554779053
0186,8.385,4.82761287689209
0186,12.14,6.905829906463623
0186,10.493333333333334,3.1728062629699707
0186,11.7,7.081738471984863
0186,1.4566666666666668,1.6144165992736816
0186,11.081666666666669,4.554325103759766
0186,9.476666666666668,3.631195545196533
0186,11.533333333333331,7.13141393661499
0186,9.251666666666669,2.847609043121338
0186,1.403333333333333,3.9816226959228516
0186,16.988333333333333,8.731521606445312
0186,12.161666666666669,3.948593854904175
0186,14.808333333333334,9.563974380493164
0186,13.865,8.237967491149902
0186,9.851666666666668,4.965182781219482
0186,17.09333333333333,9.184247016906738
0186,11.603333333333332,4.575533390045166
0186,19.72833333333333,9.89635944366455
0186,12.651666666666667,4.422748565673828
0186,11.401666666666667,5.855068683624268
0186,10.355,2.2392518520355225
0186,1.425,1.922580599784851
0186,11.98,8.29179859161377
0186,10.585,4.622983932495117
0186,9.726666666666668,4.90069580078125
0186,9.57,5.216142177581787
0186,10.785,4.8041839599609375
0186,10.928333333333336,4.371219158172607
0186,1.6516666666666666,3.5684499740600586
0186,11.923333333333334,6.146573066711426
0186,13.438333333333333,6.439111709594727
0186,1.5483333333333331,4.392515659332275
0186,10.198333333333332,4.891148567199707
0186,9.926666666666668,4.277803897857666
0186,8.33,5.979282855987549
0186,13.733333333333333,6.21450662612915
0186,21.17,11.946733474731445
0186,9.515,2.4588887691497803
0186,12.473333333333333,8.343297004699707
0186,11.496666666666666,8.897159576416016
0186,12.453333333333337,9.1007080078125
0186,10.418333333333331,7.195981025695801
0186,14.223333333333333,8.830650329589844
0186,13.32,6.626447677612305
0186,12.991666666666667,8.639620780944824
0186,10.788333333333332,6.712217330932617
0186,10.63,5.247396469116211
0186,20.82,8.92004108428955
0186,13.695,7.0660481452941895
0186,10.971666666666666,4.1023268699646
0186,16.696666666666665,8.523758888244629
0186,14.053333333333336,8.222599983215332
0186,16.39,8.327937126159668
0186,12.778333333333334,6.791255474090576
0186,14.33,7.0156989097595215
0186,9.87,5.772049903869629
0186,11.698333333333332,7.313901424407959
0186,10.6,8.619129180908203
0186,14.853333333333332,7.015914440155029
0186,11.145,4.501740455627441
0186,17.19333333333333,9.208248138427734
0186,13.031666666666666,7.882289409637451
0186,13.256666666666666,7.833477973937988
0186,19.34333333333333,7.882743835449219
0186,10.758333333333333,2.9843716621398926
0186,21.53166666666667,7.866728782653809
0186,16.28666666666667,9.693319320678711
0186,17.94,9.646180152893066
0186,16.528333333333332,9.100579261779785
0186,10.371666666666666,6.621514797210693
0186,18.78833333333333,7.221746921539307
0186,11.723333333333333,7.609841346740723
0186,10.315,4.622983932495117
0186,10.753333333333334,4.885120868682861
0186,11.64,6.265492916107178
0186,12.373333333333331,8.282353401184082
0186,10.728333333333332,6.351362228393555
0186,14.395,9.503396987915039
0186,14.961666666666668,7.134018898010254
0186,11.181666666666668,3.0603723526000977
0186,10.795,2.718524217605591
0186,13.941666666666666,8.484759330749512
0186,1.6983333333333337,3.9463071823120117
0186,13.483333333333333,5.7736077308654785
0186,11.771666666666668,7.914834022521973
0186,13.898333333333332,5.08619499206543
0186,12.055,3.3109874725341797
0186,10.37,3.136427402496338
0186,11.045,5.786125659942627
0186,1.6916666666666669,1.3239359855651855
0186,17.16166666666667,8.741353034973145
0186,10.631666666666666,3.236656427383423
0186,10.681666666666668,2.9799163341522217
0186,16.483333333333334,5.998273849487305
0186,12.653333333333334,7.705779075622559
0186,10.635,3.022758960723877
0186,0.005,7.954711437225342
0186,1.3133333333333332,7.814514636993408
0186,12.44,6.314282417297363
0186,9.748333333333331,7.615696430206299
0186,9.761666666666668,8.061285972595215
0186,19.096666666666668,7.777256965637207
0186,19.99333333333333,7.628825664520264
0186,11.668333333333331,7.8382344245910645
0186,11.218333333333334,9.312904357910156
0186,1.4266666666666663,4.697975158691406
0186,11.968333333333334,9.276283264160156
0186,19.49333333333333,10.049032211303711
0186,13.691666666666666,7.607191562652588
0186,21.27833333333333,10.899507522583008
0186,1.5883333333333334,3.71280837059021
0186,13.235,7.2276530265808105
0186,11.536666666666669,6.195521831512451
0186,15.031666666666666,7.5260772705078125
0186,14.983333333333333,8.409570693969727
0186,11.15,4.542904853820801
0186,12.481666666666666,9.508604049682617
0186,16.701666666666668,7.520184516906738
0186,12.661666666666669,8.021872520446777
0186,12.91,6.366869926452637
0186,20.051666666666662,10.215117454528809
0186,20.206666666666667,11.129481315612793
0186,16.833333333333332,9.461389541625977
0186,12.588333333333331,10.184820175170898
0186,13.028333333333334,7.771425724029541
0186,13.665,7.60444974899292
0186,16.996666666666666,7.680456161499023
0186,17.46333333333333,8.465208053588867
0186,13.221666666666666,7.564919948577881
0186,15.465,8.321928024291992
0186,12.981666666666666,8.856925964355469
0186,15.63,8.04593563079834
0186,10.65,7.1534528732299805
0186,12.951666666666666,8.77425479888916
0186,14.143333333333334,7.092751979827881
0186,13.123333333333331,6.266300678253174
0186,10.196666666666664,7.137718677520752
0186,12.308333333333334,6.531673431396484
0186,12.706666666666669,7.009469985961914
0186,12.775,7.6842756271362305
0186,17.506666666666668,7.414000988006592
0186,12.818333333333332,7.59138822555542
0186,14.791666666666666,8.592652320861816
0186,12.285,7.076315879821777
0186,11.278333333333334,6.893215179443359
0186,12.885,7.274601459503174
0186,10.29,7.124418258666992
0186,11.01,7.6529364585876465
0186,11.108333333333333,7.725914001464844
0186,10.716666666666669,7.151237487792969
0186,13.946666666666664,7.438942909240723
0186,12.946666666666664,7.025303840637207
0186,10.588333333333331,6.308172225952148
0186,13.426666666666668,9.08798599243164
0186,12.706666666666669,8.274770736694336
0186,11.218333333333334,6.297850131988525
0186,10.606666666666666,5.052937984466553
0186,12.293333333333331,8.376164436340332
0186,10.793333333333331,5.838971138000488
0186,11.651666666666667,8.645297050476074
0186,13.575,8.75488567352295
0186,10.875,6.067824840545654
0186,12.225,8.213022232055664
0186,11.085,6.7495903968811035
0186,11.891666666666667,8.645297050476074
0186,10.331666666666669,5.331867218017578
0186,12.345,8.229458808898926
0186,10.451666666666666,5.354531288146973
0186,18.10333333333333,7.623447895050049
0186,11.721666666666666,7.972254276275635
0186,13.75,6.771605491638184
0186,14.41,6.5361785888671875
0186,12.281666666666666,5.503089427947998
0186,14.081666666666669,7.265878200531006
0186,18.451666666666664,9.609993934631348
0186,18.105,7.968186378479004
0186,14.231666666666666,9.806476593017578
0186,11.075,8.984416007995605
0186,17.196666666666665,8.944897651672363
0186,13.168333333333331,7.684500217437744
0186,10.621666666666666,6.417734622955322
0186,13.29,8.306658744812012
0186,15.63,7.28334379196167
0186,14.463333333333331,7.9962286949157715
0186,1.8316666666666668,3.3765854835510254
0186,9.77,7.692989349365234
0186,15.198333333333332,8.435700416564941
0186,10.116666666666667,8.97145938873291
0186,11.428333333333336,8.058385848999023
0186,16.593333333333334,8.503763198852539
0186,12.156666666666666,7.030914783477783
0186,14.876666666666669,9.003779411315918
0186,13.646666666666668,8.942215919494629
0186,11.235,5.6887407302856445
0186,14.565,8.995031356811523
0186,1.5799999999999998,8.111870765686035
0186,13.815,6.284719467163086
0186,1.481666666666667,3.1273937225341797
0186,11.89,3.3781328201293945
0186,9.825,2.5358948707580566
0186,16.638333333333332,9.954766273498535
0186,15.836666666666668,9.672191619873047
0186,23.75,10.099444389343262
0186,9.591666666666669,10.371993064880371
0186,22.916666666666668,9.627862930297852
0186,15.356666666666666,9.249710083007812
0186,16.071666666666665,9.792701721191406
0186,11.36,9.295461654663086
0186,23.221666666666668,9.952642440795898
0186,21.20833333333333,10.20026969909668
0186,11.226666666666668,10.702072143554688
0186,16.03666666666667,9.544644355773926
0186,22.115,9.161131858825684
0186,1.5650000000000002,5.722015857696533
0186,1.5816666666666668,7.014065265655518
0186,17.426666666666666,10.046058654785156
0186,13.223333333333333,6.615779399871826
0186,11.825,6.732730388641357
0186,10.598333333333333,5.820181846618652
0186,13.88,7.062633037567139
0186,11.418333333333331,7.785096645355225
0186,13.015,7.52235221862793
0186,12.425,7.228236675262451
0186,17.471666666666668,7.969353199005127
0186,10.396666666666668,6.055655479431152
0186,10.293333333333331,5.555467128753662
0186,14.871666666666666,7.2955427169799805
0186,9.585,5.003621578216553
0186,14.421666666666663,7.3110151290893555
0186,12.868333333333334,8.09282112121582
0186,12.823333333333332,8.370201110839844
0186,10.096666666666666,8.492315292358398
0186,11.476666666666668,9.065340042114258
0186,11.276666666666667,3.0603723526000977
0186,13.115,8.010480880737305
0186,10.166666666666666,7.691131114959717
0186,15.771666666666668,7.611833095550537
0186,14.111666666666668,7.027140140533447
0186,12.033333333333331,8.115678787231445
0186,10.468333333333334,7.626559257507324
0186,17.251666666666665,9.73655891418457
0186,11.296666666666663,7.56271505355835
0186,12.6,5.09641170501709
0186,17.935,8.333959579467773
0186,10.498333333333331,6.755090713500977
0186,17.475,7.495302677154541
0186,12.611666666666668,7.914233684539795
0186,13.893333333333334,8.762090682983398
0186,1.5233333333333334,5.298550128936768
0186,14.623333333333331,7.859692573547363
0186,0.005,2.2455453872680664
0186,15.215,8.413033485412598
0186,10.541666666666666,8.491260528564453
0186,10.163333333333332,6.167044162750244
0186,10.193333333333332,4.649725914001465
0186,11.64,6.234310150146484
0186,10.618333333333334,5.840156078338623
0186,15.48,8.777582168579102
0186,10.711666666666668,4.9835100173950195
0186,9.973333333333333,5.00009822845459
0186,17.4,4.848317623138428
0186,10.66,5.375387668609619
0186,14.57,7.605813503265381
0186,12.648333333333332,6.8896870613098145
0186,13.826666666666666,7.848819255828857
0186,0.005,6.27931022644043
0186,12.87,4.334139347076416
0186,9.758333333333333,4.822922229766846
0186,11.985,3.9561290740966797
0186,14.578333333333337,5.584891319274902
0186,11.295,6.669719219207764
0186,16.43,6.688477993011475
0186,14.605,6.542105197906494
0186,10.486666666666668,3.5949745178222656
0186,16.441666666666666,6.285098552703857
0186,16.563333333333333,6.649514675140381
0186,16.563333333333333,6.158199310302734
0186,14.291666666666666,5.082180023193359
0186,17.73166666666667,6.824746131896973
0186,14.823333333333332,5.028209686279297
0186,14.403333333333334,6.238070964813232
0186,13.768333333333334,5.281152248382568
0186,10.783333333333331,5.777625560760498
0186,11.026666666666667,6.125260829925537
0186,10.856666666666666,6.933193206787109
0186,15.678333333333336,6.0866312980651855
0186,18.188333333333333,6.557211399078369
0186,15.341666666666669,6.859439849853516
0186,17.41,6.135544300079346
0186,17.34333333333333,6.161674976348877
0186,16.028333333333332,6.176839828491211
0186,14.275,4.8873467445373535
0186,11.785,4.556059837341309
0186,11.988333333333332,7.443472385406494
0186,12.543333333333331,5.6808552742004395
0186,13.96,7.860318183898926
0186,11.023333333333332,6.901334762573242
0186,14.96,9.195661544799805
0186,13.825,6.600007057189941
0186,15.455,7.719820976257324
0186,18.221666666666668,8.321586608886719
0186,16.423333333333332,7.476315498352051
0186,16.33,7.9813666343688965
0186,17.038333333333334,7.879993438720703
0186,16.183333333333334,9.130202293395996
0186,15.6,6.175094127655029
0186,21.47,11.51138973236084
0186,15.791666666666666,9.328827857971191
0186,15.165,7.698966026306152
0186,14.436666666666667,7.249079704284668
0186,15.071666666666664,7.696589469909668
0186,14.008333333333333,6.602367401123047
0186,15.35,6.603728294372559
0186,14.648333333333332,7.534255504608154
0186,11.348333333333333,7.715159893035889
0186,10.828333333333337,7.812163829803467
0186,11.086666666666668,4.739908695220947
0186,12.6,6.906898498535156
0186,12.023333333333332,7.76881217956543
0186,12.566666666666666,5.920125961303711
0186,12.821666666666664,7.797654628753662
0186,12.913333333333332,7.744543075561523
0186,12.876666666666669,7.978994846343994
0186,9.781666666666666,7.338230609893799
0186,12.351666666666668,6.3909430503845215
0186,11.565,7.9052414894104
0186,12.515,8.989255905151367
0186,9.393333333333334,4.9496259689331055
0186,11.41,6.884765148162842
0186,11.385,9.374289512634277
0186,13.06,8.762470245361328
0186,14.495,5.574685573577881
0186,10.631666666666666,6.755056381225586
0186,9.691666666666666,6.815820217132568
0186,12.813333333333333,6.602640151977539
0186,11.55,4.490453720092773
0186,10.57,8.194966316223145
0186,12.935,7.9746623039245605
0186,9.961666666666668,6.207705020904541
0186,9.34,5.393923282623291
0186,16.223333333333333,8.339373588562012
0186,12.966666666666669,6.013102054595947
0186,11.18,4.49157190322876
0186,17.523333333333333,7.082440376281738
0186,15.763333333333332,8.542325019836426
0186,13.206666666666669,8.914668083190918
0186,9.903333333333334,6.351362228393555
0186,10.901666666666667,5.9386186599731445
0186,1.471666666666667,1.8659064769744873
0186,1.4016666666666666,1.6427476406097412
0186,9.718333333333334,4.021871089935303
0186,12.613333333333332,7.9926066398620605
0186,10.771666666666668,8.709527015686035
0186,15.971666666666666,7.83037805557251
0186,9.636666666666668,5.879678726196289
0186,10.906666666666666,5.7251152992248535
0186,15.69,8.484554290771484
0186,16.08833333333333,7.853598117828369
0186,14.085,5.292418479919434
0186,11.415,4.403095245361328
0186,21.25333333333333,8.270081520080566
0186,15.251666666666669,9.182894706726074
0186,12.901666666666667,7.562507152557373
0186,13.206666666666669,8.631893157958984
0186,13.24,8.586089134216309
0186,13.05,6.936439037322998
0186,13.611666666666668,7.9693522453308105
0186,21.261666666666667,7.907273292541504
0186,13.191666666666666,8.09087085723877
0186,20.14333333333333,8.801610946655273
0186,19.566666666666663,9.275737762451172
0186,12.248333333333331,7.978866100311279
0186,14.52,8.03161334991455
0186,16.663333333333334,9.042015075683594
0186,16.763333333333332,8.393936157226562
0186,19.061666666666667,8.50665283203125
0186,15.893333333333334,8.492046356201172
0186,12.516666666666667,7.068277359008789
0186,20.8,8.770406723022461
0186,16.271666666666665,8.566411018371582
0186,18.540000000000003,7.687985897064209
0186,19.94833333333333,9.275283813476562
0186,18.540000000000003,8.545953750610352
0186,21.453333333333333,8.993345260620117
0186,19.495,8.449799537658691
0186,19.328333333333333,8.817893028259277
0186,12.068333333333332,7.178099632263184
0186,20.565,8.555872917175293
0186,12.006666666666666,6.593899250030518
0186,19.37833333333333,8.621389389038086
0186,21.23166666666667,8.76819896697998
0186,20.061666666666667,8.824398040771484
0186,19.183333333333337,7.797634601593018
0186,16.875,8.316534996032715
0186,17.995,7.769839763641357
0186,16.583333333333332,7.500408172607422
0186,16.835,7.687985897064209
0186,18.96,8.798349380493164
0186,17.945,8.41181755065918
0186,11.931666666666668,5.9128007888793945
0186,18.85333333333333,7.944431304931641
0186,18.216666666666665,7.74935245513916
0186,19.01833333333333,7.561774730682373
0186,17.513333333333332,8.113253593444824
0186,17.73,8.219892501831055
0186,19.675,8.005797386169434
0186,12.453333333333337,7.41475772857666
0186,18.891666666666666,7.3651018142700195
0186,19.86833333333333,8.402379989624023
0186,21.16166666666667,8.306251525878906
0186,17.503333333333334,7.609630584716797
0186,10.98,8.056483268737793
0186,15.05,8.094192504882812
0186,15.251666666666669,8.695878982543945
0186,12.445,7.3390607833862305
0186,17.091666666666665,9.812880516052246
0186,15.615,6.405658721923828
0186,14.356666666666666,7.2549896240234375
0186,12.085,7.161421775817871
0186,13.093333333333334,7.808655738830566
0186,11.351666666666668,7.540968894958496
0186,10.875,6.139998912811279
0186,11.216666666666669,6.4130778312683105
0186,14.175,7.936113357543945
0186,13.598333333333333,7.764530181884766
0186,13.883333333333333,6.358554363250732
0186,14.883333333333333,9.240388870239258
0186,11.621666666666666,4.901056289672852
0186,12.656666666666666,7.932361602783203
0186,13.55,7.636070251464844
0186,13.82,8.341336250305176
0186,11.391666666666667,6.500531196594238
0186,13.38,5.743795871734619
0186,15.77,7.725327968597412
0186,11.375,7.090985298156738
0186,11.956666666666669,8.672866821289062
0186,15.826666666666666,9.524271965026855
0186,11.181666666666668,6.181771755218506
0186,12.015,6.142887115478516
0186,13.238333333333332,8.082919120788574
0186,16.15,7.725327968597412
0186,10.148333333333332,7.108951568603516
0186,14.001666666666669,6.949831962585449
0186,13.125,7.57827615737915
0186,13.821666666666664,7.518524646759033
0186,13.228333333333332,8.185898780822754
0186,15.313333333333333,10.21830940246582
0186,12.441666666666666,7.032649993896484
0186,13.523333333333332,7.586543083190918
0186,12.235,7.4834160804748535
0186,13.786666666666669,8.367313385009766
0186,13.216666666666669,7.403440952301025
0186,15.12,7.227705478668213
0186,15.515,7.221696853637695
0186,16.273333333333333,10.300442695617676
0186,17.285,8.401387214660645
0186,14.543333333333331,7.235985279083252
0186,15.548333333333334,7.048009395599365
0186,11.928333333333336,6.519535541534424
0186,12.958333333333334,8.419519424438477
0186,10.375,6.6653032302856445
0186,13.193333333333332,7.15485954284668
0186,13.318333333333332,7.5608086585998535
0186,15.006666666666666,6.6262712478637695
0186,17.203333333333333,10.7181396484375
0186,16.013333333333332,9.78868579864502
0186,17.465,9.994467735290527
0186,13.091666666666669,6.370102405548096
0186,12.466666666666669,8.44437313079834
0186,10.79,6.712458610534668
0186,12.04,6.444997787475586
0186,16.095000000000002,8.401387214660645
0186,12.196666666666664,7.324034690856934
0186,10.706666666666669,7.802799701690674
0186,11.778333333333334,8.17214584350586
0186,14.25,7.182886600494385
0186,13.256666666666666,7.499545097351074
0186,16.28666666666667,9.732098579406738
0186,11.315,8.578973770141602
0186,11.576666666666666,5.790950298309326
0186,15.961666666666668,6.990509510040283
0186,11.831666666666669,8.482921600341797
0186,11.355,5.135436534881592
0186,17.858333333333334,6.360284328460693
0186,11.338333333333331,5.136676788330078
0186,18.90833333333333,8.002785682678223
0186,14.095,7.743180751800537
0186,9.925,4.2561821937561035
0186,14.305,6.582118034362793
0186,14.515,6.499748229980469
0186,16.318333333333335,8.646533966064453
0186,13.473333333333333,4.961583137512207
0186,12.425,7.5537428855896
0186,1.4433333333333331,8.333646774291992
0186,13.466666666666669,6.291872024536133
0186,21.091666666666665,8.492777824401855
0186,11.373333333333331,6.184676170349121
0186,12.92,7.656435966491699
0186,12.773333333333332,8.073993682861328
0186,14.313333333333333,7.496805191040039
0186,13.128333333333334,6.958395481109619
0186,14.521666666666668,7.924666404724121
0186,10.32,6.559616565704346
0186,14.23,7.542900562286377
0186,13.335,7.674092769622803
0186,14.248333333333331,7.827034950256348
0186,14.003333333333334,6.989509105682373
0186,15.105,7.753281593322754
0186,13.161666666666669,6.830305099487305
0186,13.108333333333333,6.442420482635498
0186,14.535,8.004322052001953
0186,13.57,6.1574201583862305
0186,14.135,6.324962139129639
0186,13.165,6.8870673179626465
0186,13.328333333333337,7.496805191040039
0186,13.376666666666669,7.166796684265137
0186,13.99,6.975990295410156
0186,14.95,7.422171115875244
0186,11.983333333333333,5.381659984588623
0186,13.775,7.827034950256348
0186,13.775,7.508244037628174
0186,13.518333333333334,6.5800557136535645
0186,14.411666666666669,6.820225715637207
0186,14.213333333333331,7.282229423522949
0186,14.386666666666668,7.185699462890625
0186,11.793333333333331,5.896822929382324
0186,13.465,6.880367279052734
0186,13.941666666666666,5.946339130401611
0186,15.278333333333334,7.643803119659424
0186,14.15,7.019434928894043
0186,14.758333333333333,6.820225715637207
0186,15.278333333333334,7.351273059844971
0186,12.398333333333332,5.431521415710449
0186,13.646666666666668,7.016170978546143
0186,13.83,7.019434928894043
0186,14.316666666666666,6.3258562088012695
0186,14.906666666666666,7.317579746246338
0186,13.326666666666666,7.496805191040039
0186,13.535,6.975990295410156
0186,14.165,7.077210426330566
0186,14.538333333333332,6.820225715637207
0186,14.871666666666666,7.351273059844971
0186,13.541666666666666,7.002652168273926
0186,10.99,5.115715980529785
0186,13.798333333333334,7.381766319274902
0186,17.506666666666668,7.604907512664795
0186,14.901666666666667,8.552875518798828
0186,12.873333333333331,8.39084243774414
0186,12.96,6.045914173126221
0186,12.786666666666669,8.036232948303223
0186,12.383333333333333,6.224181175231934
0186,14.561666666666667,8.864205360412598
0186,11.036666666666669,5.728271484375
0186,13.463333333333331,8.46717643737793
0186,13.57,6.960690498352051
0186,14.856666666666666,8.391877174377441
0186,14.666666666666666,8.410486221313477
0186,15.32,8.681097030639648
0186,11.286666666666669,7.134840488433838
0186,13.526666666666667,7.868658065795898
0186,11.541666666666666,7.322330474853516
0186,15.016666666666667,7.759517669677734
0186,11.581666666666669,7.509226322174072
0186,13.741666666666667,9.049501419067383
0186,14.431666666666668,8.68071174621582
0186,10.923333333333334,5.037450790405273
0186,14.356666666666666,9.118539810180664
0186,15.25,8.496648788452148
0186,13.236666666666668,6.209752559661865
0186,14.823333333333332,8.68071174621582
0186,14.478333333333332,7.881339073181152
0186,11.976666666666668,6.713735580444336
0186,10.765,8.005473136901855
0186,14.803333333333336,7.971282005310059
0186,11.286666666666669,5.967411518096924
0186,16.571666666666665,9.0341157913208
0186,11.745,7.980376720428467
0186,11.786666666666669,6.650016784667969
0186,10.45,6.095475196838379
0186,9.991666666666667,7.590206623077393
0186,11.236666666666668,6.276890277862549
0186,10.706666666666669,5.98582649230957
0186,10.363333333333332,6.326471328735352
0186,11.121666666666666,6.397668838500977
0186,14.1,6.545497417449951
0186,10.985,6.667052745819092
0186,14.348333333333333,8.363618850708008
0186,12.803333333333336,4.670236110687256
0186,11.48,6.736413478851318
0186,10.728333333333332,3.71280837059021
0186,11.13,9.094572067260742
0186,13.198333333333332,8.074634552001953
0186,11.611666666666668,9.203052520751953
0186,12.285,7.083432674407959
0186,20.451666666666664,9.89016342163086
0186,11.451666666666666,7.952215194702148
0186,11.875,6.804444313049316
0186,11.37,5.823521137237549
0186,10.933333333333334,5.9038496017456055
0186,11.633333333333333,7.98136568069458
0186,11.931666666666668,8.264954566955566
0186,9.178333333333336,2.5358948707580566
0186,12.068333333333332,4.38438081741333
0186,9.583333333333334,2.0895838737487793
0186,15.015,9.060169219970703
0186,11.823333333333332,5.087270736694336
0186,13.45,6.864567756652832
0186,13.125,9.02729320526123
0186,10.861666666666668,6.388672828674316
0186,12.01,3.948593854904175
0186,9.77,2.5812458992004395
0186,13.956666666666669,9.764189720153809
0186,11.635,4.594490051269531
0186,10.946666666666664,7.696429252624512
0186,11.958333333333334,6.313270092010498
0186,11.938333333333333,8.984325408935547
0186,11.918333333333331,9.102317810058594
0186,10.693333333333332,8.209775924682617
0186,12.253333333333334,4.9217915534973145
0186,16.185,8.589226722717285
0186,12.528333333333334,7.005019664764404
0186,15.845,8.493297576904297
0186,14.211666666666668,8.123689651489258
0186,17.348333333333336,8.422067642211914
0186,11.978333333333332,7.539542198181152
0186,12.121666666666666,6.945861339569092
0186,12.88,7.274251937866211
0186,12.381666666666666,6.8263702392578125
0186,13.778333333333334,7.874904632568359
0186,12.956666666666669,7.400320053100586
0186,13.0,6.874765872955322
0186,10.026666666666667,8.509743690490723
0186,11.033333333333331,5.182855129241943
0186,11.578333333333337,4.988560676574707
0186,11.95,4.413139343261719
0186,10.86,4.651290416717529
0186,1.515,5.874897003173828
0186,1.51,5.626227855682373
0186,11.281666666666666,5.08534574508667
0186,11.465,5.449255466461182
0186,11.943333333333332,4.832442760467529
0186,1.535,6.121588230133057
0186,13.863333333333332,8.127991676330566
0186,11.178333333333336,4.331692218780518
0186,13.931666666666668,7.314733028411865
0186,13.038333333333332,6.750335693359375
0186,11.305,4.738990306854248
0186,11.891666666666667,6.345333099365234
0186,1.43,4.692475318908691
0186,9.57,6.247934341430664
0186,9.441666666666666,4.471680641174316
0186,12.273333333333332,7.368706226348877
0186,12.418333333333331,6.27919340133667
0186,10.846666666666666,4.588026523590088
0186,12.361666666666668,8.640609741210938
0186,11.533333333333331,9.164898872375488
0186,12.78,5.700390338897705
0186,13.363333333333332,5.093544960021973
0186,10.236666666666668,5.83760929107666
0186,11.041666666666666,5.751700401306152
0186,12.611666666666668,10.528796195983887
0186,12.858333333333333,6.336096286773682
0186,14.376666666666669,10.02744197845459
0186,12.673333333333334,7.190776824951172
0186,11.813333333333333,5.314371109008789
0186,14.508333333333333,8.270355224609375
0186,10.801666666666668,6.511474132537842
0186,13.336666666666668,9.212265014648438
0186,10.06,4.898299694061279
0186,10.695,5.092876434326172
0186,12.061666666666667,6.30021858215332
0186,10.123333333333331,5.798317909240723
0186,14.405,7.797156810760498
0186,14.2,7.285979270935059
0186,12.753333333333334,5.089168071746826
0186,13.886666666666668,4.769704341888428
0186,12.848333333333333,6.582032680511475
0186,12.855,5.843247413635254
0186,12.141666666666667,5.7302069664001465
0186,12.148333333333332,5.409696578979492
0186,13.941666666666666,7.017178535461426
0186,12.176666666666668,4.992734909057617
0186,15.335,5.332329273223877
0186,15.243333333333334,7.206087112426758
0186,13.1,6.542344093322754
0186,15.911666666666669,5.60997200012207
0186,13.9,7.3693461418151855
0186,15.75,5.2864274978637695
0186,14.188333333333333,7.493648529052734
0186,14.686666666666667,5.741072654724121
0186,14.881666666666666,4.832761764526367
0186,13.581666666666669,4.233288288116455
0186,9.78,4.6534881591796875
0186,9.458333333333334,5.614380359649658
0186,9.531666666666666,6.889839172363281
0186,14.495,7.74666690826416
0186,15.365,8.33492374420166
0186,12.256666666666666,7.797156810760498
0186,11.31,6.289381504058838
0186,10.3,5.581541538238525
0186,10.486666666666668,4.591122627258301
0186,1.9733333333333327,4.022736072540283
0186,10.801666666666668,5.290696620941162
0186,9.911666666666669,6.476836681365967
0186,10.353333333333332,4.451733589172363
0186,1.5066666666666668,6.057305335998535
0186,9.606666666666666,3.925163745880127
0186,1.495,4.290063381195068
0186,1.4366666666666668,3.033440113067627
0186,12.75,5.826364517211914
0186,12.173333333333334,7.262749195098877
0186,17.58833333333333,9.057883262634277
0186,15.608333333333333,7.545228481292725
0186,16.529999999999998,7.051612854003906
0186,12.641666666666667,6.78128719329834
0186,15.615,7.418918132781982
0186,12.176666666666668,5.672526836395264
0186,13.301666666666668,6.570108890533447
0186,12.343333333333334,6.003500938415527
0186,13.83,8.145581245422363
0186,12.301666666666668,6.00899076461792
0186,14.718333333333334,7.055648326873779
0186,16.529999999999998,7.051612854003906
0186,17.08,8.239692687988281
0186,13.663333333333332,7.519818305969238
0186,11.863333333333332,5.798617839813232
0186,11.935,7.30636739730835
0186,13.211666666666668,5.9712815284729
0186,12.113333333333332,6.389577388763428
0186,12.975,6.214264392852783
0186,14.495,6.074337482452393
0186,11.745,5.822587490081787
0186,10.941666666666666,5.639675617218018
0186,13.785,6.906092643737793
0186,12.861666666666668,7.990086078643799
0186,13.25,6.498540878295898
0186,12.658333333333331,7.145571708679199
0186,13.965,6.49280309677124
0186,12.965,7.1430535316467285
0186,13.583333333333334,6.8720784187316895
0186,14.166666666666666,6.943432331085205
0186,12.006666666666666,5.385423183441162
0186,11.013333333333332,6.370102405548096
0186,12.166666666666666,6.405601501464844
0186,12.681666666666668,5.883993148803711
0186,11.578333333333337,5.907567501068115
0186,11.208333333333334,4.3667988777160645
0186,12.066666666666666,6.361123561859131
0186,9.383333333333333,5.9306488037109375
0186,13.94,8.658193588256836
0186,1.5616666666666668,6.186277389526367
0186,1.4583333333333333,5.908876895904541
0186,11.301666666666668,6.500531196594238
0186,17.81,8.581263542175293
0186,11.258333333333333,6.014064311981201
0186,13.675,7.697736740112305
0186,13.966666666666669,7.004586219787598
0186,14.3,7.401466369628906
0186,14.803333333333336,7.069600582122803
0186,13.675,8.47091007232666
0186,13.05,6.351369857788086
0186,14.145,7.542232036590576
0186,9.881666666666666,6.094262599945068
0186,11.186666666666667,5.659891605377197
0186,12.545,6.022620677947998
0186,12.805,6.862971305847168
0186,12.05,6.281731605529785
0186,11.931666666666668,5.5931267738342285
0186,9.521666666666668,7.087640762329102
0186,10.598333333333333,6.258994102478027
0186,11.211666666666668,5.182855129241943
0186,11.323333333333332,6.229783535003662
0186,11.043333333333331,6.317506790161133
0186,13.778333333333334,5.692165374755859
0186,10.975,4.758944988250732
0186,10.71,7.4564690589904785
0186,14.23,5.705086708068848
0186,14.105,8.286534309387207
0186,12.635,6.351369857788086
0186,12.738333333333332,6.996650695800781
0186,14.23,5.705086708068848
0186,12.766666666666667,6.977051258087158
0186,14.271666666666668,7.199984073638916
0186,13.858333333333333,7.398321151733398
0186,14.001666666666669,7.317636966705322
0186,10.256666666666666,5.947448253631592
0186,14.716666666666669,8.415886878967285
0186,10.68,6.049060821533203
0186,11.263333333333332,4.331692218780518
0186,10.443333333333332,6.107395172119141
0186,14.255,7.445868492126465
0186,9.36,6.158851623535156
0186,11.66,6.259617805480957
0186,1.495,5.657653331756592
0186,13.94,8.01404094696045
0186,14.44,7.069600582122803
0186,14.655,7.42951774597168
0186,11.956666666666669,6.142882823944092
0186,11.956666666666669,6.220754146575928
0186,9.251666666666669,6.485370635986328
0186,13.786666666666669,7.678432941436768
0186,12.39,6.270747661590576
0186,13.786666666666669,8.012747764587402
0186,14.73,6.812821388244629
0186,16.958333333333332,8.441072463989258
0186,12.223333333333333,5.798617839813232
0186,10.983333333333333,5.64536714553833
0186,13.035,6.4752421379089355
0186,14.728333333333332,6.604049205780029
0186,11.926666666666668,4.988560676574707
0186,11.821666666666664,5.589268207550049
0186,12.526666666666667,7.019546985626221
0186,10.97,6.839666843414307
0186,13.035,6.854188442230225
0186,12.155,7.503506660461426
0186,12.196666666666664,6.500531196594238
0186,14.786666666666669,7.176045894622803
0186,10.778333333333334,4.2870659828186035
0186,10.75,6.379547119140625
0186,13.031666666666666,6.4752421379089355
0186,9.016666666666667,5.5915751457214355
0186,1.5566666666666669,5.350862979888916
0186,12.621666666666666,7.031076431274414
0186,12.698333333333332,7.5608086585998535
0186,11.291666666666666,5.885146617889404
0186,15.648333333333332,7.913357257843018
0186,14.358333333333333,7.068824768066406
0186,15.648333333333332,7.102838039398193
0186,13.826666666666666,8.409905433654785
0186,14.236666666666668,8.186903953552246
0186,15.648333333333332,7.089319229125977
0186,11.318333333333332,7.473681449890137
0186,17.253333333333334,8.441072463989258
0186,15.633333333333333,8.487948417663574
0186,9.475,6.527273654937744
0186,13.075,6.895784378051758
0186,13.221666666666666,7.257623195648193
0186,13.215,6.513576507568359
0186,14.605,7.327630519866943
0186,15.826666666666666,8.37585735321045
0186,12.19,8.673189163208008
0186,10.321666666666664,5.564230442047119
0186,16.521666666666665,8.18110466003418
0186,11.69,6.060503005981445
0186,17.06,8.431251525878906
0186,18.64,8.035367965698242
0186,10.323333333333332,5.841986179351807
0186,14.72,8.488762855529785
0186,8.65,5.908876895904541
0186,9.591666666666669,6.688293933868408
0186,13.478333333333332,8.386995315551758
0186,17.948333333333334,8.487529754638672
0186,12.585,7.268136024475098
0186,12.835,6.8599066734313965
0186,14.281666666666666,7.660606384277344
0186,14.511666666666668,5.90203857421875
0186,13.251666666666669,7.697736740112305
0186,14.511666666666668,6.826340198516846
0186,17.868333333333332,8.663912773132324
0186,13.988333333333332,7.218186855316162
0186,11.103333333333332,5.5295186042785645
0186,12.731666666666666,6.862971305847168
0186,12.933333333333334,7.212695121765137
0186,15.351666666666668,7.48486852645874
0186,13.24,5.82796573638916
0186,12.961666666666668,7.387337684631348
0186,11.23,6.875771999359131
0186,14.376666666666669,7.849509239196777
0186,12.285,6.968807220458984
0186,14.405,7.178473472595215
0186,12.201666666666666,7.011375427246094
0186,15.12,8.58105182647705
0186,16.408333333333335,8.39101791381836
0186,10.076666666666666,5.545226097106934
0186,9.915,4.473934173583984
0186,13.893333333333334,5.535806179046631
0186,11.63,6.229783535003662
0186,11.671666666666663,5.78701639175415
0186,13.893333333333334,5.535806179046631
0186,13.206666666666669,6.2627272605896
0186,12.728333333333332,6.767482757568359
0186,14.028333333333334,7.069058895111084
0186,13.651666666666667,6.906092643737793
0186,14.198333333333332,7.4486470222473145
0186,12.58,6.6646246910095215
0186,13.875,7.880717754364014
0186,10.54,4.191629886627197
0186,10.033333333333331,6.69913911819458
0186,13.11,7.277688980102539
0186,12.565,5.966366767883301
0186,9.683333333333334,6.059734344482422
0186,17.291666666666668,8.671257019042969
0186,12.933333333333334,6.629983425140381
0186,11.315,5.438874244689941
0186,13.608333333333333,5.4946675300598145
0186,13.406666666666666,7.459257125854492
0186,15.72,5.978033542633057
0186,13.246666666666666,6.842466831207275
0186,11.273333333333332,4.650269031524658
0186,12.773333333333332,7.124049186706543
0186,12.148333333333332,6.277273178100586
0186,15.72,5.97374963760376
0186,12.738333333333332,7.184227466583252
0186,1.596666666666667,5.7521562576293945
0186,16.081666666666667,8.536219596862793
0186,9.486666666666668,6.125511169433594
0186,11.913333333333332,7.4502692222595215
0186,15.586666666666668,8.4265718460083
0186,12.516666666666667,6.789004802703857
0186,13.711666666666668,7.733581066131592
0186,13.286666666666669,7.972674369812012
0186,18.38833333333333,8.848650932312012
0186,13.176666666666668,6.235734462738037
0186,9.521666666666668,5.65330696105957
0186,11.186666666666667,6.914318561553955
0186,12.615,8.747021675109863
0186,13.233333333333333,8.035933494567871
0186,13.018333333333334,6.498540878295898
0186,13.685,7.849509239196777
0186,11.228333333333332,7.865373611450195
0186,16.596666666666668,8.239692687988281
0186,13.69,8.30025577545166
0186,15.228333333333332,7.089319229125977
0186,1.5433333333333332,5.908876895904541
0186,1.403333333333333,5.98044490814209
0186,10.235,5.950240612030029
0186,11.678333333333336,7.4564690589904785
0186,12.74,6.671612739562988
0186,12.74,7.515018463134766
0186,12.335,7.502420425415039
0186,10.506666666666666,5.050368785858154
0186,10.151666666666667,6.0605621337890625
0186,12.131666666666666,6.007104873657227
0186,1.345,5.7377471923828125
0186,1.3666666666666667,7.0755157470703125
0186,13.091666666666669,7.714539051055908
0186,12.3,8.241047859191895
0186,12.775,6.221575736999512
0186,10.463333333333331,6.003500938415527
0186,13.553333333333336,6.306457996368408
0186,10.998333333333331,6.060503005981445
0186,11.046666666666663,5.267824172973633
0186,11.761666666666668,7.758415222167969
0186,13.205,5.809610843658447
0186,11.831666666666669,7.303024768829346
0186,10.38,5.9781904220581055
0186,13.205,5.809610843658447
0186,1.3916666666666666,3.812791585922241
0186,9.2,5.702625751495361
0186,10.801666666666668,6.000598430633545
0186,10.57,6.953944206237793
0186,13.081666666666669,8.6904935836792
0186,10.015,7.762996196746826
0186,11.856666666666666,7.377985000610352
0186,10.988333333333332,6.716413497924805
0186,9.735,7.297956943511963
0186,9.626666666666669,7.2026166915893555
0186,9.663333333333332,7.2590250968933105
0186,11.623333333333331,7.65122127532959
0186,12.331666666666669,8.200182914733887
0186,11.036666666666669,7.128131866455078
0186,11.975,7.423372745513916
0186,10.901666666666667,7.303138256072998
0186,11.851666666666668,7.9913649559021
0186,10.69,7.370585918426514
0186,11.415,8.382706642150879
0186,10.446666666666664,7.077935218811035
0186,9.826666666666666,6.411203384399414
0186,11.296666666666663,6.035824298858643
0186,13.346666666666666,8.245922088623047
0186,11.805,8.987091064453125
0186,10.14,4.7912278175354
0186,9.398333333333332,5.237959384918213
0186,9.148333333333332,4.5357584953308105
0186,9.495,4.178126811981201
0186,9.238333333333332,4.743063449859619
0186,8.786666666666667,4.619836807250977
0186,10.293333333333331,4.67286491394043
0186,1.9666666666666663,4.217474460601807
0186,1.538333333333333,4.882465839385986
0186,10.001666666666669,4.026917457580566
0186,1.6766666666666663,4.916543960571289
0186,10.036666666666669,4.430708885192871
0186,10.648333333333332,5.021472930908203
0186,1.4766666666666666,3.112896203994751
0186,1.5450000000000002,6.933656215667725
0186,1.5033333333333334,3.6606521606445312
0186,9.925,4.269076824188232
0186,1.6700000000000002,6.178613662719727
0186,9.55,3.961623430252075
0186,10.12,5.208924770355225
0186,9.976666666666668,5.26522970199585
0186,10.511666666666668,4.325264930725098
0186,1.9183333333333328,2.8138248920440674
0186,9.613333333333332,4.434728622436523
0186,9.46,4.95216178894043
0186,1.4516666666666669,5.474371433258057
0186,10.386666666666668,5.770052433013916
0186,1.8683333333333327,5.200816631317139
0186,9.536666666666669,5.667374610900879
0186,9.425,3.93070912361145
0186,9.668333333333331,4.210666656494141
0186,10.925,4.742532253265381
0186,9.486666666666668,4.918215751647949
0186,10.418333333333331,5.392236232757568
0186,9.05,4.124781608581543
0186,9.64,4.658663272857666
0186,9.605,4.347987651824951
0186,9.64,4.514937877655029
0186,9.556666666666668,5.396461486816406
0186,8.889999999999999,3.703023910522461
0186,1.4733333333333334,3.29610013961792
0186,1.5483333333333331,5.427643299102783
0186,11.431666666666668,6.2470622062683105
0186,1.445,4.442559242248535
0186,1.6316666666666668,5.504203796386719
0186,10.25,4.467225551605225
0186,1.6116666666666668,5.051381587982178
0186,10.431666666666668,5.532495498657227
0186,9.035,6.178537368774414
0186,9.48,3.840139389038086
0186,9.98,4.877540588378906
0186,1.3616666666666668,5.100386142730713
0186,9.396666666666668,4.249606609344482
0186,1.5,3.69275164604187
0186,11.591666666666669,4.621409893035889
0186,9.168333333333331,4.923671245574951
0186,1.3083333333333331,3.5519516468048096
0186,1.5216666666666667,4.3747758865356445
0186,9.55,4.108847618103027
0186,8.951666666666666,5.470244884490967
0186,1.5366666666666666,4.277830123901367
0186,1.528333333333333,4.435938835144043
0186,8.938333333333333,3.45253324508667
0186,1.62,4.606616497039795
0186,1.403333333333333,4.529147624969482
0186,10.961666666666668,4.01099157333374
0186,1.5633333333333332,5.579291820526123
0186,9.46,3.2333970069885254
0186,1.4666666666666666,4.511710166931152
0186,10.496666666666666,5.040698051452637
0186,9.7,4.618332386016846
0186,10.196666666666664,4.621139049530029
0186,9.576666666666666,3.9560739994049072
0186,9.706666666666669,3.413032054901123
0186,13.313333333333333,5.894346237182617
0186,11.74,4.6256422996521
0186,12.238333333333332,7.567327499389648
0186,11.738333333333332,6.3359479904174805
0186,12.203333333333337,4.3938822746276855
0186,9.82,6.3619160652160645
0186,10.136666666666668,5.705967903137207
0186,9.82,6.403792381286621
0186,11.511666666666668,5.323472023010254
0186,10.268333333333334,5.324173927307129
0186,11.393333333333334,7.489662170410156
0186,13.01,7.424956321716309
0186,17.146666666666665,7.519485950469971
0186,11.575,5.867347717285156
0186,9.961666666666668,4.727407932281494
0186,16.156666666666666,6.334315299987793
0186,11.731666666666666,6.267868995666504
0186,1.6383333333333332,4.271340370178223
0186,10.311666666666667,5.851966857910156
0186,10.895,3.803037643432617
0186,11.305,8.612103462219238
0186,1.61,5.4705119132995605
0186,1.5833333333333333,4.786003112792969
0186,1.5266666666666666,3.76301908493042
0186,1.7283333333333333,4.379411220550537
0186,1.66,3.9001173973083496
0186,1.4933333333333332,4.481936454772949
0186,10.52,5.695671558380127
0186,1.52,4.874645709991455
0186,1.535,2.8401296138763428
0186,8.731666666666666,4.422080993652344
0186,8.731666666666666,4.525756359100342
0186,9.985,4.559486389160156
0186,1.5266666666666666,3.2184090614318848
0186,10.988333333333332,6.292360305786133
0186,12.83,6.769245624542236
0186,10.411666666666669,5.477411270141602
0186,11.3,6.365506649017334
0186,10.285,5.869372844696045
0186,16.313333333333333,6.476419448852539
0186,14.04,7.037048816680908
0186,16.988333333333333,6.476419448852539
0186,9.536666666666669,5.4480133056640625
0186,10.078333333333337,5.2296061515808105
0186,10.878333333333334,6.875611305236816
0186,15.505,7.450099468231201
0186,10.503333333333334,7.039162635803223
0186,9.578333333333337,5.647116184234619
0186,10.503333333333334,6.833641529083252
0186,17.605,6.7815985679626465
0186,17.336666666666666,6.476419448852539
0186,17.605,6.795117378234863
0186,9.29,5.647070407867432
0186,1.4316666666666669,4.755540370941162
0186,11.425,5.358111381530762
0186,1.355,6.7533183097839355
0186,1.46,4.1385369300842285
0186,9.29,6.376466274261475
0186,9.75,6.2215704917907715
0186,1.4883333333333333,4.1356916427612305
0186,1.3833333333333333,4.529147624969482
0186,10.333333333333334,3.907360553741455
0186,11.633333333333333,4.222471237182617
0186,11.056666666666668,6.183159828186035
0186,9.47,4.911793231964111
0186,10.576666666666666,4.471141815185547
0186,9.185,6.298329830169678
0186,1.4666666666666666,3.789008140563965
0186,9.171666666666663,4.824138641357422
0186,1.615,3.5181846618652344
0186,10.301666666666668,5.003080368041992
0186,11.636666666666668,4.046336650848389
0186,9.436666666666667,3.7711620330810547
0186,9.215,5.077306747436523
0186,1.4483333333333337,4.181881904602051
0186,13.918333333333331,5.367168426513672
0186,10.308333333333334,4.796079635620117
0186,12.066666666666666,9.091672897338867
0186,1.615,4.899993896484375
0186,1.5733333333333337,3.660452127456665
0186,1.5799999999999998,4.63648796081543
0186,9.966666666666669,5.811539649963379
0186,10.37,7.697786808013916
0186,16.871666666666666,7.010712623596191
0186,1.596666666666667,4.254108905792236
0186,9.993333333333334,5.807525157928467
0186,11.473333333333333,4.597811222076416
0186,1.285,3.6849660873413086
0186,1.8766666666666665,4.465031623840332
0186,10.041666666666666,4.795459270477295
0186,1.5333333333333334,4.512815475463867
0186,1.45,4.252943515777588
0186,10.02,4.312148571014404
0186,9.285,7.40762186050415
0186,12.193333333333332,4.856257438659668
0186,9.221666666666666,4.84497594833374
0186,12.628333333333334,4.723287105560303
0186,1.38,5.067596912384033
0186,10.871666666666666,5.114053726196289
0186,9.478333333333332,3.8924200534820557
0186,10.691666666666666,4.987158298492432
0186,10.476666666666668,4.2267069816589355
0186,9.488333333333332,5.297675609588623
0186,9.53,5.260904312133789
0186,10.24,6.274190425872803
0186,13.146666666666668,7.3758368492126465
0186,9.833333333333334,7.497724533081055
0186,16.736666666666668,7.1872100830078125
0186,9.591666666666669,4.049915790557861
0186,9.265,4.674876689910889
0186,13.591666666666669,5.057546138763428
0186,9.321666666666664,4.92498254776001
0186,8.828333333333335,3.213820219039917
0186,9.62,4.506728649139404
0186,9.855,5.829513072967529
0186,1.43,4.692034721374512
0186,9.146666666666668,5.214693546295166
0186,9.715,5.238007545471191
0186,11.096666666666666,5.509778022766113
0186,9.435,4.539865016937256
0186,11.326666666666666,4.976113319396973
0186,12.476666666666668,7.528433322906494
0186,16.368333333333332,7.006575584411621
0186,12.385,5.349681377410889
0186,8.791666666666666,3.9911863803863525
0186,9.563333333333333,4.539865016937256
0186,9.64,4.61089563369751
0186,12.468333333333334,7.424956321716309
0186,13.821666666666664,7.671295166015625
0186,10.556666666666668,6.15592098236084
0186,16.74833333333333,7.909173488616943
0186,11.413333333333332,5.777923107147217
0186,11.49,6.355865001678467
0186,11.695,5.713337421417236
0186,12.348333333333333,6.1040754318237305
0186,12.068333333333332,6.355865001678467
0186,13.333333333333334,6.2505903244018555
0186,11.451666666666666,6.453351020812988
0186,9.966666666666669,5.869372844696045
0186,19.26833333333333,8.185669898986816
0186,15.77,6.947549819946289
0186,13.738333333333332,6.0729193687438965
0186,11.541666666666666,7.467710971832275
0186,10.378333333333334,5.071740627288818
0186,12.068333333333332,6.97005033493042
0186,10.926666666666668,5.417349338531494
0186,10.308333333333334,7.449824333190918
0186,17.4,6.948022842407227
0186,17.83833333333333,7.461892127990723
0186,17.83833333333333,7.2000274658203125
0186,17.83833333333333,7.103422164916992
0186,11.381666666666666,6.921981334686279
0186,10.115,5.051241874694824
0186,9.651666666666667,4.877565860748291
0186,9.721666666666666,5.028532028198242
0186,1.5333333333333334,4.221980571746826
0186,10.086666666666668,5.670306205749512
0186,11.826666666666666,5.805566787719727
0186,9.823333333333332,4.340476989746094
0186,1.5266666666666666,4.854805946350098
0186,1.43,4.156454563140869
0186,1.4233333333333331,5.63949728012085
0186,1.4566666666666668,4.594858169555664
0186,11.691666666666666,6.798910617828369
0186,14.153333333333334,7.418368816375732
0186,13.738333333333332,7.277276992797852
0186,11.513333333333332,6.245375633239746
0186,9.595,6.008457660675049
0186,9.758333333333333,5.957217216491699
0186,10.091666666666669,6.417557716369629
0186,10.175,6.484735012054443
0186,9.743333333333334,4.539865016937256
0186,9.581666666666669,5.0897536277771
0186,10.341666666666669,4.90628719329834
0186,13.391666666666667,7.424956321716309
0186,14.001666666666669,7.480119228363037
0186,9.903333333333334,4.510189056396484
0186,11.885,7.401144504547119
0186,11.596666666666666,5.183371067047119
0186,14.288333333333332,7.204299449920654
0186,15.886666666666668,6.926687717437744
0186,13.195,6.784883499145508
0186,9.816666666666666,5.869372844696045
0186,11.005,6.612727642059326
0186,10.458333333333334,6.855597496032715
0186,16.721666666666668,7.198609828948975
0186,19.043333333333333,8.832982063293457
0186,16.065,7.24910306930542
0186,10.69,7.491674900054932
0186,11.675,5.036612033843994
0186,9.343333333333334,4.5192437171936035
0186,10.515,6.2278218269348145
0186,16.53666666666667,6.926687717437744
0186,12.116666666666667,7.326934337615967
0186,10.168333333333331,5.869372844696045
0186,10.96,6.1181230545043945
0186,9.96,5.663392543792725
0186,16.673333333333332,6.476419448852539
0186,18.10333333333333,7.023530006408691
0186,14.535,6.9303879737854
0186,11.775,5.697157382965088
0186,9.346666666666666,7.191723823547363
0186,10.555,5.176663398742676
0186,11.99,7.4663238525390625
0186,16.53666666666667,7.480119228363037
0186,9.743333333333334,4.770781993865967
0186,12.553333333333336,7.294098377227783
0186,9.91,4.771664619445801
0186,10.013333333333332,5.648831367492676
0186,11.23,7.14068603515625
0186,11.933333333333334,6.576452255249023
0186,9.778333333333334,4.2783894538879395
0186,10.201666666666666,6.531216621398926
0186,11.021666666666668,7.576909065246582
0186,12.141666666666667,7.6975908279418945
0186,12.955,7.507547378540039
0186,10.938333333333333,5.820358753204346
0186,15.31,6.226787567138672
0186,11.558333333333334,5.697157382965088
0186,12.661666666666669,7.494349956512451
0186,10.296666666666663,5.633784770965576
0186,1.46,3.740540027618408
0186,10.02,5.64935302734375
0186,9.603333333333332,3.2278194427490234
0186,1.4183333333333332,4.138160228729248
0186,9.805,5.920849800109863
0186,1.46,3.978706121444702
0186,9.491666666666667,6.04725980758667
0186,1.4733333333333334,4.255314826965332
0186,1.5433333333333332,4.555654048919678
0186,10.87,5.326536178588867
0186,10.841666666666669,5.383817195892334
0186,9.568333333333332,5.894665718078613
0186,9.443333333333332,7.07529878616333
0186,11.113333333333332,4.672486305236816
0186,1.515,5.00601053237915
0186,10.151666666666667,4.219358444213867
0186,9.275,6.455244541168213
0186,10.145,5.404319763183594
0186,13.435,6.563325881958008
0186,1.4933333333333332,4.146543025970459
0186,9.303333333333336,6.580686569213867
0186,1.46,3.8557374477386475
0186,10.728333333333332,6.129859924316406
0186,11.798333333333334,5.561923027038574
0186,11.375,5.368292808532715
0186,13.318333333333332,4.354160785675049
0186,10.985,7.67280912399292
0186,16.401666666666667,8.164715766906738
0186,15.948333333333332,7.061617851257324
0186,14.15,5.731443405151367
0186,11.548333333333334,5.254939079284668
0186,17.488333333333333,6.862606525421143
0186,10.723333333333333,4.25206995010376
0186,11.753333333333334,6.290414333343506
0186,9.85,5.842456817626953
0186,1.6016666666666666,4.639248371124268
0186,9.975,7.624809265136719
0186,10.528333333333334,6.716538429260254
0186,9.828333333333337,4.883666038513184
0186,8.981666666666666,3.7978694438934326
0186,10.12,5.228343486785889
0186,9.716666666666669,4.751704692840576
0186,8.718333333333334,4.92232084274292
0186,1.52,4.501676559448242
0186,9.856666666666666,6.281278610229492
0186,10.363333333333332,6.072165489196777
0186,9.405,4.56852388381958
0186,9.37,4.1969218254089355
0186,11.025,5.511199474334717
0186,12.665,7.507547378540039
0186,10.403333333333334,5.149056911468506
0186,12.938333333333333,6.886474609375
0186,13.81,6.802023887634277
0186,13.416666666666666,7.178702354431152
0186,10.323333333333332,5.476388454437256
0186,9.271666666666668,4.337732791900635
0186,13.478333333333332,5.319876670837402
0186,10.275,6.143378734588623
0186,11.863333333333332,3.7156317234039307
0186,9.508333333333333,4.231812477111816
0186,10.275,5.746710300445557
0186,16.195,7.010712623596191
0186,12.33,7.576909065246582
0186,17.02,7.063480854034424
0186,16.195,7.010712623596191
0186,9.91,6.506839275360107
0186,9.833333333333334,5.093351364135742
0186,1.535,4.894959926605225
0186,1.425,4.208669185638428
0186,1.4866666666666668,3.946514129638672
0186,1.4733333333333334,3.6667425632476807
0186,9.91,6.345850944519043
0186,8.868333333333334,5.086847305297852
0186,1.6183333333333332,5.049408912658691
0186,9.826666666666666,5.202807426452637
0186,1.5633333333333332,6.742516040802002
0186,1.48,5.585487365722656
0186,9.41,4.59025764465332
0186,9.535,5.273944854736328
0186,9.27,3.7861905097961426
0186,8.608333333333333,3.9791452884674072
0186,10.175,4.472843170166016
0186,1.403333333333333,4.717146396636963
0186,9.201666666666666,4.897739887237549
0186,9.595,4.995100021362305
0186,10.84,6.446845054626465
0186,9.641666666666667,5.604179382324219
0186,10.571666666666664,7.773833274841309
0186,14.221666666666666,6.953971862792969
0186,11.518333333333334,7.1907806396484375
0186,9.676666666666668,6.7178168296813965
0186,9.99,6.1181230545043945
0186,9.93,6.773216247558594
0186,16.296666666666667,6.571270942687988
0186,15.168333333333331,6.476419448852539
0186,15.601666666666668,6.384220600128174
0186,15.01,7.480119228363037
0186,9.613333333333332,5.652063369750977
0186,12.873333333333331,8.132866859436035
0186,10.625,5.254939079284668
0186,10.958333333333334,6.769245624542236
0186,11.381666666666666,5.710045337677002
0186,8.43,4.688397407531738
0186,9.421666666666663,4.614936828613281
0186,9.213333333333331,3.828996181488037
0186,8.998333333333333,4.31505823135376
0186,1.415,4.643803119659424
0186,9.553333333333336,5.167830944061279
0186,1.3183333333333331,4.74946403503418
0186,10.513333333333332,7.337161540985107
0186,10.108333333333333,4.777182579040527
0186,12.705,6.92392110824585
0186,9.59,6.1573166847229
0186,10.178333333333336,6.115625858306885
0186,11.973333333333333,7.128210544586182
0186,12.175,7.377652168273926
0186,12.361666666666668,7.71959114074707
0186,12.096666666666666,5.299530029296875
0186,16.898333333333333,8.518735885620117
0186,10.011666666666668,5.5517802238464355
0186,11.056666666666668,6.349985599517822
0186,9.726666666666668,5.3867058753967285
0186,9.651666666666667,4.657871246337891
0186,11.376666666666669,6.436391830444336
0186,12.045,6.345855712890625
0186,12.211666666666668,7.64304256439209
0186,10.226666666666668,5.617450714111328
0186,10.87,6.963788032531738
0186,11.38,8.383001327514648
0186,12.538333333333332,7.574079513549805
0186,1.5333333333333334,7.798516273498535
0186,9.068333333333332,6.488779544830322
0186,9.103333333333332,6.632657051086426
0186,10.565,8.83211898803711
0186,1.3983333333333334,5.256758213043213
0186,9.701666666666666,5.746913909912109
0186,11.038333333333332,5.822415351867676
0186,12.403333333333334,8.157175064086914
0186,12.075,6.171833038330078
0186,10.64,6.493392467498779
0186,10.548333333333334,5.167535305023193
0186,11.05,6.47596549987793
0186,1.365,4.855615139007568
0186,14.64,8.590928077697754
0186,13.095,9.336088180541992
0186,11.46,7.684216499328613
0186,11.626666666666669,6.5455780029296875
0186,11.036666666666669,7.455151081085205
0186,12.253333333333334,7.869123458862305
0186,9.943333333333332,6.445459365844727
0186,9.505,5.989493370056152
0186,13.026666666666667,7.682756423950195
0186,12.35,5.858675003051758
0186,13.701666666666666,7.809081077575684
0186,15.773333333333332,9.673645973205566
0186,10.885,4.296807289123535
0186,10.803333333333336,4.738034725189209
0186,13.065,7.5760297775268555
0186,10.061666666666667,4.683568000793457
0383,4.36,4.132406234741211
0383,8.42,8.694933891296387
0383,13.96,9.349559783935547
0383,9.74,9.16392707824707
0383,6.61,9.77749252319336
0383,9.89,9.298948287963867
0383,10.16,6.272536277770996
0383,13.1,10.064800262451172
0383,9.22,9.59386157989502
0383,3.84,3.2744297981262207
0383,10.89,8.858668327331543
0383,6.06,5.806052207946777
0383,5.01,7.9213032722473145
0383,3.68,6.898922443389893
0383,4.46,7.4959540367126465
0383,7.61,9.43986701965332
0383,6.99,9.087346076965332
0383,10.16,7.909495830535889
0383,12.51,9.315869331359863
0383,4.98,5.785337448120117
0383,12.36,9.393754959106445
0383,4.09,4.470653533935547
0383,10.84,10.188526153564453
0383,13.64,9.820775985717773
0383,13.36,9.820775985717773
0383,7.94,10.548172950744629
0383,10.89,10.054996490478516
0383,6.56,4.847529888153076
0383,10.64,9.027411460876465
0383,8.48,9.291146278381348
0383,5.74,7.111278533935547
0383,3.36,6.468582630157471
0383,3.67,4.312617778778076
0383,13.69,9.47280502319336
0383,8.63,6.869564056396484
0383,6.64,8.408623695373535
0383,6.54,7.477785587310791
0383,10.26,9.812636375427246
0383,9.58,10.141124725341797
0383,5.74,5.407934665679932
0383,4.91,6.5795745849609375
0383,11.26,8.146690368652344
0383,12.07,6.52216100692749
0383,7.86,9.660531044006348
0383,9.91,8.537557601928711
0383,13.24,9.47280502319336
0383,10.0,9.406586647033691
0383,6.32,6.8140788078308105
0383,5.74,7.2761969566345215
0383,9.37,8.822623252868652
0383,5.55,8.758538246154785
0383,4.3,4.047471046447754
0383,10.63,9.877567291259766
0383,11.47,9.538569450378418
0383,3.59,3.7030253410339355
0383,4.63,5.755902290344238
0383,14.41,9.744441986083984
0383,10.84,9.45089054107666
0383,10.79,9.145647048950195
0383,7.82,8.39074420928955
0383,12.07,10.250380516052246
0383,3.89,6.027340412139893
0383,12.17,10.259479522705078
0383,11.06,10.164176940917969
0383,1.32,3.3703339099884033
0383,6.74,9.847885131835938
0383,1.35,3.1618452072143555
0383,12.51,9.315869331359863
0383,9.18,10.686716079711914
0383,9.15,9.874178886413574
0383,4.68,7.508690357208252
0383,12.7,10.255971908569336
0383,9.89,8.065118789672852
0383,8.26,9.533553123474121
0383,13.56,7.711267471313477
0383,11.55,9.98629093170166
0383,13.26,10.475787162780762
0383,3.18,4.842477321624756
0383,9.64,9.456277847290039
0383,4.42,6.444761753082275
0383,9.01,8.734729766845703
0383,3.46,5.488049030303955
0383,3.03,5.780178546905518
0383,9.8,9.927313804626465
0383,6.22,8.106405258178711
0383,6.29,8.368020057678223
0383,8.33,10.330449104309082
0383,9.44,9.571264266967773
0383,6.33,8.977225303649902
0383,14.41,9.744441986083984
0383,2.59,3.0647361278533936
0383,5.12,6.734145641326904
0383,13.82,9.654804229736328
0383,5.12,4.445098400115967
0383,6.74,9.089838981628418
0383,11.37,9.511513710021973
0383,3.91,7.670827865600586
0383,13.96,9.744441986083984
0383,11.77,6.604129314422607
0383,7.69,9.575345993041992
0383,4.92,5.128579616546631
0383,9.43,9.114812850952148
0383,8.27,8.487563133239746
0383,8.92,7.020661354064941
0383,8.31,7.6136345863342285
0383,3.48,4.593424320220947
0383,4.13,5.593533039093018
0383,4.67,5.2859063148498535
0383,3.98,5.2859063148498535
0383,12.81,9.857177734375
0383,6.82,8.419914245605469
0383,1.46,3.1502034664154053
0383,12.52,9.644238471984863
0383,12.5,9.644238471984863
0383,8.59,8.924932479858398
0383,10.44,9.93427562713623
0383,11.54,8.325398445129395
0383,3.69,4.461228370666504
0383,14.67,9.662538528442383
0383,13.67,9.792238235473633
0383,7.41,9.42575740814209
0383,7.32,9.080554008483887
0383,10.52,10.282931327819824
0383,4.66,3.740623950958252
0383,2.26,3.9448790550231934
0383,11.51,9.708391189575195
0383,3.18,4.073455333709717
0383,5.26,8.961118698120117
0383,6.61,8.627487182617188
0383,12.42,9.630636215209961
0383,4.08,4.691629886627197
0383,3.16,6.54930305480957
0383,9.17,9.265664100646973
0383,10.08,9.478358268737793
0383,10.41,9.293131828308105
0383,11.12,9.348691940307617
0383,4.08,4.836938858032227
0383,5.06,5.309621810913086
0383,11.51,10.20203971862793
0383,3.965,5.352606773376465
0383,10.691,9.864486694335938
0383,10.089,9.92579460144043
0383,9.414,8.959380149841309
0383,8.988,8.829047203063965
0383,9.01,9.91490650177002
0383,10.63,10.127963066101074
0383,9.11,9.946184158325195
0383,7.61,9.713736534118652
0383,7.01,9.723064422607422
0383,7.03,9.718685150146484
0383,5.18,8.808984756469727
0383,8.11,9.884225845336914
0383,6.38,9.745965957641602
0383,5.51,9.859410285949707
0383,12.4,9.820775985717773
0383,12.01,9.820775985717773
0383,1.38,4.245244026184082
0383,11.21,10.259479522705078
0383,6.89,7.596124649047852
0383,3.76,4.930527687072754
0383,1.38,3.52553129196167
0383,10.26,10.489119529724121
0383,8.17,8.841382026672363
0383,4.34,8.350563049316406
0383,7.66,8.392032623291016
0383,8.0,7.377370357513428
0383,3.69,4.201882362365723
0383,7.81,9.558819770812988
0383,1.52,3.1618452072143555
0383,9.03,10.131057739257812
0383,5.99,9.396233558654785
0383,10.7,9.519221305847168
0383,13.15,11.82414436340332
0383,10.84,10.815207481384277
0383,11.49,11.724437713623047
0383,12.02,11.3053560256958
0383,8.71,8.69301986694336
0383,9.95,11.47335433959961
0383,10.19,9.683250427246094
0383,13.49,10.615619659423828
0383,8.28,8.925849914550781
0383,4.19,5.521734714508057
0383,2.99,7.286682605743408
0383,11.63,4.078354358673096
0383,9.79,8.436570167541504
0383,8.05,9.73769474029541
0383,10.85,9.6585054397583
0383,6.76,8.057832717895508
0383,4.27,6.288576602935791
0383,3.49,6.17221212387085
0383,4.63,8.148462295532227
0383,12.62,10.448067665100098
0383,1.23,3.128432273864746
0383,3.69,8.345696449279785
0383,7.82,7.097476482391357
0383,8.8,8.618428230285645
0383,2.91,7.000005722045898
0383,8.24,6.379771709442139
0383,7.9,9.202324867248535
0383,9.79,8.685759544372559
0383,11.55,10.849862098693848
0383,4.17,8.704646110534668
0383,5.02,9.441327095031738
0383,14.4,9.820775985717773
0383,14.2,9.820775985717773
0383,10.76,10.199226379394531
0383,5.09,6.333333492279053
0383,3.68,8.517400741577148
0383,3.74,4.30088996887207
0383,4.84,8.5282621383667
0383,6.95,10.067203521728516
0383,4.41,7.409082412719727
0383,8.14,9.734002113342285
0383,8.33,9.562192916870117
0383,5.74,8.471284866333008
0383,6.01,7.4168620109558105
0383,4.08,5.825199127197266
0383,3.98,7.151843070983887
0383,5.92,8.925207138061523
0383,11.77,9.604538917541504
0383,6.95,9.567328453063965
0383,12.03,9.666831970214844
0383,5.48,9.526909828186035
0383,5.59,9.526909828186035
0383,5.56,9.154619216918945
0383,3.65,5.910211563110352
0383,3.94,6.056124210357666
0383,12.39,10.634021759033203
0383,3.75,6.547253608703613
0383,12.87,10.808890342712402
0383,11.33,10.990030288696289
0383,8.59,9.542840957641602
0383,7.01,7.5787763595581055
0383,10.58,6.094057083129883
0383,12.49,9.91809368133545
0383,13.57,10.16976261138916
0383,3.96,5.8164448738098145
0383,3.73,5.871032238006592
0383,5.29,8.59699535369873
0383,8.08,9.737091064453125
0383,8.53,9.737091064453125
0383,5.1,5.906676292419434
0383,11.1,10.116862297058105
0383,5.73,8.072921752929688
0383,6.23,9.71049690246582
0383,5.95,8.551931381225586
0383,10.02,10.482604026794434
0383,12.43,10.657472610473633
0383,11.71,10.383845329284668
0383,13.79,9.792238235473633
0383,2.92,5.932294845581055
0383,4.36,8.206491470336914
0383,2.54,5.208285331726074
0383,1.63,4.462430000305176
0383,2.48,4.510274410247803
0383,2.66,5.331359386444092
0383,4.08,7.286682605743408
0383,2.71,4.3180742263793945
0383,13.85,9.76933479309082
0383,5.17,8.637845993041992
0383,8.52,10.337347030639648
0383,4.17,6.840378761291504
0383,3.39,6.366199493408203
0383,3.44,6.930875301361084
0383,3.58,6.891141891479492
0383,9.37,9.361923217773438
0383,16.1,9.662538528442383
0383,2.41,7.31839656829834
0383,13.94,9.818161010742188
0383,9.15,9.361923217773438
0383,10.85,10.101579666137695
0383,6.96,9.991192817687988
0383,11.24,9.206348419189453
0383,3.03,4.953876495361328
0383,14.61,10.361516952514648
0383,7.44,9.287149429321289
0383,6.76,7.193212032318115
0383,3.87,7.064507484436035
0383,3.61,6.718595027923584
0383,3.71,6.131755352020264
0383,2.75,6.392715930938721
0383,7.87,9.941118240356445
0383,6.44,8.904829978942871
0383,5.46,9.149091720581055
0383,6.19,9.47605037689209
0383,13.24,8.556471824645996
0383,6.08,9.557300567626953
0383,1.93,3.9448790550231934
0383,2.73,5.817000389099121
0383,6.27,9.294856071472168
0383,3.89,6.208583354949951
0383,6.07,8.667190551757812
0383,2.64,5.595414161682129
0383,8.75,7.500054836273193
0383,11.58,9.601722717285156
0383,11.22,10.064800262451172
0383,12.26,11.279810905456543
0383,9.68,4.15268611907959
0383,12.95,10.234389305114746
0383,11.68,10.38401985168457
0383,11.55,10.498677253723145
0383,13.34,10.34904670715332
0383,12.16,10.673545837402344
0383,10.14,10.02748966217041
0383,8.87,10.71383285522461
0383,5.24,8.439501762390137
0383,9.03,9.411725997924805
0383,5.29,8.185911178588867
0383,5.49,8.185911178588867
0383,8.56,9.055716514587402
0383,1.39,5.458313465118408
0383,7.28,9.135583877563477
0383,8.47,10.1784086227417
0383,4.01,6.40453577041626
0383,4.33,6.263965129852295
0383,10.06,9.583441734313965
0383,3.79,8.330072402954102
0383,7.03,9.693982124328613
0383,4.74,8.933679580688477
0383,10.43,9.347432136535645
0383,3.83,6.663753986358643
0383,3.88,6.773898124694824
0383,4.62,6.8764543533325195
0383,5.07,7.100025653839111
0383,4.17,6.676876068115234
0383,4.5,6.891359329223633
0383,5.16,6.9675092697143555
0383,8.94,10.04082202911377
0383,9.02,9.809401512145996
0383,9.3,10.546311378479004
0383,9.91,9.508708000183105
0383,7.6,8.935195922851562
0383,12.64,9.666831970214844
0383,7.95,10.023472785949707
0383,6.99,9.71049690246582
0383,6.56,9.71049690246582
0383,11.84,10.041336059570312
0383,10.43,9.889793395996094
0383,8.23,8.890984535217285
0383,1.26,4.106895923614502
0383,4.16,8.854833602905273
0383,8.26,10.184835433959961
0383,7.84,8.193774223327637
0383,10.22,10.617947578430176
0383,7.99,9.523453712463379
0383,11.02,10.114481925964355
0383,5.01,8.064943313598633
0383,5.14,7.965862274169922
0383,13.41,10.942217826843262
0383,7.25,9.833118438720703
0383,10.97,10.337347030639648
0383,8.2,10.461006164550781
0383,10.37,9.744441986083984
0383,13.82,10.363787651062012
0383,12.16,9.831267356872559
0383,13.69,9.749323844909668
0383,9.21,7.975479602813721
0383,4.47,8.376300811767578
0383,9.03,6.836735248565674
0383,8.88,6.836735248565674
0383,7.64,9.15323257446289
0383,7.71,9.490269660949707
0383,11.26,8.085662841796875
0383,5.1,9.29206657409668
0383,5.28,8.928849220275879
0383,6.69,8.758439064025879
0383,6.08,4.571217060089111
0383,13.63,11.104254722595215
0383,4.88,7.953539848327637
0383,5.24,7.953539848327637
0383,4.36,7.009922981262207
0383,9.55,9.055716514587402
0383,4.27,5.268731117248535
0383,5.37,6.072571277618408
0383,11.6,11.362075805664062
0383,6.28,9.462018013000488
0383,5.09,9.169034957885742
0383,5.72,9.60918140411377
0383,7.88,7.502612590789795
0383,9.21,9.982857704162598
0383,3.26,6.564441680908203
0383,3.63,6.384905815124512
0383,3.26,6.485187530517578
0383,5.04,8.857889175415039
0383,10.93,10.488940238952637
0383,5.08,8.43001937866211
0383,6.56,9.476801872253418
0383,3.61,7.753414630889893
0383,9.79,9.369327545166016
0383,10.897,7.477515697479248
0383,10.545,11.495590209960938
0383,11.153,10.041336059570312
0383,9.397,10.917749404907227
0383,8.795,8.798785209655762
0383,9.899,9.76229190826416
0383,4.69,5.710973262786865
0383,9.394,8.916434288024902
0383,11.918,9.691017150878906
0383,10.764,9.62575912475586
0383,10.162,9.45089054107666
0383,9.46,9.4844970703125
0383,9.56,9.91809368133545
0383,8.908,8.798077583312988
0383,9.008,8.829047203063965
0383,10.965,10.190567016601562
0383,10.865,10.190567016601562
0383,7.904,9.087346076965332
0383,10.541,9.62575912475586
0383,7.781,7.466766834259033
0383,8.685,7.53019380569458
0383,10.34,8.9287691116333
0383,8.283,7.695997714996338
0383,11.193,9.67270565032959
0383,8.685,8.90363883972168
0383,10.691,10.131057739257812
0383,8.233,9.087346076965332
0383,9.036,8.854177474975586
0383,10.691,10.028925895690918
0383,10.641,10.028925895690918
0383,10.641,10.028925895690918
0383,4.419,5.9042816162109375
0383,12.1,10.119109153747559
0382,5.79,7.791922569274902
0382,4.5,5.703455448150635
0382,7.8,9.363666534423828
0382,6.2,5.380821704864502
0382,9.46,9.199104309082031
0382,6.9,8.643509864807129
0382,4.6,5.041995048522949
0382,6.8,7.402410984039307
0382,4.7,5.337428092956543
0382,4.23,7.501593589782715
0382,9.36,9.683174133300781
0382,11.27,9.080680847167969
0382,9.59,9.290480613708496
0382,8.93,9.163860321044922
0382,10.54,8.81340217590332
0382,9.99,8.971259117126465
0382,9.12,8.971259117126465
0382,5.67,6.965579509735107
0382,4.46,7.148812294006348
0382,7.09,6.84561824798584
0382,9.17,10.768425941467285
0382,6.66,9.425896644592285
0382,11.0,10.075298309326172
0382,3.14,3.439314603805542
0382,5.19,5.905301570892334
0382,10.76,9.495843887329102
0382,3.5,4.48285436630249
0382,8.87,8.583703994750977
0382,6.09,5.6200337409973145
0382,12.32,9.586162567138672
0382,11.76,3.219829559326172
0382,10.48,9.828158378601074
0382,12.88,9.4490385055542
0382,4.16,5.957406520843506
0382,4.21,7.2215046882629395
0382,4.21,7.220963478088379
0382,2.68,6.314619064331055
0382,13.33,10.22186279296875
0382,7.39,9.570647239685059
0382,5.01,5.208079814910889
0382,10.91,8.961097717285156
0382,7.63,9.409968376159668
0382,9.96,9.432854652404785
0382,4.36,8.04375171661377
0382,8.76,8.273184776306152
0382,13.64,9.76686954498291
0382,13.36,9.76686954498291
0382,7.56,5.930444717407227
0382,5.98,7.41583251953125
0382,9.02,10.579943656921387
0382,8.18,9.969609260559082
0382,9.48,9.63355541229248
0382,7.8,8.392929077148438
0382,7.97,10.011324882507324
0382,11.29,9.767965316772461
0382,4.68,7.086410999298096
0382,9.37,8.850918769836426
0382,12.33,10.109400749206543
0382,13.59,10.109400749206543
0382,4.44,4.075981616973877
0382,9.03,9.606842041015625
0382,7.41,8.801392555236816
0382,4.21,8.61104965209961
0382,4.36,8.502511978149414
0382,7.96,9.088749885559082
0382,5.96,8.792875289916992
0382,3.35,6.491804122924805
0382,3.66,4.48285436630249
0382,12.71,5.138401508331299
0382,12.7,9.347966194152832
0382,9.77,9.92919635772705
0382,7.59,6.736732006072998
0382,9.83,9.35921573638916
0382,4.59,4.999074935913086
0382,6.58,7.217811107635498
0382,3.68,4.383693695068359
0382,3.59,5.236137390136719
0382,4.09,6.880581855773926
0382,2.84,6.414065837860107
0382,4.08,7.025585651397705
0382,4.03,6.228585720062256
0382,4.16,6.259826183319092
0382,4.36,5.9764533042907715
0382,3.76,5.972682952880859
0382,3.38,5.845052242279053
0382,5.44,6.640646457672119
0382,11.6,9.412540435791016
0382,10.13,9.708796501159668
0382,10.97,10.082433700561523
0382,9.34,9.926080703735352
0382,6.25,9.357828140258789
0382,8.99,9.686330795288086
0382,4.88,6.465821743011475
0382,12.42,10.133957862854004
0382,9.28,9.983896255493164
0382,9.86,9.901909828186035
0382,9.18,8.21303939819336
0382,9.16,7.92730712890625
0382,4.76,8.202033042907715
0382,6.92,6.475213527679443
0382,11.33,10.338298797607422
0382,10.67,9.784751892089844
0382,11.78,9.980093002319336
0382,5.56,9.519981384277344
0382,5.46,9.027649879455566
0382,4.84,8.368762016296387
0382,3.4,5.879434585571289
0382,3.36,6.255614757537842
0382,3.5,5.226510047912598
0382,6.43,9.493640899658203
0382,8.74,8.47475528717041
0382,7.86,6.914689540863037
0382,7.41,7.818967819213867
0382,3.75,6.790485858917236
0382,13.08,9.347966194152832
0382,11.98,9.177374839782715
0382,9.24,9.32835578918457
0382,6.13,7.784663677215576
0382,5.99,6.7608323097229
0382,9.59,9.203337669372559
0382,13.01,10.980165481567383
0382,12.99,11.588033676147461
0382,1.39,3.3428537845611572
0382,5.06,7.18439245223999
0382,4.54,8.448328018188477
0382,8.34,9.75085163116455
0382,8.21,8.512012481689453
0382,4.68,8.654945373535156
0382,5.33,8.606305122375488
0382,3.84,8.438852310180664
0382,13.73,9.41561222076416
0382,4.62,7.284050464630127
0382,8.38,7.8726325035095215
0382,6.51,8.7117919921875
0382,7.73,9.547114372253418
0382,10.16,9.606842041015625
0382,4.5,6.898865222930908
0382,8.09,9.350774765014648
0382,6.22,8.485971450805664
0382,4.76,4.363842487335205
0382,6.41,8.75977897644043
0382,7.21,9.546104431152344
0382,9.22,10.321503639221191
0382,9.86,10.082433700561523
0382,10.66,9.367664337158203
0382,11.51,9.564473152160645
0382,3.59,3.8388564586639404
0382,15.05,9.589271545410156
0382,9.11,9.82637882232666
0382,3.19,6.0568366050720215
0382,7.61,9.686090469360352
0382,7.01,9.569463729858398
0382,7.03,9.409968376159668
0382,5.18,8.726561546325684
0382,8.11,9.622788429260254
0382,9.56,9.350774765014648
0382,8.56,9.199104309082031
0382,12.04,9.199104309082031
0382,6.83,8.374414443969727
0382,6.38,9.709511756896973
0382,10.69,9.961496353149414
0382,5.51,9.2830228805542
0382,12.4,9.76686954498291
0382,12.01,9.76686954498291
0382,1.38,4.291811466217041
0382,3.41,5.500097751617432
0382,11.21,9.9518461227417
0382,11.11,9.762717247009277
0382,3.2,3.5528531074523926
0382,6.89,7.378299236297607
0382,3.76,5.09716796875
0382,1.38,3.5062549114227295
0382,10.26,10.207178115844727
0382,8.17,8.394164085388184
0382,4.34,8.041078567504883
0382,7.66,7.913680076599121
0382,8.0,6.877086162567139
0382,3.69,4.006141662597656
0382,7.81,9.170317649841309
0382,1.52,3.2635204792022705
0382,9.03,9.946563720703125
0382,9.22,10.019871711730957
0382,5.99,9.199655532836914
0382,9.83,9.340415954589844
0382,10.7,9.4490385055542
0382,13.15,11.261617660522461
0382,10.84,10.17254638671875
0382,4.73,7.700806140899658
0382,11.49,11.241250991821289
0382,12.02,10.586271286010742
0382,12.77,10.04188346862793
0382,8.71,8.530563354492188
0382,9.95,11.007744789123535
0382,10.19,9.415323257446289
0382,13.49,10.023048400878906
0382,10.94,9.564230918884277
0382,8.28,8.456690788269043
0382,12.43,9.946895599365234
0382,4.19,5.40666389465332
0382,2.99,7.4832987785339355
0382,11.63,4.046370983123779
0382,4.91,6.391628742218018
0382,9.79,8.484518051147461
0382,8.05,9.056230545043945
0382,10.85,9.539715766906738
0382,6.76,7.9531660079956055
0382,4.27,6.328100204467773
0382,3.49,6.129061222076416
0382,4.63,7.850650787353516
0382,12.62,10.141319274902344
0382,1.23,3.2355074882507324
0382,3.69,7.925685882568359
0382,8.8,8.530563354492188
0382,2.91,7.115898609161377
0382,8.24,6.112386226654053
0382,7.9,8.86348819732666
0382,9.79,8.290306091308594
0382,11.55,10.521965980529785
0382,4.17,8.60805892944336
0382,9.82,9.498698234558105
0382,5.02,9.229598999023438
0382,14.4,9.76686954498291
0382,14.2,9.76686954498291
0382,10.76,9.532167434692383
0382,5.09,6.26128625869751
0382,5.31,7.311636924743652
0382,3.68,8.654945373535156
0382,3.74,4.388491153717041
0382,4.84,8.289819717407227
0382,6.95,9.752191543579102
0382,4.41,7.310428619384766
0382,8.14,9.5835599899292
0382,8.33,9.249018669128418
0382,5.74,8.511515617370605
0382,6.01,7.217401027679443
0382,4.08,5.615268230438232
0382,5.56,8.227458953857422
0382,3.98,7.219021797180176
0382,5.92,8.616660118103027
0382,11.77,9.087615013122559
0382,6.95,9.14404582977295
0382,12.03,9.502410888671875
0382,5.48,9.17967414855957
0382,5.59,9.17967414855957
0382,5.56,8.790409088134766
0382,3.65,5.855304718017578
0382,3.94,5.74737024307251
0382,12.39,10.264426231384277
0382,3.75,6.538642883300781
0382,12.87,10.477246284484863
0382,11.33,10.463804244995117
0382,8.28,9.969114303588867
0382,8.59,9.348883628845215
0382,7.01,7.237364768981934
0382,10.58,5.915244102478027
0382,12.49,9.70934009552002
0382,8.16,6.575438022613525
0382,13.57,10.044879913330078
0382,3.96,5.646775245666504
0382,3.73,6.179312705993652
0382,5.29,8.288122177124023
0382,8.08,9.229393005371094
0382,8.53,9.229393005371094
0382,5.1,5.831283092498779
0382,11.1,9.812469482421875
0382,5.73,7.895683288574219
0382,6.23,9.260120391845703
0382,5.95,8.357048988342285
0382,10.02,9.964617729187012
0382,12.43,10.255908966064453
0382,11.71,9.952296257019043
0382,13.79,9.545833587646484
0382,2.92,5.862391948699951
0382,4.36,8.624536514282227
0382,2.54,5.832812309265137
0382,1.63,4.238305568695068
0382,2.48,4.261942386627197
0382,2.66,5.6982316970825195
0382,4.08,7.4832987785339355
0382,2.71,4.5837178230285645
0382,13.85,9.447299003601074
0382,5.17,8.297090530395508
0382,4.29,4.450072765350342
0382,8.52,10.011324882507324
0382,4.17,6.6815409660339355
0382,3.39,6.585155963897705
0382,3.44,6.831410884857178
0382,3.58,6.734950065612793
0382,9.37,9.161646842956543
0382,8.99,8.457416534423828
0382,16.1,9.611414909362793
0382,10.36,9.252696990966797
0382,2.41,7.6713738441467285
0382,13.94,10.027342796325684
0382,3.9,7.676647663116455
0382,9.15,9.296734809875488
0382,10.85,9.78125
0382,6.96,9.399113655090332
0382,11.24,9.033474922180176
0382,10.29,6.471438407897949
0382,3.03,4.794880390167236
0382,6.89,9.052939414978027
0382,14.61,10.198240280151367
0382,7.44,9.424735069274902
0382,6.76,6.897604465484619
0382,4.73,4.83347749710083
0382,3.87,7.103116035461426
0382,3.61,6.801598072052002
0382,3.71,6.227811813354492
0382,2.75,6.447237014770508
0382,9.49,9.014142990112305
0382,7.87,9.039778709411621
0382,6.44,9.02851390838623
0382,5.46,9.351654052734375
0382,6.19,9.343446731567383
0382,13.24,8.25400447845459
0382,6.08,9.564473152160645
0382,1.93,4.017335891723633
0382,2.73,5.947604656219482
0382,6.27,8.705144882202148
0382,3.89,6.559608459472656
0382,6.07,8.554460525512695
0382,2.64,5.588986396789551
0382,8.36,8.22938060760498
0382,7.84,6.812159538269043
0382,8.75,7.03566837310791
0382,7.85,7.274265766143799
0382,3.88,4.492986679077148
0382,11.58,9.33305835723877
0382,11.22,9.683174133300781
0382,12.26,10.748078346252441
0382,9.68,4.331823348999023
0382,4.01,5.326440334320068
0382,12.95,10.109400749206543
0382,11.68,10.165020942687988
0382,11.55,10.165020942687988
0382,13.34,10.109400749206543
0382,12.16,10.377840995788574
0382,10.14,9.984357833862305
0382,8.87,11.004260063171387
0382,5.24,8.088958740234375
0382,9.03,9.069878578186035
0382,5.29,8.251864433288574
0382,5.49,8.251864433288574
0382,8.56,8.83747386932373
0382,3.43,5.534461975097656
0382,1.39,5.6221418380737305
0382,7.28,8.698687553405762
0382,11.95,9.464508056640625
0382,8.47,9.667155265808105
0382,5.93,8.055682182312012
0382,4.01,6.251084804534912
0382,4.33,6.028049468994141
0382,1.36,3.2682178020477295
0382,10.06,9.368103981018066
0382,3.79,8.131304740905762
0382,11.11,9.211149215698242
0382,7.03,9.145431518554688
0382,4.74,8.65114974975586
0382,10.43,8.941509246826172
0382,8.2,8.643784523010254
0382,10.47,9.598193168640137
0382,9.23,8.158710479736328
0382,3.83,6.926872253417969
0382,3.88,6.966519355773926
0382,4.62,6.871476173400879
0382,5.07,6.948954105377197
0382,4.17,6.871476173400879
0382,4.5,6.77012300491333
0382,5.16,6.868732452392578
0382,8.94,9.676783561706543
0382,9.02,9.390331268310547
0382,9.3,10.327901840209961
0382,9.26,9.404335021972656
0382,9.91,9.12881088256836
0382,7.6,8.530659675598145
0382,12.64,9.528993606567383
0382,5.08,9.149230003356934
0382,7.95,9.500828742980957
0382,6.99,9.260120391845703
0382,6.56,9.260120391845703
0382,11.84,9.97440242767334
0382,10.43,9.704622268676758
0382,8.23,8.610027313232422
0382,9.24,10.127094268798828
0382,1.26,4.116848468780518
0382,4.16,8.920891761779785
0382,1.6,4.017335891723633
0382,8.26,9.886276245117188
0382,7.84,7.820832252502441
0382,10.22,9.97960090637207
0382,7.99,9.237641334533691
0382,11.02,9.892928123474121
0382,5.01,8.18834400177002
0382,5.14,8.014592170715332
0382,13.41,10.833633422851562
0382,7.25,9.576590538024902
0382,2.69,4.2256903648376465
0382,7.21,8.931042671203613
0382,10.97,10.011324882507324
0382,8.2,10.450122833251953
0382,10.37,9.698681831359863
0382,13.82,10.358017921447754
0382,4.37,4.267189979553223
0382,12.16,9.403528213500977
0382,13.97,9.659523010253906
0382,13.69,9.63097858428955
0382,9.21,7.718626976013184
0382,4.47,8.308307647705078
0382,9.03,6.7452497482299805
0382,8.88,6.7452497482299805
0382,7.64,8.77150821685791
0382,7.71,8.947942733764648
0382,11.26,7.95954704284668
0382,5.1,9.026627540588379
0382,5.28,8.919351577758789
0382,6.69,8.47119140625
0382,6.08,4.610409259796143
0382,13.63,10.980165481567383
0382,4.88,8.136213302612305
0382,5.24,8.136213302612305
0382,4.36,7.02352237701416
0382,9.55,8.83747386932373
0382,4.27,5.288420677185059
0382,8.89,9.296734809875488
0382,5.37,5.868954658508301
0382,11.6,10.57434368133545
0382,6.28,9.75085163116455
0382,10.13,9.351654052734375
0382,5.09,9.020156860351562
0382,5.72,9.26360034942627
0382,7.88,7.519643306732178
0382,10.46,9.16252613067627
0382,2.71,4.5631022453308105
0382,9.21,9.518963813781738
0382,3.26,6.586808204650879
0382,3.63,6.186990737915039
0382,3.26,6.656496524810791
0382,5.04,8.821239471435547
0382,10.93,9.974642753601074
0382,5.08,8.227335929870605
0382,4.56,4.965677261352539
0382,6.56,9.538031578063965
0382,3.61,7.582147598266602
0382,9.79,9.091287612915039
0382,4.139,5.219823360443115
0382,10.714,9.819661140441895
0382,10.112,9.84348201751709
0382,9.437,8.954069137573242
0382,8.735,8.729940414428711
0382,10.897,7.925073623657227
0382,10.545,10.82905387878418
0382,11.153,9.97440242767334
0382,9.397,10.682279586791992
0382,8.795,8.312600135803223
0382,9.899,9.444908142089844
0382,4.69,5.505622386932373
0382,9.394,8.78948974609375
0382,11.918,9.757598876953125
0382,10.764,9.563594818115234
0382,10.162,9.48586368560791
0382,9.46,9.421905517578125
0382,9.56,9.818761825561523
0382,8.908,8.843427658081055
0382,9.008,8.729940414428711
0382,10.965,10.062704086303711
0382,10.865,10.172125816345215
0382,7.904,9.06202507019043
0382,10.541,9.563594818115234
0382,7.781,7.818967819213867
0382,8.685,7.173924922943115
0382,10.34,8.748956680297852
0382,8.283,7.450136661529541
0382,11.193,9.526935577392578
0382,8.685,8.729940414428711
0382,10.691,9.831120491027832
0382,8.233,9.035442352294922
0382,9.036,8.748956680297852
0382,10.691,9.860733032226562
0382,10.641,9.739051818847656
0382,10.641,9.739051818847656
0382,4.419,5.88523530960083
0382,12.1,9.830599784851074
0230,0.438,3.52822208404541
0230,0.405,3.75818133354187
0230,0.824,5.666748523712158
0230,0.407,5.164943218231201
0230,0.417,3.7067360877990723
0230,2.166,6.7778449058532715
0230,1.212,3.3260838985443115
0230,6.501,5.256930828094482
0230,0.622,5.399073123931885
0230,0.554,3.1529581546783447
0230,0.423,4.8079938888549805
0230,0.655,4.784609794616699
0230,2.361,4.028900146484375
0230,6.033,4.5113115310668945
0230,0.425,4.37123441696167
0230,4.681,4.318422794342041
0230,3.316,6.461932182312012
0230,0.444,3.725707530975342
0230,0.451,5.393767356872559
0230,8.064,5.373318672180176
0230,0.628,4.365332126617432
0230,3.64,6.245884895324707
0230,0.441,4.326353549957275
0230,2.919,3.851393938064575
0230,5.89,4.164443016052246
0230,4.106,4.162930488586426
0230,1.394,4.610374927520752
0230,3.508,4.37034797668457
0230,4.057,5.88812255859375
0230,1.225,3.792403221130371
0230,0.586,4.216970920562744
0230,1.14,6.833488941192627
0230,0.436,5.333243370056152
0230,1.55,5.4464030265808105
0230,3.281,6.31940221786499
0230,3.085,4.9021806716918945
0230,3.5,3.5951242446899414
0230,0.47,6.004223346710205
0230,0.571,3.5249040126800537
0230,0.554,3.8722951412200928
0230,3.626,3.877668619155884
0230,0.433,3.8376967906951904
0230,5.878,3.9159915447235107
0230,0.613,4.159512519836426
0230,0.467,3.401916265487671
0230,2.915,3.7526330947875977
0230,2.754,4.139280796051025
0230,0.412,3.9598546028137207
0230,7.742,4.291529178619385
0230,1.146,4.688701629638672
0230,4.756,5.776122093200684
0230,4.574,5.504321575164795
0230,1.232,3.9458508491516113
0230,0.441,6.9218010902404785
0230,0.575,4.744953155517578
0230,0.477,4.695511341094971
0230,0.517,3.7689969539642334
0230,0.675,4.753478527069092
0230,5.731,5.390738487243652
0230,0.535,3.8030295372009277
0230,3.976,4.105270862579346
0230,0.875,5.515669822692871
0230,0.621,4.265219688415527
0230,0.733,2.825251579284668
0230,5.888,4.981181621551514
0230,1.816,4.8116912841796875
0230,5.831,4.241882801055908
0230,0.651,5.24660587310791
0230,2.208,3.885798931121826
0230,3.148,3.667588233947754
0230,5.165,4.853942394256592
0230,1.367,4.350586891174316
0230,0.529,5.07867431640625
0230,2.002,4.07323694229126
0230,6.989,4.618699073791504
0230,3.096,5.6871819496154785
0230,0.996,3.6406373977661133
0230,2.297,3.969606876373291
0230,6.497,4.704549312591553
0230,2.062,5.171848297119141
0230,0.604,3.2187085151672363
0230,4.141,4.580564975738525
0230,6.563,5.906368732452393
0230,5.7,4.455096244812012
0230,0.452,3.1315691471099854
0230,6.196,5.2002997398376465
0230,0.963,3.5490212440490723
0230,0.766,5.109516620635986
0230,0.477,5.0399169921875
0230,6.956,5.404316425323486
0230,6.223,4.478015422821045
0230,0.78,4.096754550933838
0230,0.431,5.308501720428467
0230,6.154,5.381697654724121
0230,2.584,4.19722843170166
0230,5.233,3.882349729537964
0230,6.073,4.338522434234619
0230,1.083,6.816648006439209
0230,0.729,4.387953281402588
0230,2.668,6.905709266662598
0230,0.815,3.3587234020233154
0230,6.689,5.383247375488281
0230,2.437,4.440922737121582
0230,2.448,4.603038787841797
0230,0.423,3.469721794128418
0230,0.437,3.3761281967163086
0230,7.098,7.31898307800293
0230,3.023,4.94774866104126
0230,4.49,5.60536527633667
0230,1.776,4.536592960357666
0230,5.343,6.1694817543029785
0230,8.067,5.133538246154785
0230,2.276,4.622953414916992
0230,2.082,5.130237579345703
0230,9.464,6.142064571380615
0230,5.664,5.970501899719238
0230,6.756,6.247758865356445
0230,0.407,4.5474853515625
0230,6.537,7.028470516204834
0230,7.579,5.825954437255859
0230,0.433,4.470562934875488
0230,2.909,7.931014537811279
0230,0.756,4.936412811279297
0230,0.977,2.428950309753418
0230,2.021,4.795180320739746
0230,5.792,7.821377277374268
0230,4.857,7.584401607513428
0230,4.238,5.293132305145264
0230,0.481,4.274123191833496
0230,1.253,4.331594467163086
0230,4.005,7.744124889373779
0230,3.338,5.253535747528076
0230,1.018,2.623129367828369
0230,0.416,3.9746665954589844
0230,0.91,3.2767693996429443
0230,0.413,5.980454921722412
0230,0.872,6.650371551513672
0230,6.752,4.917270660400391
0230,0.479,4.4860076904296875
0230,0.518,3.3899238109588623
0230,0.424,4.751913547515869
0230,1.173,5.15123987197876
0230,0.453,3.8508760929107666
0230,0.429,3.492469072341919
0230,0.943,5.021956443786621
0230,1.099,5.536169528961182
0230,0.469,5.1113972663879395
0230,1.032,3.5812783241271973
0230,1.328,3.8470003604888916
0230,4.758,6.946203708648682
0230,1.001,3.2863242626190186
0230,0.434,3.5564913749694824
0230,2.588,5.026389122009277
0230,2.201,2.551920175552368
0230,0.991,3.5252182483673096
0230,8.513,6.263922691345215
0230,0.799,4.7847137451171875
0230,0.942,3.0590980052948
0230,0.459,3.308114528656006
0230,0.472,3.6937308311462402
0230,7.855,6.041440486907959
0230,0.431,3.7343013286590576
0230,8.008,5.915249347686768
0230,4.727,4.392532825469971
0230,7.402,6.093577861785889
0230,10.094,6.46608829498291
0230,3.345,3.592582941055298
0230,6.723,4.308262825012207
0230,7.422,5.215849876403809
0230,4.573,5.618601322174072
0230,0.473,4.376434803009033
0230,5.848,3.8977444171905518
0230,7.326,5.57763147354126
0230,0.444,4.792857646942139
0230,6.531,6.396960735321045
0230,2.64,3.9644088745117188
0230,7.357,5.879184722900391
0230,8.213,5.825954437255859
0230,7.756,5.825954437255859
0230,6.802,5.067509174346924
0230,0.404,4.560933589935303
0230,0.456,3.8507187366485596
0230,0.43,5.051311492919922
0230,0.425,5.487447738647461
0230,0.746,4.504748821258545
0230,6.587,5.473339557647705
0230,1.043,5.882149696350098
0230,0.944,3.3136324882507324
0230,7.792,5.032118797302246
0230,7.927,5.4220709800720215
0230,0.473,4.185924530029297
0230,5.295,4.448657035827637
0230,5.694,4.682511329650879
0230,0.968,5.243216037750244
0230,5.378,4.92435884475708
0230,4.225,3.807685375213623
0230,1.04,2.8206725120544434
0230,5.844,3.526078939437866
0230,7.122,5.825954437255859
0230,4.142,3.9756858348846436
0230,4.341,3.864297389984131
0230,0.57,4.550988674163818
0230,2.517,6.303395748138428
0230,0.422,5.323282718658447
0230,0.418,5.194363117218018
0230,6.91,6.580582618713379
0230,0.453,3.3213181495666504
0230,0.602,4.457559108734131
0230,2.899,6.010402202606201
0230,0.401,4.720803260803223
0230,0.564,4.945059299468994
0230,7.384,7.333744049072266
0230,0.425,5.858566761016846
0230,0.978,3.608288049697876
0230,0.561,3.82767915725708
0230,5.87,7.1231231689453125
0230,5.942,7.594639301300049
0230,0.446,4.806757926940918
0230,0.586,6.445810794830322
0230,5.83,4.185423374176025
0230,4.732,5.854356288909912
0230,0.458,4.562203884124756
0230,0.446,4.04894495010376
0230,0.423,6.6802592277526855
0230,0.44,4.112752914428711
0230,0.463,5.4877448081970215
0230,0.417,5.051097393035889
0230,0.412,4.774502277374268
0230,0.406,4.36386775970459
0230,2.667,4.064268589019775
0230,4.171,4.31696081161499
0230,2.784,4.064268589019775
0230,7.021,5.856842994689941
0230,5.813,6.0718231201171875
0230,5.97,7.352643966674805
0230,6.023,6.469259262084961
0230,1.614,3.322033405303955
0230,0.402,4.002239227294922
0230,6.125,5.527459144592285
0230,3.978,5.057586193084717
0230,4.958,5.562025547027588
0230,9.205,6.695470333099365
0230,7.355,7.223636627197266
0230,2.966,7.197795867919922
0230,1.275,5.114123344421387
0230,1.59,6.034860134124756
0230,7.918,2.9323904514312744
0230,3.386,5.646786689758301
0230,0.479,5.942101955413818
0230,0.485,5.875801086425781
0230,2.294,3.9118492603302
0230,6.096,4.227045059204102
0230,0.939,2.727182149887085
0230,0.475,5.665780544281006
0230,0.506,4.340466499328613
0230,1.306,4.272799968719482
0230,0.455,6.556191444396973
0230,3.935,5.03787899017334
0230,7.038,6.15716028213501
0230,0.767,5.588233470916748
0230,0.475,5.04962682723999
0230,3.046,4.7001237869262695
0230,4.018,6.055644989013672
0230,0.455,3.4954023361206055
0230,0.567,4.161459445953369
0230,1.216,3.5024619102478027
0230,3.561,6.509387493133545
0230,5.85,3.4925529956817627
0230,5.358,5.5753092765808105
0230,6.597,4.997176647186279
0230,5.225,4.3513102531433105
0230,7.919,6.7805867195129395
0230,0.475,5.150449275970459
0230,7.482,5.547611236572266
0230,6.654,5.772761344909668
0230,0.455,3.1678526401519775
0230,6.219,3.8472208976745605
0230,7.749,6.899399280548096
0230,6.763,5.588266372680664
0230,6.788,6.0164079666137695
0230,8.156,6.34578275680542
0230,6.06,4.9980854988098145
0230,0.421,4.564093112945557
0230,6.535,5.654926776885986
0230,8.686,9.644572257995605
0230,7.033,7.342663288116455
0230,7.729,4.764959335327148
0230,7.052,4.027503967285156
0230,7.386,5.491016387939453
0230,6.586,5.343502044677734
0230,7.569,6.026406288146973
0230,6.315,5.145674228668213
0230,6.869,7.230500221252441
0230,4.667,6.508566856384277
0230,5.006,4.414707660675049
0230,5.823,6.21997594833374
0230,7.668,4.852598667144775
0230,5.968,5.01566743850708
0230,3.877,3.3719253540039062
0230,4.987,4.15692138671875
0230,5.654,4.839986801147461
0230,0.433,4.346632480621338
0230,0.419,3.413930892944336
0230,4.833,4.267521381378174
0230,6.811,4.282891273498535
0230,6.563,5.20725154876709
0230,6.225,5.20725154876709
0230,5.615,4.92435884475708
0230,0.593,4.345576763153076
0230,5.922,4.632155418395996
0230,6.591,5.1055169105529785
0230,7.438,4.917699337005615
0230,0.429,3.288895606994629
0230,0.437,4.08036994934082
0230,0.468,5.03019380569458
0230,7.076,4.742137908935547
0230,0.416,6.859488487243652
0230,1.943,3.326791524887085
0230,3.674,4.948796272277832
0230,2.399,3.4581713676452637
0230,0.431,5.369465351104736
0230,0.421,3.9894790649414062
0230,0.625,5.29395866394043
0230,0.415,3.679986000061035
0230,3.462,6.245884895324707
0230,0.562,4.234385013580322
0230,0.773,6.742273807525635
0230,1.251,5.842754364013672
0230,4.611,3.7193260192871094
0230,5.805,4.177542209625244
0230,8.503,4.562970161437988
0230,7.255,4.7562255859375
0230,0.492,5.672734260559082
0230,5.286,4.695165634155273
0230,5.818,5.291440963745117
0230,1.321,6.959685325622559
0230,5.849,5.2663893699646
0230,5.644,4.478992462158203
0230,4.356,4.084040641784668
0230,6.206,6.198099613189697
0230,3.492,4.456132411956787
0230,1.182,4.71523904800415
0230,1.972,4.825588226318359
0230,6.579,5.587165832519531
0230,1.318,5.715625762939453
0230,4.984,4.726162910461426
0230,2.847,6.6114654541015625
0230,6.84,6.143558502197266
0230,7.819,6.119013786315918
0230,7.501,7.097794532775879
0230,8.704,6.119013786315918
0230,5.852,6.203090667724609
0230,6.171,5.255864143371582
0230,3.665,7.417784214019775
0230,3.522,7.324634552001953
0230,0.596,4.426107406616211
0230,2.339,4.888341903686523
0230,0.678,4.450636386871338
0230,0.714,3.8880579471588135
0230,2.437,4.804201602935791
0230,5.186,5.476585865020752
0230,0.418,4.234457015991211
0230,1.632,5.0635457038879395
0230,3.027,3.978813648223877
0230,7.016,4.969223499298096
0230,6.543,4.386081695556641
0230,0.564,4.180229187011719
0230,2.534,4.027679920196533
0230,1.968,4.681087017059326
0230,5.883,4.3024468421936035
0230,3.855,4.2823052406311035
0230,0.424,4.34372091293335
0230,2.298,3.3301379680633545
0230,0.484,5.065425872802734
0230,7.281,5.814146995544434
0230,7.707,5.365476131439209
0230,2.472,7.05446720123291
0230,1.882,4.470382213592529
0230,0.847,3.4548420906066895
0230,0.555,4.613731384277344
0230,1.186,4.784601211547852
0230,4.508,5.118927955627441
0230,0.553,5.472639560699463
0230,1.547,3.527944803237915
0230,3.825,7.5363264083862305
0230,1.249,7.386655807495117
0230,7.082,4.9155144691467285
0230,7.903,5.825954437255859
0230,0.963,5.397909641265869
0230,1.224,4.567048072814941
0230,0.909,3.4907758235931396
0230,0.47,4.917886257171631
0230,0.44,5.6366729736328125
0230,0.44,8.372049331665039
0230,2.301,5.781269550323486
0230,0.425,3.7439770698547363
0230,0.952,3.452669382095337
0230,0.478,4.960508823394775
0230,1.014,2.7799532413482666
0230,0.981,4.423187255859375
0230,5.973,5.783936023712158
0230,6.505,4.2945733070373535
0230,1.922,3.9282565116882324
0230,0.592,5.448557376861572
0230,3.989,3.5376412868499756
0230,1.483,4.715012073516846
0230,1.423,4.94502067565918
0230,3.122,4.548497200012207
0230,0.769,5.464354038238525
0230,0.433,4.102646350860596
0230,0.776,3.7552402019500732
0230,3.109,5.011115550994873
0230,3.654,7.029051780700684
0230,6.382,7.011474609375
0230,2.415,5.603201866149902
0230,3.407,3.2500815391540527
0230,0.416,4.90305757522583
0230,4.421,7.333249092102051
0230,8.079,6.670307636260986
0230,3.156,4.081345558166504
0230,0.448,4.724588871002197
0230,3.291,4.599243640899658
0230,0.474,4.990001201629639
0230,0.561,5.9292778968811035
0230,7.206,4.710873126983643
0230,0.486,5.255730628967285
0230,9.604,4.486092567443848
0230,4.848,7.199936866760254
0230,0.712,3.9611144065856934
0230,5.459,5.989557266235352
0230,6.266,5.170976638793945
0230,0.449,6.991527080535889
0230,0.56,5.112781047821045
0230,3.202,3.5725674629211426
0230,0.457,5.845434188842773
0230,0.887,4.378721714019775
0230,5.823,4.351941108703613
0230,2.71,4.859763145446777
0230,2.699,4.859763145446777
0230,0.687,4.784609794616699
0230,0.596,4.8124895095825195
0230,8.438,6.0500569343566895
0230,0.953,3.662485122680664
0230,1.036,3.9168214797973633
0230,0.793,4.1825056076049805
0230,0.432,6.775358200073242
0230,0.772,4.496972560882568
0230,5.557,4.325785160064697
0230,0.475,4.110068321228027
0230,0.43,5.256189346313477
0230,0.485,5.057767391204834
0230,0.561,2.7911829948425293
0230,0.499,6.349740505218506
0230,2.5,6.389187812805176
0230,0.641,4.368575096130371
0230,2.245,4.291851997375488
0230,3.186,4.1820783615112305
0230,8.144,6.146181583404541
0230,5.957,6.03374719619751
0230,8.144,5.960596084594727
0230,6.857,5.681699752807617
0230,1.89,4.3910603523254395
0230,0.733,3.576493740081787
0230,8.201,7.513229846954346
0230,0.435,4.005303382873535
0230,0.407,4.3306565284729
0230,0.412,5.509391784667969
0230,2.916,4.4528889656066895
0230,5.096,5.390527725219727
0230,7.425,6.628795146942139
0230,5.378,4.506509780883789
0063,3.69,4.939350605010986
0063,4.64,5.578488349914551
0063,7.18,7.492222785949707
0063,3.6,4.68330717086792
0063,4.73,5.608017444610596
0063,0.76,3.3617889881134033
0063,0.85,3.269077777862549
0063,8.78,5.8659491539001465
0063,6.23,5.709462642669678
0063,2.15,3.260986089706421
0063,4.59,5.674107074737549
0063,5.85,5.444534778594971
0063,1.35,3.2189416885375977
0063,8.93,6.102508544921875
0063,5.77,5.351506233215332
0063,6.93,5.909231662750244
0063,6.17,5.888967990875244
0063,6.32,5.689430236816406
0063,7.32,6.468894004821777
0063,7.29,5.894097805023193
0063,8.49,3.3617889881134033
0063,6.79,6.371759414672852
0063,2.8,4.313844203948975
0063,3.82,4.939258098602295
0063,6.8,5.118099212646484
0063,6.55,6.348996639251709
0063,7.58,5.7467732429504395
0063,5.93,4.706792831420898
0063,5.47,5.951447486877441
0063,7.31,5.126275539398193
0063,5.63,6.275821208953857
0063,4.14,3.990046977996826
0063,6.75,5.77941370010376
0063,5.72,5.9663405418396
0063,7.42,5.468677520751953
0063,4.13,5.473586559295654
0063,5.43,4.9948506355285645
0063,0.98,3.5481181144714355
0063,5.08,5.681298732757568
0063,4.72,4.996589183807373
0063,5.22,4.614261627197266
0063,3.5,4.337347030639648
0063,7.85,6.911900997161865
0063,5.54,5.674107074737549
0063,9.35,6.772436141967773
0063,5.97,5.261021614074707
0063,8.19,6.445800304412842
0063,5.46,5.30867862701416
0063,5.8,5.420831680297852
0063,6.12,5.709462642669678
0063,6.06,6.307140350341797
0063,4.94,5.93092679977417
0063,7.99,6.697173595428467
0063,7.99,6.445800304412842
0063,7.59,6.682689666748047
0063,2.36,4.158111572265625
0063,4.03,3.9948477745056152
0063,5.4,5.095162868499756
0063,7.79,6.466098785400391
0063,7.35,5.572458744049072
0063,4.18,4.499476432800293
0063,4.1,6.034253120422363
0063,8.65,5.503267288208008
0063,8.03,5.891953468322754
0063,8.95,6.102508544921875
0063,6.87,4.975707530975342
0063,5.52,4.978034019470215
0063,4.41,4.665832996368408
0063,4.08,4.249649524688721
0063,8.71,6.473484039306641
0063,2.31,3.800330400466919
0063,6.86,5.227890968322754
0063,5.78,4.171973705291748
0063,3.67,4.170846462249756
0063,5.02,4.306654453277588
0063,4.18,4.184780120849609
0063,3.74,6.1530442237854
0063,6.58,5.586625099182129
0063,2.8,3.899709701538086
0063,4.09,4.369580268859863
0063,4.2,3.5630486011505127
0063,4.2,3.7821619510650635
0063,4.77,4.046176910400391
0063,4.11,3.5264923572540283
0063,3.42,3.877645969390869
0063,3.35,3.943553924560547
0063,5.22,4.944364070892334
0063,4.51,3.8626787662506104
0063,5.35,4.22852897644043
0063,9.14,6.792587757110596
0063,5.28,5.209190368652344
0063,8.01,7.250921249389648
0063,6.27,6.325115203857422
0063,4.79,3.7525384426116943
0063,6.9,6.070469379425049
0063,4.7,4.0319719314575195
0063,7.74,6.105865001678467
0063,4.62,6.031356334686279
0063,6.74,6.258312702178955
0063,0.54,3.260986089706421
0063,3.46,3.950791835784912
0063,6.15,5.207304000854492
0063,6.58,6.32047176361084
0063,4.87,4.782740116119385
0063,8.84,5.752477169036865
0063,7.84,6.719310760498047
0063,3.71,3.8335793018341064
0063,7.09,6.210182189941406
0063,7.43,6.4084906578063965
0063,6.6,5.64935302734375
0063,5.31,5.908154010772705
0063,6.66,6.199063777923584
0063,4.64,5.578488349914551
0063,7.24,5.419020175933838
0063,8.57,7.006820201873779
0063,0.92,3.2189416885375977
0063,4.21,3.697192668914795
0063,6.15,5.622590065002441
0063,2.53,3.712599992752075
0063,4.92,5.777879238128662
0063,4.21,5.271266937255859
0063,6.01,5.975842475891113
0063,6.31,4.8682990074157715
0063,6.12,6.175360202789307
0063,5.84,5.806384563446045
0063,6.8,5.118099212646484
0063,5.59,4.563172340393066
0063,1.2,3.2189416885375977
0063,6.6,5.97587251663208
0063,6.32,6.870105266571045
0063,5.3,4.7448015213012695
0063,4.26,3.7525384426116943
0063,7.83,7.033888339996338
0063,7.81,7.355507850646973
0063,6.31,6.242620944976807
0063,6.93,6.795634746551514
0063,5.4,5.9150872230529785
0063,4.95,5.792906284332275
0063,5.33,6.07975959777832
0063,0.52,3.149994373321533
0063,6.94,5.540280818939209
0063,2.89,4.3321332931518555
0063,6.22,6.261044979095459
0063,8.26,5.845982551574707
0063,7.52,6.246514797210693
0063,5.79,4.954385280609131
0063,6.82,5.191827774047852
0063,5.6,6.28925895690918
0063,4.7,5.049376964569092
0063,0.52,3.149994373321533
0063,7.37,5.607809066772461
0063,6.21,5.194214344024658
0063,2.93,4.401184558868408
0063,5.56,6.255494117736816
0063,5.13,3.9449329376220703
0063,4.94,4.062711715698242
0063,2.81,3.6470565795898438
0063,7.22,7.537827014923096
0063,5.91,5.899538040161133
0063,8.28,6.2421464920043945
0063,4.71,5.106796741485596
0063,7.71,6.19670295715332
0063,5.25,6.074023723602295
0063,5.79,5.661945343017578
0063,7.88,5.624518394470215
0063,5.88,4.8682990074157715
0063,7.66,5.176603317260742
0063,2.82,4.0343708992004395
0063,5.23,5.60732889175415
0063,4.15,5.0572381019592285
0063,8.75,6.47387170791626
0063,6.1,5.144403457641602
0063,2.66,3.721064567565918
0063,7.85,5.556084632873535
0063,5.24,3.9449329376220703
0063,6.06,6.151935577392578
0063,5.06,5.807586193084717
0063,5.56,5.059074878692627
0063,6.12,5.399422645568848
0063,6.37,5.207304000854492
0063,5.49,5.971887588500977
0063,4.77,5.693507671356201
0063,7.0,6.2354912757873535
0063,4.42,6.971687316894531
0063,0.51,4.278181076049805
0063,7.48,7.240382194519043
0063,5.52,4.723278045654297
0063,9.88,6.276984691619873
0063,8.95,6.0178961753845215
0063,7.18,7.522336006164551
0063,7.09,5.612999439239502
0063,2.89,3.3245739936828613
0063,6.02,5.827552795410156
0063,7.97,5.566924571990967
0063,6.95,7.3496479988098145
0063,5.37,5.2458930015563965
0063,4.96,5.245657920837402
0063,2.9,3.260986089706421
0063,6.03,6.21261739730835
0063,6.85,6.419658660888672
0063,6.35,6.0752644538879395
0063,7.34,6.8219733238220215
0063,6.5,6.308887958526611
0063,6.35,5.88394832611084
0063,7.86,6.834436416625977
0063,7.4,5.672428131103516
0063,5.86,6.310447692871094
0063,3.45,3.853693962097168
0063,7.27,6.81251859664917
0063,4.48,4.899442195892334
0063,0.57,4.263436317443848
0063,8.49,6.509198188781738
0063,8.37,5.906376838684082
0063,7.75,6.219709396362305
0063,3.3,4.909436225891113
0063,4.52,4.992122650146484
0063,8.38,6.399533748626709
0063,3.0,5.310558795928955
0063,7.1,6.527592182159424
0063,1.67,3.2189416885375977
0063,7.07,7.301525115966797
0063,0.46,3.149994373321533
0063,4.64,5.94814920425415
0063,8.9,5.603821754455566
0063,6.58,6.084778308868408
0063,4.69,5.044778347015381
0063,7.74,6.708644390106201
0063,7.76,6.971150875091553
0063,3.67,5.473586559295654
0063,5.61,6.251908302307129
0063,4.18,5.420008182525635
0063,9.01,6.97871732711792
0063,0.39,3.3617889881134033
0063,4.13,5.473586559295654
0063,6.78,5.794712066650391
0063,8.89,5.63088846206665
0063,5.65,5.759463787078857
0063,3.09,3.44624662399292
0063,5.16,4.939382076263428
0063,5.56,5.224461078643799
0063,2.22,3.260986089706421
0063,2.26,3.3488082885742188
0063,4.99,5.8766608238220215
0063,7.77,5.909542083740234
0063,6.94,6.016487121582031
0063,6.82,6.124744892120361
0063,5.01,5.54182243347168
0063,5.71,4.94974422454834
0063,0.37,3.292841672897339
0063,5.84,6.9111738204956055
0063,8.69,6.029300689697266
0063,0.52,3.149994373321533
0063,4.29,6.074549674987793
0063,2.21,3.693264961242676
0063,0.47,3.2001304626464844
0063,3.23,4.5882673263549805
0063,3.33,3.470118284225464
0063,7.38,7.492222785949707
0063,5.97,5.201379299163818
0063,3.18,4.737622261047363
0063,6.05,5.231628894805908
0063,6.37,5.67150354385376
0063,4.96,5.437582492828369
0063,3.61,4.371928691864014
0063,4.89,6.2346978187561035
0063,5.65,5.231628894805908
0063,3.63,4.841647624969482
0063,7.83,6.150488376617432
0063,7.76,5.4435319900512695
0063,7.78,6.192793846130371
0063,8.36,6.170605659484863
0063,6.75,6.226533889770508
0063,8.07,5.976180076599121
0063,3.68,4.026497840881348
0063,5.08,6.223000526428223
0063,4.71,4.536358833312988
0063,7.59,7.492222785949707
0063,6.1,5.624518394470215
0063,0.47,3.269077777862549
0063,5.14,4.7636847496032715
0063,8.29,6.423983573913574
0063,4.1,3.8286292552948
0063,4.83,4.151552200317383
0063,3.74,3.9688525199890137
0063,2.06,3.6302273273468018
0063,5.95,6.014862537384033
0063,8.08,6.055480003356934
0063,5.81,4.778911590576172
0063,7.8,6.277417182922363
0063,6.1,5.939209938049316
0063,0.47,3.2189416885375977
0063,4.89,5.806342601776123
0063,3.73,5.071429252624512
0063,3.96,3.6770083904266357
0063,5.79,5.505105972290039
0063,3.69,3.9127607345581055
0063,7.92,6.393736362457275
0063,8.92,5.824433326721191
0063,4.73,5.11952018737793
0063,8.36,7.389904975891113
0063,6.3,5.073665142059326
0063,5.55,5.299081325531006
0063,6.55,5.217477798461914
0063,6.7,5.64935302734375
0063,4.35,5.166190147399902
0063,3.37,4.9624738693237305
0063,3.69,4.915803909301758
0063,6.72,5.366908073425293
0063,5.54,4.381174564361572
0063,7.55,5.610657691955566
0063,6.88,6.117037296295166
0063,2.9,3.260986089706421
0063,6.36,5.4435319900512695
0063,4.78,5.696649074554443
0063,1.23,5.740687370300293
0063,5.14,5.156064510345459
0063,4.67,5.23698091506958
0063,4.04,3.798790693283081
0063,4.25,4.040990829467773
0063,2.77,4.8195953369140625
0063,6.88,7.1401519775390625
0063,7.88,5.229494094848633
0063,4.63,4.125303745269775
0063,5.31,5.7762651443481445
0063,4.12,5.518411159515381
0063,6.79,5.125938892364502
0063,10.3,6.639279365539551
0063,5.02,5.06712007522583
0063,7.86,5.859914779663086
0063,3.98,3.76161789894104
0063,6.29,5.634762763977051
0063,10.55,3.6349501609802246
0063,4.06,3.5046424865722656
0063,3.22,5.70524787902832
0063,6.12,5.557715892791748
0063,7.45,5.699834823608398
0063,5.85,6.537520408630371
0063,5.05,5.842078685760498
0063,5.72,5.8920674324035645
0063,7.18,5.74078369140625
0063,4.07,4.958573818206787
0063,4.89,5.547524452209473
0063,5.54,5.98449182510376
0063,5.31,5.504199028015137
0063,2.73,3.9506728649139404
0063,2.72,5.275091171264648
0063,5.21,4.713834762573242
0063,9.63,6.201746940612793
0063,5.55,4.709670066833496
0063,7.36,6.590844631195068
0063,5.66,5.7480621337890625
0063,7.59,5.612999439239502
0063,3.16,5.779348373413086
0063,4.19,4.639187812805176
0063,5.1,5.051472187042236
0063,0.89,4.963865756988525
0063,5.8,5.073665142059326
0063,5.55,5.908364772796631
0063,5.56,6.044646263122559
0063,7.92,7.337805271148682
0063,8.02,7.537827014923096
0063,2.08,3.5918796062469482
0063,4.17,3.390387773513794
0063,6.02,5.62191915512085
0063,3.98,5.217086315155029
0063,4.04,5.217086315155029
0063,4.53,4.803091526031494
0063,6.41,5.9388837814331055
0063,5.73,5.472119331359863
0063,4.82,5.630343914031982
0063,3.05,4.8195953369140625
0063,8.94,6.0178961753845215
0063,5.53,5.694274425506592
0063,6.65,5.664287090301514
0063,6.19,5.77396297454834
0063,4.06,5.235085964202881
0063,5.97,6.304739952087402
0063,0.95,3.2189416885375977
0063,6.68,5.288317680358887
0063,6.95,5.233786106109619
0063,7.32,5.3174357414245605
0063,7.38,5.57503080368042
0063,5.74,5.425438404083252
0063,3.94,6.478389739990234
0063,7.65,5.527181625366211
0063,5.86,5.894935607910156
0063,4.74,6.791816234588623
0063,5.6,5.268581867218018
0063,6.5,5.167826175689697
0063,5.45,5.999226093292236
0063,4.39,3.5195109844207764
0063,5.17,5.417827129364014
0063,9.41,6.200965881347656
0063,4.05,4.751584529876709
0063,3.65,5.350082874298096
0063,7.02,5.57236385345459
0063,5.33,4.7721171379089355
0063,6.16,6.034639835357666
0063,5.75,4.691627502441406
0063,4.75,4.983860492706299
0063,8.68,6.170605659484863
0063,4.9,5.03564977645874
0063,4.74,5.530091285705566
0063,5.96,4.997586250305176
0063,5.96,6.491692066192627
0063,7.77,6.092849254608154
0063,7.12,5.221911907196045
0063,4.58,4.828074932098389
0063,0.49,3.524470090866089
0063,4.68,5.108808994293213
0063,5.29,5.498459815979004
0063,8.47,3.694643497467041
0063,0.4,3.3617889881134033
0063,5.54,3.2189416885375977
0063,3.0,4.333855152130127
0063,6.3,5.844067096710205
0063,5.51,5.502917766571045
0063,8.84,5.93424654006958
0063,6.33,6.620621204376221
0063,7.21,6.339143753051758
0063,5.04,4.922919750213623
0063,7.81,5.176603317260742
0063,2.82,3.852642297744751
0063,5.47,5.496475696563721
0063,5.43,5.583131790161133
0063,7.72,5.409511566162109
0063,2.64,3.3442931175231934
0063,6.53,5.378437042236328
0063,6.59,5.350688457489014
0063,8.83,5.825777530670166
0063,4.59,6.095107555389404
0063,6.42,5.099145412445068
0063,1.78,4.515861988067627
0063,5.23,5.201237678527832
0063,5.55,5.825504302978516
0063,6.48,6.373942852020264
0063,6.67,5.102355480194092
0063,10.22,7.133699893951416
0063,5.04,5.867954730987549
0063,3.99,3.6353256702423096
0063,4.14,4.117001533508301
0063,6.01,5.798649311065674
0063,7.25,4.8682990074157715
0392,1.823896,3.320422887802124
0392,1.57248,3.320422887802124
0392,3.977221,9.068840026855469
0392,6.120927,9.0292329788208
0392,0.8426437,3.051008701324463
0392,4.474173,9.255056381225586
0392,0.769078,2.9825143814086914
0392,0.7620134,2.9825143814086914
0392,7.089094,7.978370666503906
0392,6.929407,9.241744995117188
0392,7.496823,9.95378589630127
0392,2.047178,3.458315849304199
0392,0.7679397,3.1620230674743652
0392,0.7321703,2.9007925987243652
0392,0.8635308,3.0575039386749268
0392,2.805289,4.543013572692871
0392,2.82318,3.111560821533203
0392,0.9594361,3.0575039386749268
0392,0.8579172,2.8307039737701416
0392,0.9098913,2.8307039737701416
0392,7.375361,9.631768226623535
0392,3.293973,3.320422887802124
0392,0.8601388,2.8307039737701416
0392,5.279608,8.577579498291016
0392,5.697023,5.954736232757568
0392,0.8654402,2.8307039737701416
0392,0.8130684,2.8307039737701416
0392,0.8454584,2.8307039737701416
0392,4.590616,5.031972885131836
0392,0.8252127,2.8307039737701416
0392,1.311365,3.0330007076263428
0392,0.7796243,2.8307039737701416
0392,4.451331,3.0587563514709473
0392,7.652177,8.968966484069824
0392,8.702062,10.019131660461426
0392,0.8415797,2.8307039737701416
0392,8.11413,9.534687042236328
0392,0.7479671,3.1620230674743652
0392,3.804712,4.295989513397217
0392,0.8257059,3.0660810470581055
0392,4.779872,6.992891788482666
0392,1.318398,5.187783718109131
0392,0.8157439,2.8307039737701416
0392,0.8248888,2.8307039737701416
0392,0.8415797,2.8307039737701416
0392,0.8640565,3.63598370552063
0392,0.9051945,3.0575039386749268
0392,3.503489,3.3944103717803955
0392,0.7272271,3.0413548946380615
0392,3.456032,4.3156304359436035
0392,2.363786,3.3416059017181396
0392,7.036083,10.193754196166992
0392,6.878665,9.949759483337402
0392,0.8739836,3.21313214302063
0392,4.379376,6.043586730957031
0392,3.277116,3.3107376098632812
0392,1.114154,3.953331708908081
0392,0.954046,4.828747749328613
0392,1.220349,4.304136753082275
0392,1.354546,3.9881982803344727
0392,1.162925,4.941396236419678
0392,1.27699,3.46714448928833
0392,0.9447762,3.3499741554260254
0392,0.8362628,3.930710554122925
0392,0.7663042,2.90207839012146
0392,0.9426966,3.098335027694702
0392,0.748523,2.90207839012146
0392,0.764198,3.7887983322143555
0392,0.74866,2.90207839012146
0392,8.997613,10.602508544921875
0392,6.630363,9.21757698059082
0392,0.7662432,3.256868839263916
0392,7.173041,10.11884593963623
0392,0.78514,3.049722909927368
0392,0.807618,2.8307039737701416
0392,0.8135216,3.128878355026245
0392,5.171141,6.947729110717773
0392,0.8237685,3.128878355026245
0392,0.8103786,3.128878355026245
0392,2.126587,5.5474700927734375
0392,0.798804,3.300257444381714
0392,4.589065,4.229088306427002
0392,3.889356,3.7888872623443604
0392,4.551251,4.4089202880859375
0392,0.724404,3.139871597290039
0392,11.31631,10.801121711730957
0392,7.295895,10.020758628845215
0392,8.057423,10.062111854553223
0392,0.7636269,3.7535762786865234
0392,7.939523,8.019404411315918
0392,0.8820419,4.635370254516602
0392,8.604807,10.26900863647461
0392,0.8171282,3.128878355026245
0392,0.8243928,2.8307039737701416
0392,7.132817,9.625654220581055
0392,5.015175,5.502378940582275
0392,0.8860252,2.9318459033966064
0392,0.7298573,3.058427333831787
0392,0.844722,3.3757917881011963
0392,4.365856,6.991702556610107
0392,6.740026,9.117143630981445
0392,6.666147,9.027324676513672
0392,6.063773,7.113049030303955
0392,6.924148,9.136404991149902
0392,6.118897,8.525383949279785
0392,4.745909,6.357847690582275
0392,0.7272292,3.058427333831787
0392,0.86112,3.2138495445251465
0392,3.669592,5.393157482147217
0392,7.06894,9.75539779663086
0392,7.175663,9.60971450805664
0392,3.352634,3.7931582927703857
0392,3.351506,4.746009826660156
0392,0.7855349,3.529949903488159
0392,0.824876,3.4018142223358154
0392,0.8096035,3.775254964828491
0392,0.8180969,3.507509708404541
0392,0.7894486,4.135173320770264
0392,1.405745,3.2010438442230225
0392,0.9395872,4.032011985778809
0392,0.9413419,3.46714448928833
0392,4.08221,6.616329669952393
0392,3.332299,3.2529830932617188
0392,2.067293,4.008194446563721
0392,7.66757,10.142906188964844
0392,7.24093,9.62542724609375
0392,7.636316,11.114174842834473
0392,1.778943,3.2010438442230225
0392,1.369016,3.46714448928833
0392,3.388125,3.5494027137756348
0392,1.474717,3.9765164852142334
0392,3.269626,3.3674869537353516
0392,1.696957,3.5446341037750244
0392,3.689464,6.552560806274414
0392,9.247055,10.2294921875
0392,4.845654,5.005352973937988
0392,0.8396229,2.8335840702056885
0392,0.7690591,3.1298017501831055
0392,8.509256,10.489117622375488
0392,0.7671853,3.881066083908081
0392,0.8119274,3.128878355026245
0392,0.9266385,4.382229804992676
0392,1.818155,5.059462547302246
0392,0.7810997,3.5017690658569336
0392,10.03042,10.68423080444336
0392,5.954811,7.983038425445557
0392,6.684069,9.466383934020996
0392,6.569434,8.513585090637207
0392,0.8156535,3.7058119773864746
0392,4.295235,6.23898458480835
0392,7.146504,9.46010971069336
0392,4.148164,6.474915981292725
0392,5.165938,4.842550277709961
0392,3.725853,6.008944511413574
0392,4.022002,6.40048360824585
0392,0.8259105,3.24604868888855
0392,0.8172888,3.194016456604004
0392,0.8429307,2.8307039737701416
0392,0.8107842,2.8307039737701416
0392,3.652045,5.634331703186035
0392,4.574294,6.843648433685303
0392,5.046778,6.73642635345459
0392,0.8470622,2.8307039737701416
0392,0.7875124,2.8307039737701416
0392,0.7891006,3.128878355026245
0392,0.7877266,3.4796838760375977
0392,4.985294,5.06390905380249
0392,0.8152096,2.8307039737701416
0392,0.8047551,2.91786527633667
0392,0.9111403,2.8335840702056885
0392,0.8449776,3.051008701324463
0392,0.780918,3.4377777576446533
0392,6.680193,8.883543014526367
0392,8.079117,10.090591430664062
0392,0.8592064,3.1713366508483887
0392,1.288536,3.1401634216308594
0392,3.374984,3.6381771564483643
0392,1.367016,5.278817653656006
0392,1.565486,4.125428676605225
0392,6.257996,9.137870788574219
0392,4.768305,6.23898458480835
0392,0.745227,3.054187774658203
0392,0.68955,3.0890543460845947
0392,0.8037941,2.8477766513824463
0392,0.8170193,4.166763782501221
0392,4.883789,3.7011489868164062
0392,6.982238,9.625654220581055
0392,5.609865,8.601117134094238
0392,4.430441,4.50507116317749
0392,3.373819,3.353360652923584
0392,1.660342,4.030821323394775
0392,3.821004,4.34360933303833
0392,6.469707,9.237963676452637
0392,0.7809463,3.1849958896636963
0392,6.641988,10.212960243225098
0392,1.024489,3.9260218143463135
0392,4.462936,4.097219944000244
0392,0.8876248,2.8307039737701416
0392,4.503993,4.097219944000244
0392,3.641577,4.340954303741455
0392,3.648009,4.340954303741455
0392,4.116847,5.087459564208984
0392,4.081199,4.785282135009766
0392,1.108459,4.953766822814941
0392,1.423454,3.7470107078552246
0392,0.8267069,3.7905304431915283
0392,1.162925,4.953766822814941
0392,3.595677,5.393157482147217
0392,3.884984,5.393157482147217
0392,7.137434,6.564333438873291
0392,0.8418131,3.483323335647583
0392,3.391904,5.863269329071045
0392,0.9664283,5.863269329071045
0392,3.946933,5.727453708648682
0392,3.625731,5.727453708648682
0392,0.8407647,3.616703748703003
0392,3.603333,5.727453708648682
0392,0.8234225,3.108607292175293
0392,3.618678,4.371593952178955
0392,4.922838,6.603433609008789
0392,0.8429307,3.1849958896636963
0392,0.8059491,3.108607292175293
0392,0.8259105,3.2288830280303955
0392,1.70031,3.227656364440918
0392,3.643466,4.9446940422058105
0392,0.8248888,2.8307039737701416
0392,7.748744,10.602508544921875
0392,6.231216,10.076274871826172
0392,8.269394,10.079609870910645
0392,7.617705,10.001075744628906
0392,7.545022,10.107634544372559
0392,5.761667,5.563406944274902
0392,1.854173,3.189528465270996
0392,0.7420691,3.6642584800720215
0392,0.8974274,3.4592669010162354
0392,3.901111,4.333105564117432
0392,5.487339,5.391847610473633
0392,4.443549,6.552359580993652
0392,0.7291811,3.117321491241455
0392,1.11105,2.8335840702056885
0392,5.309516,6.0867018699646
0392,1.065157,3.7461531162261963
0392,0.7823889,3.4850242137908936
0392,0.7979993,3.7807960510253906
0392,4.773714,4.986039161682129
0392,10.78713,11.212800025939941
0392,0.8856108,3.142235040664673
0392,0.90017,3.142235040664673
0392,0.7852663,3.319117784500122
0392,0.8616284,3.142235040664673
0392,7.945992,8.441091537475586
0392,7.43066,9.270576477050781
0392,0.8393661,3.250145435333252
0392,1.163838,5.360501766204834
0392,3.331022,3.40439772605896
0392,0.817367,3.100328207015991
0392,0.7474642,3.1848182678222656
0392,0.7823889,3.504908561706543
0392,2.398211,3.3097238540649414
0392,1.097643,3.4271240234375
0392,1.409721,3.3005406856536865
0392,3.995962,3.319251537322998
0392,2.754314,3.20768666267395
0392,2.204026,3.594452381134033
0392,4.882167,4.54026460647583
0392,0.8068136,2.998173713684082
0392,4.211543,3.5826454162597656
0392,1.087466,3.61374831199646
0392,0.9004657,3.4024462699890137
0392,5.176081,4.965030193328857
0392,3.768882,4.115533351898193
0392,1.116317,3.2226710319519043
0392,0.8471043,2.998173713684082
0392,0.8020751,2.9363996982574463
0392,4.695714,6.23898458480835
0392,0.8047551,2.9363996982574463
0392,0.8180969,4.125888824462891
0392,4.064515,3.476594924926758
0392,4.773628,4.253468036651611
0392,2.420968,4.028229236602783
0392,2.016155,5.624959945678711
0392,0.9591463,3.3044774532318115
0392,0.824876,3.179436445236206
0392,0.8630869,3.238330602645874
0392,0.8427115,3.274228096008301
0392,0.8869361,3.0812623500823975
0392,2.790682,3.8660802841186523
0392,7.250443,10.208250999450684
0392,1.479806,3.670017719268799
0392,8.900778,10.302766799926758
0392,9.51579,10.147772789001465
0392,5.050073,6.065648078918457
0392,2.75112,3.77882981300354
0392,2.028859,4.878669261932373
0392,1.678313,3.0812056064605713
0392,8.148901,10.542472839355469
0392,3.722098,4.182069778442383
0392,10.04523,10.68423080444336
0392,3.901307,5.454184532165527
0392,5.009577,6.616329669952393
0392,7.167463,9.838106155395508
0392,1.330223,3.221423387527466
0392,7.220081,10.343356132507324
0392,7.256991,10.835083961486816
0392,0.9158561,3.221423387527466
0392,7.075324,10.142906188964844
0392,7.191761,10.142906188964844
0392,0.8935997,3.601670742034912
0392,0.8596087,3.285275936126709
0392,2.442195,3.2368178367614746
0392,3.761982,6.616329669952393
0392,4.413196,6.8326568603515625
0392,4.680234,6.883759021759033
0392,0.9196991,2.90207839012146
0392,3.878607,8.430278778076172
0392,0.9624138,3.4850242137908936
0392,5.29972,8.969136238098145
0392,9.054754,10.49725341796875
0392,0.9126243,2.989203929901123
0392,4.398697,5.607926368713379
0392,0.820007,2.8307039737701416
0392,1.239093,3.3842291831970215
0392,5.438682,7.402942180633545
0392,7.546854,10.233691215515137
0392,4.250534,6.398470401763916
0392,3.078766,4.3787102699279785
0392,2.949827,3.7745840549468994
0392,2.557487,4.2610182762146
0392,0.7892115,2.8307039737701416
0392,0.7800591,3.4792256355285645
0392,3.207626,2.9796342849731445
0392,4.583706,5.5224785804748535
0392,2.026882,4.467104911804199
0392,5.713446,5.360315322875977
0392,7.514596,9.408858299255371
0392,7.386015,9.408858299255371
0392,0.9211836,3.695666790008545
0392,0.7613593,3.509561061859131
0392,5.853816,8.91079044342041
0392,7.436393,9.500480651855469
0392,5.182864,8.93139362335205
0392,0.9424535,3.155418634414673
0392,3.561793,3.508049249649048
0392,2.733497,3.6851963996887207
0392,6.619645,10.076274871826172
0392,0.8851056,3.178982973098755
0392,6.448153,6.200944423675537
0392,0.9112275,3.1849958896636963
0392,2.436105,3.747511625289917
0392,2.448298,3.278533458709717
0392,1.264737,3.6225037574768066
0392,1.39299,3.6844558715820312
0392,1.4556,3.2561533451080322
0392,1.209661,3.7268905639648438
0392,3.45035,3.6995882987976074
0392,1.871972,4.203298568725586
0263,16.02067,5.008121967315674
0263,17.310258,5.29677152633667
0263,14.486619,6.149721622467041
0263,14.386578,6.68594217300415
0263,16.065161,5.535027503967285
0263,16.620996,7.510148048400879
0263,5.9218591,1.4470469951629639
0263,10.426402,2.343090772628784
0263,12.34128,4.1783766746521
0263,7.7781663,2.7709505558013916
0263,13.597356,5.104082107543945
0263,17.565971,8.18980598449707
0263,14.053109,6.703573226928711
0263,15.342547,4.570823669433594
0263,15.02018,4.252941608428955
0263,15.531525,3.514359474182129
0263,13.052678,2.5908350944519043
0263,12.374626,4.845219135284424
0263,8.1672139,3.1447839736938477
0263,4.0322059,2.268796682357788
0263,14.986835,5.636227130889893
0263,8.0227106,2.0953996181488037
0263,14.119803,4.128964900970459
0263,14.89791,5.024408340454102
0263,13.419507,6.869185447692871
0263,10.106391,4.379556655883789
0263,17.265003,8.082090377807617
0263,8.4501637,2.0277137756347656
0263,11.929351,3.8777570724487305
0263,12.910591,5.626983642578125
0263,14.766965,5.075656890869141
0263,16.456715,6.83970308303833
0263,13.622003,6.639920711517334
0263,14.978201,6.997066974639893
0263,15.689644,7.897444725036621
0263,14.133335,6.735076427459717
0263,16.590103,6.90155553817749
0263,19.358439,8.900988578796387
0263,14.28898,6.358017444610596
0263,14.077756,6.186923980712891
0263,13.833212,5.45723295211792
0263,17.346132,7.472486972808838
0263,15.83416,6.587849140167236
0263,16.367751,9.301919937133789
0263,15.83416,6.703573226928711
0263,5.2611693,2.212923526763916
0263,20.685204,10.881485939025879
0263,7.3731589,4.236536026000977
0263,12.019545,3.096989154815674
0263,7.9622865,2.8504106998443604
0263,13.577677,4.3652143478393555
0263,7.9178243,3.3633534908294678
0263,10.541108,7.382810115814209
0263,11.441471,3.37705397605896
0263,12.743951,5.039175033569336
0263,15.345073,6.047835350036621
0263,4.9963345,2.448641777038574
0263,13.85317,1.175713300704956
0263,6.030099,4.217193603515625
0263,9.7555762,1.9111231565475464
0263,10.180949,1.9142944812774658
0263,9.4070913,5.131489276885986
0263,9.4070913,4.005516529083252
0263,11.218936,3.644712209701538
0263,6.3947618,3.1850249767303467
0263,17.270154,8.082090377807617
0263,12.420688,8.501481056213379
0263,16.881052,7.527083396911621
0263,15.280143,7.235622882843018
0263,7.1648186,1.5167433023452759
0263,7.5218539,2.3850209712982178
0263,14.199486,5.955382347106934
0263,12.098136,1.5763678550720215
0263,10.370153,1.4846409559249878
0263,10.04773,3.5741097927093506
0263,8.1221106,1.4231988191604614
0263,14.812928,3.6401119232177734
0263,13.176611,2.5421576499938965
0263,13.376718,4.466201305389404
0263,8.3556196,2.660142660140991
0263,11.764626,3.14436411857605
0263,15.357691,2.9408152103424072
0263,16.269667,6.421984672546387
0263,17.192878,6.9261040687561035
0263,16.380927,4.356805801391602
0263,3.383825,1.626800775527954
0263,2.0233938,1.7361072301864624
0263,5.4292333,1.686488389968872
0263,10.08109,2.1671793460845947
0263,13.854832,1.1105797290802002
0263,11.564517,4.616349220275879
0263,16.781378,5.824141502380371
0263,5.9850404,2.5262410640716553
0263,11.608979,3.37888503074646
0263,18.205001,7.238591194152832
0263,15.15754,8.492510795593262
0263,9.6141494,3.2744789123535156
0263,17.293762,4.458981513977051
0263,17.33836,4.778764247894287
0263,17.929856,10.231386184692383
0263,9.709448,2.6750574111938477
0263,11.921701,5.42171049118042
0263,13.989412,5.256919860839844
0263,7.5317426,0.5456404089927673
0263,11.113241,2.5461575984954834
0263,13.065694,4.856585502624512
0263,9.3567231,4.719567775726318
0263,5.9406627,1.7313412427902222
0263,14.067515,4.971725940704346
0263,8.9676192,2.876603364944458
0263,12.530806,4.396883010864258
0263,7.374779,7.165332794189453
0263,10.135,3.841489315032959
0263,15.340418,3.092060089111328
0263,6.8189053,4.2840447425842285
0263,7.3525354,4.363631725311279
0263,11.615872,4.061329364776611
0263,13.94523,7.053755760192871
0263,19.56494,10.345049858093262
0263,11.972666,4.4054975509643555
0263,14.724844,5.115408897399902
0263,10.806878,0.4121425747871399
0263,8.7651361,2.726553201675415
0263,15.328821,5.90074348449707
0263,11.496174,4.915998935699463
0263,12.95864,1.531822919845581
0263,11.642096,3.444626569747925
0263,9.4488382,4.102358341217041
0263,7.9302976,1.7381259202957153
0263,7.2966534,4.236536026000977
0263,13.29215,5.763556003570557
0263,8.9551766,4.181395530700684
0263,15.039693,4.1818318367004395
0263,12.680721,4.632937908172607
0263,11.843011,4.16281270980835
0263,8.9104623,4.3872575759887695
0263,14.105808,2.361694097518921
0263,10.1715,4.344329833984375
0263,8.60846,3.6641018390655518
0263,11.273792,4.524378299713135
0263,17.957144,6.534330368041992
0263,14.005742,3.7240149974823
0263,12.789125,1.5929768085479736
0263,11.648605,3.444626569747925
0263,9.3796976,4.102358341217041
0263,11.804533,4.332212924957275
0263,10.16083,4.297672748565674
0263,9.781262,4.570295333862305
0263,14.796758,3.150221586227417
0263,13.225037,6.325725078582764
0263,11.737589,8.178220748901367
0263,15.704294,3.685824155807495
0263,9.1064698,2.124398946762085
0263,15.560674,3.906708002090454
0263,11.240746,3.1634714603424072
0263,11.585332,4.167349338531494
0263,14.960334,5.671905040740967
0263,9.8623714,6.496109485626221
0263,12.331508,2.3858206272125244
0263,9.7400868,2.586311101913452
0263,13.557568,2.476087808609009
0263,11.618692,3.7105846405029297
0263,15.482852,2.481370687484741
0263,14.591334,3.086426258087158
0263,12.052214,3.5899081230163574
0263,12.085574,2.1679792404174805
0263,15.21602,5.561285018920898
0263,15.905299,7.173298358917236
0263,14.737304,4.77325439453125
0263,16.42795,4.896910190582275
0263,8.6902329,1.390481948852539
0263,6.7960966,1.907218337059021
0263,8.6859446,4.8839006423950195
0263,8.1078647,4.875801086425781
0263,15.83069,10.78991985321045
0263,6.6164322,5.0028862953186035
0263,16.420024,8.531102180480957
0263,16.686948,7.322893142700195
0263,15.128684,5.427394390106201
0263,14.183723,5.062315464019775
0263,18.312769,11.298701286315918
0263,15.139813,9.004197120666504
0263,15.797345,9.863554000854492
0263,19.048031,11.001014709472656
0263,7.7502794,2.4222207069396973
0263,15.507559,4.924464225769043
0263,16.753712,10.829657554626465
0263,15.719454,9.045231819152832
0263,16.475616,7.723111629486084
0263,15.262188,6.8155198097229
0263,18.869716,10.246708869934082
0263,19.17058,11.332717895507812
0263,19.17058,10.806717872619629
0263,16.322405,9.788394927978516
0263,14.430047,11.525252342224121
0263,14.749961,5.6472907066345215
0263,15.692407,6.963100433349609
0263,7.7007383,3.659209966659546
0263,12.672088,5.002316951751709
0263,17.894455,5.081823348999023
0263,13.994971,5.0523834228515625
0263,10.56255,3.080606698989868
0263,15.646576,6.740889549255371
0263,12.101592,1.6100883483886719
0263,5.6710306,2.520205497741699
0263,9.2765392,1.0723763704299927
0263,9.2532204,7.626643180847168
0263,18.483391,9.68300724029541
0263,8.601334,3.440067768096924
0263,8.3419439,1.8291295766830444
0263,15.527024,4.421754360198975
0263,14.636454,5.473348140716553
0263,18.59646,10.636340141296387
0263,19.729126,10.081165313720703
0263,19.305458,11.487348556518555
0263,14.21621,5.646181106567383
0263,14.2637645,5.439408302307129
0263,11.3845475,3.9356751441955566
0263,14.3329345,6.5747809410095215
0263,3.6372539,2.3515875339508057
0263,11.15542,4.8800249099731445
0263,13.291055,2.8576366901397705
0263,13.4855975,5.5411376953125
0263,6.4258951,2.8606984615325928
0263,12.95385,0.8637791872024536
0263,8.6177321,4.953744888305664
0263,15.889311,4.538572311401367
0263,8.7388189,3.0582897663116455
0263,18.915517,5.609739780426025
0263,14.194637,6.901928424835205
0263,15.854726,7.118525505065918
0263,16.606955,8.647397994995117
0263,16.892282,6.167819499969482
0263,10.225982,2.8947436809539795
0263,13.511578,6.970238208770752
0263,10.044411,5.500302791595459
0263,16.062237,4.647219181060791
0263,13.961186,3.114914894104004
0263,6.7415211,2.6692206859588623
0263,6.6464133,2.348630666732788
0263,7.5110433,1.7401407957077026
0263,14.58372,6.968466758728027
0263,14.505903,6.69598388671875
0263,14.246513,6.8982720375061035
0263,14.929572,5.955158233642578
0263,17.359183,3.8304097652435303
0263,12.949567,3.878269672393799
0263,6.7415211,2.4328196048736572
0263,14.358917,7.334270000457764
0263,13.511578,6.643982410430908
0263,18.69936,5.736764430999756
0263,10.122227,4.158207893371582
0263,18.353508,5.899225234985352
0263,14.307038,6.657784938812256
0263,15.508874,6.79987096786499
0263,14.332977,6.493993282318115
0263,14.471318,6.599471092224121
0263,13.511578,6.970238208770752
0263,12.180047,5.2006425857543945
0263,15.119791,7.209052562713623
0263,12.197339,4.421663761138916
0263,14.894986,7.044053554534912
0263,14.108173,6.394557952880859
0263,13.822845,6.331838607788086
0263,13.649919,5.289639472961426
0263,15.958482,6.706070423126221
0263,9.0241462,5.072646141052246
0263,15.759616,7.449888229370117
0263,15.61263,6.6117753982543945
0263,14.540489,8.943078994750977
0263,15.033327,7.548181533813477
0263,13.900661,5.831691265106201
0263,15.61263,7.18450403213501
0262,5.1657184,5.0271196365356445
0262,15.916425,5.949990749359131
0262,15.482782,5.790475368499756
0262,17.294986,6.433879375457764
0262,13.592913,5.845996856689453
0262,11.457386,4.858458042144775
0262,9.9900847,5.552886962890625
0262,9.1119109,5.279980182647705
0262,2.773077,5.1509857177734375
0262,13.269867,5.771010398864746
0262,6.2995656,5.584495544433594
0262,9.2675307,5.568492889404297
0262,4.7988768,5.024430274963379
0262,15.727445,6.0240068435668945
0262,8.0447863,5.237275123596191
0262,13.336562,5.824620723724365
0262,6.2995656,5.36502742767334
0262,15.771922,6.237359523773193
0262,15.360439,5.894567012786865
0262,11.14903,5.949990749359131
0262,16.886061,5.894567012786865
0262,6.0266863,5.285884857177734
0262,16.068265,5.928497791290283
0262,16.09059,6.207736015319824
0262,13.311224,5.992234706878662
0262,17.548746,6.107458591461182
0262,13.555841,6.133929252624512
0262,17.068851,6.17214298248291
0262,17.659901,6.207736015319824
0262,17.068851,6.17214298248291
0262,8.8902739,5.195918560028076
0262,11.032362,5.707322120666504
0262,6.3413849,5.116910934448242
0262,16.872325,5.894567012786865
0262,16.438667,6.149109363555908
0262,16.3941,6.076687812805176
0262,4.1881837,5.584495544433594
0262,9.8959717,6.548165321350098
0262,14.128662,6.438635349273682
0262,14.061957,5.992234706878662
0262,9.8070326,6.509456634521484
0262,9.0826912,5.535013198852539
0262,13.114835,5.7317914962768555
0262,5.957052,5.434898376464844
0262,5.879215,5.653021812438965
0262,6.7039099,6.210117816925049
0262,11.513831,6.179239273071289
0262,15.857352,5.790475368499756
0262,13.303901,5.992234706878662
0262,16.803494,6.262691020965576
0262,12.681238,6.2333784103393555
0262,2.0144595,5.007514953613281
0262,6.3127644,5.520992279052734
0262,12.714598,5.824620723724365
0262,13.638238,5.752134323120117
0262,11.547191,5.8700666427612305
0262,9.5735778,6.126765727996826
0262,12.492204,6.2484588623046875
0262,5.7458263,5.204492568969727
0262,11.458252,5.817168235778809
0262,13.059256,6.438635349273682
0262,14.806967,6.522087097167969
0262,9.4278871,5.788177490234375
0262,14.173139,6.201992511749268
0262,8.3046001,4.880932331085205
0262,14.660393,6.191878795623779
0262,13.520229,6.2484588623046875
0262,17.517276,6.694572925567627
0262,11.528016,5.9213690757751465
0262,9.5226767,5.108974933624268
0262,12.603684,6.200857162475586
0262,21.410215,6.327375411987305
0262,14.629984,6.111957550048828
0262,15.323544,6.207736015319824
0262,13.807291,5.992234706878662
0262,11.664856,6.231596946716309
0262,16.727183,6.294545650482178
0262,19.177412,6.077524185180664
0262,13.762829,6.262691020965576
0262,21.343466,6.327375411987305
0262,18.46535,6.327816486358643
0262,19.64777,6.321009635925293
0262,2.3071753,5.3805084228515625
0262,7.5030186,5.835073947906494
0262,12.786509,5.924707889556885
0262,9.2482787,5.304239749908447
0262,5.8686306,5.016827583312988
0262,14.354245,6.02332878112793
0262,5.1682516,5.934096813201904
0262,8.6479972,6.355093479156494
0262,6.9916029,5.348466873168945
0262,6.5245058,6.38030481338501
0262,9.3372782,6.042403221130371
0262,6.5133892,5.3111186027526855
0262,6.835956,5.4247002601623535
0262,11.369295,6.509456634521484
0262,10.432907,6.355831623077393
0262,18.994638,6.327375411987305
0262,11.715235,5.49350643157959
0262,14.387606,6.088013172149658
0262,2.0099715,5.924707889556885
0262,4.9191266,5.873405456542969
0262,14.983917,6.276486873626709
0262,11.282373,6.0512261390686035
0262,5.1980561,6.05171537399292
0262,8.1511214,5.943686485290527
0262,6.7569488,6.30407190322876
0262,7.9175957,4.8133368492126465
0262,7.2260166,5.348466873168945
0262,13.364435,5.911649703979492
0262,8.3630451,5.348466873168945
0262,14.714985,5.89111852645874
0262,8.5533689,6.481611728668213
0262,8.128834,6.30407190322876
0262,11.955394,5.956326007843018
0262,8.1065883,5.791441917419434
0262,9.2553375,5.771010398864746
0262,9.4677218,6.494251728057861
0262,7.739626,5.348466873168945
0262,11.025298,5.824432373046875
0262,14.289019,6.17214298248291
0262,9.3998679,5.826434135437012
0262,5.3906136,6.05171537399292
0262,8.1655529,5.943686485290527
0262,6.6842557,6.30407190322876
0262,7.3203601,5.348466873168945
0262,7.3760452,6.374387741088867
0262,7.9096482,5.165226936340332
0262,7.8874046,6.355093479156494
0262,14.509822,5.949990749359131
0262,6.0041786,6.266723155975342
0262,8.8240676,5.791441917419434
0262,9.6037649,6.038289546966553
0262,7.8874046,5.348466873168945
0262,9.4023247,6.30407190322876
0262,9.3689644,5.348466873168945
0262,10.996213,5.653021812438965
0262,11.20888,5.18895149230957
0262,12.472724,5.7597479820251465
0262,12.136656,5.4084906578063965
0262,14.982355,5.790475368499756
0262,4.3339317,5.478661060333252
0262,10.543852,6.20314884185791
0262,7.05094,5.82385778427124
0262,8.051411,6.30407190322876
0262,14.623573,6.193559646606445
0262,6.7174587,5.934096813201904
0262,7.7290317,6.236131191253662
0262,9.6212161,5.348466873168945
0262,8.6541054,5.969069957733154
0262,7.6178491,6.30407190322876
0262,10.14369,5.924707889556885
0262,9.432238,5.83257532119751
0262,8.0958732,6.087723255157471
0262,11.699876,6.02332878112793
0262,17.239953,6.107458591461182
0262,14.423401,6.02332878112793
0262,12.567021,5.406381130218506
0262,6.3861249,4.937870025634766
0262,10.292068,4.797184467315674
0262,10.392109,4.9361653327941895
0262,9.7117212,4.820909023284912
0262,9.6671985,4.820909023284912
0262,8.6170648,6.236252784729004
0262,8.0501412,6.422987461090088
0262,15.484696,6.321796894073486
0262,6.5692919,5.364263534545898
0262,16.063151,5.873405456542969
0262,16.296876,6.403925895690918
0262,14.784052,6.060922622680664
0262,13.878087,6.42559814453125
0262,9.6754938,5.166642665863037
0262,17.876471,6.495380401611328
0262,14.817456,6.671579837799072
0262,5.4983757,6.495380401611328
0262,15.42909,6.210117816925049
0262,18.561219,6.495380401611328
0262,5.7554096,5.490786075592041
0262,15.151065,6.393325328826904
0262,16.352515,6.235579490661621
0262,15.362357,6.210117816925049
0262,16.10764,6.065657615661621
0262,14.939801,6.438635349273682
0262,14.906453,6.179239273071289
0262,15.707078,6.36214017868042
0262,16.141094,6.36214017868042
0262,16.185639,6.36214017868042
0262,8.37390495,5.924707889556885
0262,14.322558,6.2484588623046875
0262,16.099448,5.873405456542969
0262,15.8745795,6.14089822769165
0262,14.44794,6.653096675872803
0262,15.38174,6.270076751708984
0262,14.153966,6.28755521774292
0262,12.0694515,5.874589920043945
0262,16.379631,6.235579490661621
0262,16.137535,6.065657615661621
0262,17.183736,6.331910610198975
0262,7.71680335,5.539886951446533
0262,14.301011,6.327375411987305
0262,12.4378675,5.925548553466797
0262,6.2730586,5.653021812438965
0262,14.0763415,6.0512261390686035
0262,10.4145075,5.5167059898376465
0262,15.325604,6.626269817352295
0262,9.38992085,5.896790981292725
0262,6.76577005,5.5837578773498535
0262,14.609482,5.924707889556885
0262,14.471696,6.137247085571289
0262,15.984799,6.8852362632751465
0262,14.938595,6.179239273071289
0262,6.74412245,5.703586578369141
0262,14.738751,6.093685626983643
0262,18.370197,5.863813400268555
0262,7.0372768,5.2573676109313965
0262,13.063747,5.6002326011657715
0262,14.706543,5.790475368499756
0262,17.1318285,6.495380401611328
0262,18.10886,6.495380401611328
0262,18.843796,6.02332878112793
0262,18.8048875,6.495380401611328
0262,3.6625422,4.8746113777160645
0262,13.51068,5.826434135437012
0262,7.9856941,5.225250720977783
0262,7.2334655,5.3982343673706055
0262,11.046485,5.728008270263672
0262,13.1553745,5.6002326011657715
0262,8.68956155,5.27449893951416
0262,13.994066,6.331910610198975
0262,18.157257,6.321796894073486
0262,13.9292185,6.200857162475586
0262,15.528782,6.396595001220703
0262,16.3674745,6.327375411987305
0262,14.2923625,5.666918754577637
0262,12.424762,5.925548553466797
0262,13.2461605,5.925548553466797
0262,12.424762,5.653021812438965
0262,9.9303051,6.235355377197266
0262,13.280746,6.639149188995361
0262,7.8854556,5.124849319458008
0262,8.94462755,5.037724494934082
0262,3.3893813,6.3105902671813965
0262,14.231838,6.396595001220703
0262,13.9551565,6.396595001220703
0262,14.6382145,6.414823055267334
0262,14.071882,5.3824334144592285
0262,5.6590334,5.3444929122924805
0262,14.0848515,6.077450275421143
0262,13.2461605,5.805440425872803
0262,13.9681265,6.2484588623046875
0262,15.675771,6.606451034545898
0262,9.9994757,5.18895149230957
0262,15.84005,6.2484588623046875
0262,14.011357,6.396595001220703
0262,15.1872545,6.327375411987305
0262,14.04162,6.262691020965576
0262,14.188607,6.396595001220703
0262,13.2461605,5.925548553466797
0262,11.962185,5.925548553466797
0262,14.819786,5.992234706878662
0262,11.7417055,5.779310703277588
0262,14.612276,6.327375411987305
0262,13.8341085,5.992234706878662
0262,13.56175,5.992234706878662
0262,13.4190865,5.969069957733154
0262,15.628216,6.207736015319824
0262,13.397471,5.992234706878662
0262,8.8235794,5.881823539733887
0262,19.008918,6.66502046585083
0262,15.4379975,6.454492568969727
0262,15.295334,6.454492568969727
0262,15.619569,6.148769855499268
0262,14.7290005,6.327375411987305
0262,13.639567,5.992234706878662
0262,15.2866875,6.207736015319824
0262,8.0,5.410556793212891
0436,1.23,3.3811306953430176
0436,1.26,4.0002593994140625
0436,1.3099999999999998,3.3370087146759033
0436,1.36,3.3094546794891357
0436,1.38,3.5960800647735596
0436,1.38,4.084176540374756
0436,1.52,3.297908067703247
0436,1.63,4.334589958190918
0436,1.93,4.083743095397949
0436,1.93,4.378577709197998
0436,2.41,7.153449058532715
0436,2.48,4.386433124542236
0436,2.54,5.202493667602539
0436,2.64,5.734292030334473
0436,2.68,6.527628421783447
0436,2.69,4.052751541137695
0436,2.71,4.568964958190918
0436,2.71,4.657418727874756
0436,2.73,5.459377288818359
0436,2.74,5.1258158683776855
0436,2.75,6.639195442199707
0436,2.8400000000000003,6.286610126495361
0436,2.91,7.272801399230957
0436,2.92,6.121619701385498
0436,2.96,5.250625133514404
0436,2.99,7.199959754943848
0436,3.1300000000000003,4.169251441955566
0436,3.14,3.364043951034546
0436,3.14,5.3052144050598145
0436,3.19,6.319636821746826
0436,3.24,3.791152000427246
0436,3.26,6.451394081115723
0436,3.36,6.260705471038818
0436,3.3800000000000003,5.746176719665527
0436,3.39,6.470623016357422
0436,3.4,5.741427898406982
0436,3.44,7.040807723999023
0436,3.49,6.260983943939209
0436,3.5,4.5690507888793945
0436,3.5,5.202493667602539
0436,3.58,6.905242443084717
0436,3.5900000000000003,5.081418991088867
0436,3.5900000000000003,3.658623456954956
0436,3.61,8.039860725402832
0436,3.61,6.845451831817627
0436,3.65,5.883827209472656
0436,3.66,4.765926361083984
0436,3.68,8.665770530700684
0436,3.68,4.695856094360352
0436,3.69,4.130383014678955
0436,3.69,8.335416793823242
0436,3.71,6.4936089515686035
0436,3.73,6.4242048263549805
0436,3.73,8.207123756408691
0436,3.74,4.050293922424316
0436,3.75,6.051238059997559
0436,3.75,6.593644142150879
0436,3.75,4.765926361083984
0436,3.76,5.209308624267578
0436,3.76,6.064581871032715
0436,3.77,4.495278835296631
0436,3.79,8.006385803222656
0436,3.83,7.074960231781006
0436,3.84,8.258004188537598
0436,3.87,7.095478057861328
0436,3.88,4.950545787811279
0436,3.89,6.565351963043213
0436,3.94,5.946005821228027
0436,3.96,5.755090713500977
0436,3.98,7.002274513244629
0436,4.01,6.617316246032715
0436,4.01,5.166854381561279
0436,4.03,6.275885581970215
0436,4.06,8.346827507019043
0436,4.08,5.858982563018799
0436,4.08,7.464535713195801
0436,4.16,6.338529586791992
0436,4.16,8.609652519226074
0436,4.16,5.291950225830078
0436,4.17,6.830214977264404
0436,4.17,6.802821159362793
0436,4.19,5.275588035583496
0436,4.21,7.209525108337402
0436,4.21,6.946042537689209
0436,4.21,8.454025268554688
0436,4.23,7.268098831176758
0436,4.27,5.4513397216796875
0436,4.27,6.388426780700684
0436,4.28,8.239310264587402
0436,4.29,4.4584856033325195
0436,4.33,6.276193141937256
0436,4.34,8.028972625732422
0436,4.36,8.504597663879395
0436,4.36,8.34588623046875
0436,4.36,5.923822402954102
0436,4.36,6.039133071899414
0436,4.37,4.476014137268066
0436,4.44,4.2381672859191895
0436,4.46,7.102349758148193
0436,4.47,8.575030326843262
0436,4.5,6.2256269454956055
0436,4.5,6.830214977264404
0436,4.5600000000000005,4.964513301849365
0436,4.59,4.799112796783447
0436,4.62,6.830214977264404
0436,4.63,8.381688117980957
0436,4.680000000000001,7.370797157287598
0436,4.71,9.094405174255371
0436,4.73,4.943747520446777
0436,4.739999999999999,8.850537300109863
0436,4.760000000000001,8.402660369873047
0436,4.760000000000001,4.206926345825195
0436,4.84,8.272150039672852
0436,4.84,8.480477333068848
0436,4.88,4.4619646072387695
0436,4.88,8.038249015808105
0436,4.88,6.399660110473633
0436,4.91,6.711834907531738
0436,4.989999999999999,9.107492446899414
0436,5.010000000000001,8.235816955566406
0436,5.02,9.25390625
0436,5.04,8.520270347595215
0436,5.069999999999999,6.830214977264404
0436,5.08,8.233847618103027
0436,5.09,5.711300849914551
0436,5.09,9.050503730773926
0436,5.1,8.811009407043457
0436,5.14,7.897552490234375
0436,5.15,7.525615215301514
0436,5.16,6.830214977264404
0436,5.19,5.690316200256348
0436,5.239999999999999,8.119335174560547
0436,5.239999999999999,8.038249015808105
0436,5.28,9.034096717834473
0436,5.29,8.316682815551758
0436,5.3,7.883942127227783
0436,5.39,10.368816375732422
0436,5.44,6.703952312469482
0436,5.46,9.25619125366211
0436,5.46,8.944476127624512
0436,5.489999999999999,8.316682815551758
0436,5.510000000000001,9.592581748962402
0436,5.5600000000000005,8.729307174682617
0436,5.6,4.11207914352417
0436,5.67,6.890738010406494
0436,5.72,9.541885375976562
0436,5.73,7.923931121826172
0436,5.739999999999999,8.444005012512207
0436,5.92,8.53904914855957
0436,5.95,8.333686828613281
0436,5.96,8.892098426818848
0436,5.98,7.753407001495361
0436,5.989999999999999,6.691076755523682
0436,6.010000000000001,9.368557929992676
0436,6.010000000000001,7.579884052276611
0436,6.08,4.749241828918457
0436,6.09,5.713672161102295
0436,6.13,7.089651107788086
0436,6.14,8.523515701293945
0436,6.17,5.79826021194458
0436,6.19,9.130733489990234
0436,6.23,9.461263656616211
0436,6.28,9.499137878417969
0436,6.41,8.859015464782715
0436,6.430000000000001,9.038023948669434
0436,6.44,8.941410064697266
0436,6.510000000000001,8.906978607177734
0436,6.58,7.010161876678467
0436,6.66,8.829815864562988
0436,6.66,9.276552200317383
0436,6.69,8.847816467285156
0436,6.760000000000001,6.888055801391602
0436,6.83,8.119712829589844
0436,6.83,7.798296928405762
0436,6.89,9.199172019958496
0436,6.89,7.380647659301758
0436,6.96,9.212852478027344
0436,7.03,9.381704330444336
0436,7.09,7.085683822631836
0436,7.180000000000001,10.081827163696289
0436,7.21,9.361729621887207
0436,7.25,9.619098663330078
0436,7.28,8.644121170043945
0436,7.489999999999999,9.423453330993652
0436,7.56,6.553667068481445
0436,7.61,9.556694984436035
0436,7.63,9.459084510803223
0436,7.64,9.300607681274414
0436,7.71,9.284807205200195
0436,7.73,9.662355422973633
0436,7.81,9.083832740783691
0436,7.84,7.104851245880127
0436,7.84,6.746400833129883
0436,7.84,7.820857524871826
0436,7.85,7.495893478393555
0436,7.88,7.351899147033691
0436,7.9,8.810616493225098
0436,7.939999999999999,7.735518932342529
0436,7.95,9.834122657775879
0436,7.96,8.916045188903809
0436,7.97,9.883868217468262
0436,7.989999999999999,8.941280364990234
0436,8.0,6.816239356994629
0436,8.09,9.564666748046875
0436,8.110000000000001,9.609827041625977
0436,8.139999999999999,9.649880409240723
0436,8.17,8.418612480163574
0436,8.18,10.002996444702148
0436,8.21,8.431405067443848
0436,8.23,8.557897567749023
0436,8.24,6.204671382904053
0436,8.25,5.646979331970215
0436,8.26,9.61379623413086
0436,8.32,9.064342498779297
0436,8.33,9.35274887084961
0436,8.34,9.649880409240723
0436,8.360000000000001,8.307223320007324
0436,8.43,9.24172592163086
0436,8.47,9.54794692993164
0436,8.52,9.90695858001709
0436,8.56,8.800968170166016
0436,8.69,9.088790893554688
0436,8.74,8.435418128967285
0436,8.75,7.140063762664795
0436,8.8,8.654193878173828
0436,8.870000000000001,8.840051651000977
0436,8.889999999999999,9.291604995727539
0436,8.99,8.733264923095703
0436,9.01,8.86225700378418
0436,9.02,10.577388763427734
0436,9.03,9.599879264831543
0436,9.03,9.072776794433594
0436,9.03,9.813773155212402
0436,9.15,9.479031562805176
0436,9.18,8.239264488220215
0436,9.21,9.45215129852295
0436,9.21,7.561384677886963
0436,9.22,9.955045700073242
0436,9.23,8.239264488220215
0436,9.24,9.91943359375
0436,9.24,9.064342498779297
0436,9.28,9.657594680786133
0436,9.29,9.112799644470215
0436,9.35,8.93454360961914
0436,9.36,9.759628295898438
0436,9.37,9.479031562805176
0436,9.39,9.965436935424805
0436,9.55,8.800968170166016
0436,9.56,9.481977462768555
0436,9.59,9.106260299682617
0436,9.68,4.081177711486816
0436,9.77,9.811423301696777
0436,9.79,8.267962455749512
0436,9.79,8.810483932495117
0436,9.79,8.526283264160156
0436,9.82,9.51424503326416
0436,9.83,9.41495418548584
0436,9.86,9.556694984436035
0436,9.91,9.500999450683594
0436,10.06,9.382669448852539
0436,10.16,9.599879264831543
0436,10.22,10.202897071838379
0436,10.29,6.888416767120361
0436,10.36,9.334352493286133
0436,10.37,9.564666748046875
0436,10.47,9.615052223205566
0436,10.54,8.979774475097656
0436,10.58,6.032005310058594
0436,10.66,9.319388389587402
0436,10.7,9.405953407287598
0436,10.76,9.567850112915039
0436,10.76,9.75554084777832
0436,10.85,9.693521499633789
0436,10.91,9.041168212890625
0436,10.93,9.774751663208008
0436,10.97,9.90695858001709
0436,11.02,9.669197082519531
0436,11.1,9.711995124816895
0436,11.11,9.21922779083252
0436,11.21,9.712238311767578
0436,11.22,9.587861061096191
0436,11.24,9.18641185760498
0436,11.27,8.979774475097656
0436,11.33,9.02368450164795
0436,11.55,10.064702987670898
0436,11.63,3.8374669551849365
0436,11.67,9.41445541381836
0436,11.68,10.037970542907715
0436,11.71,9.888298988342285
0436,11.77,9.125591278076172
0436,11.95,9.274091720581055
0436,12.01,9.872119903564453
0436,12.03,9.624960899353027
0436,12.16,10.150338172912598
0436,12.39,9.955045700073242
0436,12.4,9.872119903564453
0436,12.43,10.395828247070312
0436,12.43,10.040680885314941
0436,12.47,9.141586303710938
0436,12.49,9.693521499633789
0436,12.5,9.397988319396973
0436,12.64,9.624960899353027
0436,12.7,9.061007499694824
0436,12.87,10.040680885314941
0436,12.88,9.405953407287598
0436,12.9,10.02790355682373
0436,12.95,10.02790355682373
0436,13.0,10.118618965148926
0436,13.08,9.061007499694824
0436,13.08,9.820652961730957
0436,13.15,10.901023864746094
0436,13.24,8.318957328796387
0436,13.34,10.150338172912598
0436,13.36,9.872119903564453
0436,13.51,9.061007499694824
0436,13.53,9.141586303710938
0436,13.57,9.91943359375
0436,13.59,10.140271186828613
0436,13.6,9.929500579833984
0436,13.73,9.564666748046875
0436,13.79,9.509520530700684
0436,13.82,10.042001724243164
0436,13.85,9.727313995361328
0436,13.94,9.825339317321777
0436,13.97,9.449136734008789
0436,14.2,9.872119903564453
0436,14.4,9.872119903564453
0436,14.61,10.161361694335938
0436,15.05,9.449136734008789
0403,0.688,0.670179009437561
0403,0.702,1.235941767692566
0403,0.702,1.235941767692566
0403,0.703,0.792161226272583
0403,0.706,0.8225891590118408
0403,0.709,0.9977738261222839
0403,0.709,1.0533701181411743
0403,0.713,0.9904337525367737
0403,0.713,0.7067301869392395
0403,0.716,0.8249516487121582
0403,0.72,0.7410353422164917
0403,0.722,0.7139444351196289
0403,0.722,0.7139444351196289
0403,0.726,0.7374926805496216
0403,0.727,0.7403866648674011
0403,0.727,0.7993491291999817
0403,0.727,1.0516172647476196
0403,0.728,0.7301490902900696
0403,0.728,1.1389813423156738
0403,0.73,0.7385967969894409
0403,0.73,0.6557745337486267
0403,0.73,0.6557745337486267
0403,0.731,1.0232666730880737
0403,0.731,1.0232666730880737
0403,0.733,0.9430711269378662
0403,0.734,0.937170684337616
0403,0.737,0.8800148963928223
0403,0.737,0.6013090014457703
0403,0.737,0.6013090014457703
0403,0.738,0.9590542316436768
0403,0.744,0.7429976463317871
0403,0.744,0.7429976463317871
0403,0.747,0.7808868288993835
0403,0.748,1.277061939239502
0403,0.751,0.8796762228012085
0403,0.753,1.6241670846939087
0403,0.754,0.6330743432044983
0403,0.754,0.8032400012016296
0403,0.757,0.7524060606956482
0403,0.757,0.7524060606956482
0403,0.758,0.8648834228515625
0403,0.76,0.7946834564208984
0403,0.761,1.0001938343048096
0403,0.761,0.5913569927215576
0403,0.761,1.3051022291183472
0403,0.761,0.5913569927215576
0403,0.764,0.775016725063324
0403,0.764,0.775016725063324
0403,0.764,0.750605583190918
0403,0.769,0.924729585647583
0403,0.77,0.7901651263237
0403,0.77,1.1087990999221802
0403,0.771,1.0322297811508179
0403,0.771,0.6836956739425659
0403,0.771,0.8873365521430969
0403,0.772,0.6160767674446106
0403,0.772,0.914898157119751
0403,0.772,0.9727262854576111
0403,0.774,0.8031115531921387
0403,0.776,0.8257784843444824
0403,0.779,0.7413203716278076
0403,0.779,1.052011489868164
0403,0.781,0.7172454595565796
0403,0.781,0.9881892800331116
0403,0.781,0.6622687578201294
0403,0.781,0.8244741559028625
0403,0.782,0.9349111318588257
0403,0.782,0.9349111318588257
0403,0.782,0.8765321373939514
0403,0.786,0.9942646622657776
0403,0.786,0.9942646622657776
0403,0.787,0.9128381013870239
0403,0.789,0.8491552472114563
0403,0.789,0.7379879951477051
0403,0.789,0.7135768532752991
0403,0.79,0.8344621062278748
0403,0.791,0.548915684223175
0403,0.794,0.6398840546607971
0403,0.797,0.9251967072486877
0403,0.804,0.8484042286872864
0403,0.806,1.0648189783096313
0403,0.809,1.2502896785736084
0403,0.809,1.0975559949874878
0403,0.81,0.9005443453788757
0403,0.81,0.9583414196968079
0403,0.812,0.5271359086036682
0403,0.812,0.7340623736381531
0403,0.812,0.5271359086036682
0403,0.813,0.7180594205856323
0403,0.813,0.7901745438575745
0403,0.813,0.7180594205856323
0403,0.813,1.2502896785736084
0403,0.817,0.7265973687171936
0403,0.818,1.141514778137207
0403,0.819,0.943454384803772
0403,0.822,0.5287981033325195
0403,0.822,0.5287981033325195
0403,0.822,0.727357804775238
0403,0.825,1.469826340675354
0403,0.828,0.8768108487129211
0403,0.829,0.8441594243049622
0403,0.831,1.018946647644043
0403,0.831,1.6739604473114014
0403,0.832,0.8634900450706482
0403,0.836,1.0777403116226196
0403,0.837,1.01249098777771
0403,0.839,0.5618200302124023
0403,0.839,0.5618200302124023
0403,0.839,1.5416001081466675
0403,0.842,0.7782232761383057
0403,0.844,0.7543195486068726
0403,0.844,0.7543195486068726
0403,0.844,0.8563893437385559
0403,0.844,0.7787004113197327
0403,0.846,0.709827721118927
0403,0.846,0.709827721118927
0403,0.846,0.5845144987106323
0403,0.846,0.709827721118927
0403,0.846,0.709827721118927
0403,0.846,0.8638877868652344
0403,0.846,0.8638877868652344
0403,0.846,0.709827721118927
0403,0.846,0.8638877868652344
0403,0.846,0.8638877868652344
0403,0.846,0.709827721118927
0403,0.847,1.0291342735290527
0403,0.847,1.2842365503311157
0403,0.849,1.1296114921569824
0403,0.849,1.1296114921569824
0403,0.852,0.7167053818702698
0403,0.852,0.7370229959487915
0403,0.852,0.6508356928825378
0403,0.852,0.6508356928825378
0403,0.852,0.7370229959487915
0403,0.852,0.7370229959487915
0403,0.852,0.7370229959487915
0403,0.855,0.8869079947471619
0403,0.855,1.059252381324768
0403,0.86,1.3019468784332275
0403,0.86,1.4450938701629639
0403,0.86,1.2821781635284424
0403,0.861,0.6156240701675415
0403,0.862,1.0391786098480225
0403,0.863,0.6679797768592834
0403,0.865,0.6863161325454712
0403,0.869,1.181639552116394
0403,0.871,1.0086630582809448
0403,0.872,1.5345385074615479
0403,0.874,1.9035228490829468
0403,0.875,0.6759371757507324
0403,0.876,0.6724636554718018
0403,0.876,0.8764469027519226
0403,0.876,0.7695741653442383
0403,0.877,1.2638583183288574
0403,0.877,1.2638583183288574
0403,0.878,0.7977463006973267
0403,0.878,0.7782232761383057
0403,0.878,1.017277479171753
0403,0.878,0.7782232761383057
0403,0.878,0.6113710999488831
0403,0.878,1.0455199480056763
0403,0.878,0.993320882320404
0403,0.878,0.7782232761383057
0403,0.878,0.7782232761383057
0403,0.878,0.7771586775779724
0403,0.878,0.9709469676017761
0403,0.878,0.7700582146644592
0403,0.879,0.877880334854126
0403,0.879,0.8160306215286255
0403,0.879,0.7860368490219116
0403,0.879,1.4740521907806396
0403,0.88,0.9584532976150513
0403,0.88,1.6177102327346802
0403,0.88,0.6938235759735107
0403,0.88,1.0334272384643555
0403,0.88,0.8544347286224365
0403,0.88,0.38034334778785706
0403,0.881,1.0122348070144653
0403,0.881,1.0286837816238403
0403,0.881,0.8663056492805481
0403,0.882,0.8396710157394409
0403,0.883,1.1324702501296997
0403,0.883,1.4038320779800415
0403,0.884,1.257781982421875
0403,0.885,0.752464234828949
0403,0.886,0.8103995323181152
0403,0.886,1.4547604322433472
0403,0.887,1.823641300201416
0403,0.887,1.0768553018569946
0403,0.889,0.8823773264884949
0403,0.889,1.0391786098480225
0403,0.889,1.0391786098480225
0403,0.889,1.2869490385055542
0403,0.889,1.0391786098480225
0403,0.892,1.6034992933273315
0403,0.894,0.6089829206466675
0403,0.894,0.8593393564224243
0403,0.895,1.5552129745483398
0403,0.906,1.690340518951416
0403,0.906,2.342478036880493
0403,0.914,2.2557239532470703
0403,0.914,2.2557239532470703
0403,0.921,1.380704402923584
0403,1.174,1.3706448078155518
0403,1.18,1.1980700492858887
0403,1.213,1.3387796878814697
0403,1.228,0.34803324937820435
0403,1.292,1.0964832305908203
0403,1.32,1.272557258605957
0403,1.397,1.3757174015045166
0403,1.435,0.9388830661773682
0403,1.452,1.8936896324157715
0403,1.452,1.8936896324157715
0403,1.46,1.9735044240951538
0403,1.46,1.9735044240951538
0403,1.548,1.6525205373764038
0403,1.586,1.7634087800979614
0403,1.586,1.8933534622192383
0403,1.592,0.8608919382095337
0403,1.61,0.9899613261222839
0403,1.642,3.427645206451416
0403,1.672,1.014561414718628
0403,1.673,1.5896477699279785
0403,1.72,1.9503755569458008
0403,1.721,2.1860568523406982
0403,1.738,1.0990573167800903
0403,1.754,0.8824145793914795
0403,1.76,0.8938645124435425
0403,1.78,1.009549617767334
0403,1.893,0.8766957521438599
0403,1.926,2.0006728172302246
0403,1.926,2.1217026710510254
0403,1.948,2.0826172828674316
0403,2.149,1.0796393156051636
0403,2.2,1.9194047451019287
0403,2.203,0.8088639974594116
0403,2.222,1.3756154775619507
0403,2.227,0.8156514763832092
0403,2.344,0.9860605001449585
0403,2.458,1.7152072191238403
0403,2.517,2.323429822921753
0403,2.576,2.196770429611206
0403,2.602,0.995373547077179
0403,2.603,2.045358657836914
0403,2.648,2.87127423286438
0403,2.721,1.45675528049469
0403,2.724,2.7172789573669434
0403,2.728,2.0385944843292236
0403,2.751,2.30666184425354
0403,2.766,1.1065021753311157
0403,2.783,1.1649328470230103
0403,2.879,1.0174111127853394
0403,2.942,3.1161372661590576
0403,2.975,2.6748528480529785
0403,2.981,2.6346333026885986
0403,3.053,2.462003707885742
0403,3.091,2.669379711151123
0403,3.133,2.8706657886505127
0403,3.177,2.7438461780548096
0403,3.207,2.30666184425354
0403,3.249,3.940037250518799
0403,3.249,3.940037250518799
0403,3.309,1.6677836179733276
0403,3.355,1.3046510219573975
0403,3.437,1.8170185089111328
0403,3.441,2.826277494430542
0403,3.554,1.7852216958999634
0403,3.694,2.321269989013672
0403,3.7,2.9331727027893066
0403,3.728,2.8678479194641113
0403,4.025,3.9878697395324707
0403,4.122,2.9038891792297363
0403,4.157,3.237866163253784
0403,4.462,2.5865252017974854
0403,4.612,4.784054279327393
0403,4.664,4.9761528968811035
0403,4.854,3.326188564300537
0403,4.903,5.478823184967041
0403,4.953,4.038276195526123
0403,4.999,6.31836462020874
0403,5.074,5.993678092956543
0403,5.247,4.7073893547058105
0403,5.286,4.583388328552246
0403,5.295,6.1590118408203125
0403,5.296,5.0874810218811035
0403,5.307,5.782629489898682
0403,5.317,6.196531295776367
0403,5.355,3.323131561279297
0228,5.77,3.7436816692352295
0228,3.87,4.394643306732178
0228,1.01,4.007663249969482
0228,7.46,4.211873531341553
0228,5.84,5.831023693084717
0228,2.69,4.353161334991455
0228,8.63,4.909892559051514
0228,5.87,4.211873531341553
0228,9.16,4.763500690460205
0228,6.4,4.395031452178955
0228,9.25,5.429803848266602
0228,2.96,4.051816463470459
0228,1.39,4.739907264709473
0228,4.06,4.051816463470459
0228,8.31,4.108642578125
0228,7.29,4.563816547393799
0228,8.17,4.633762359619141
0228,6.99,5.366076469421387
0228,1.12,4.7811055183410645
0228,6.88,4.590860843658447
0228,5.09,4.211873531341553
0228,5.8,4.963164806365967
0228,1.07,4.156954288482666
0228,3.56,4.051816463470459
0228,7.34,5.954635143280029
0228,1.09,3.9432687759399414
0228,4.62,4.4825615882873535
0228,9.49,4.946658611297607
0228,1.14,3.043264865875244
0228,9.66,4.802463531494141
0228,5.45,6.2889275550842285
0228,9.85,4.86167049407959
0228,9.51,6.216545581817627
0228,9.9,4.86167049407959
0228,9.3,5.567540645599365
0228,9.47,5.180479049682617
0228,8.14,4.755497455596924
0228,2.42,3.305461883544922
0228,4.32,4.3304972648620605
0228,1.26,3.025099754333496
0228,1.33,3.1375980377197266
0228,1.46,3.49505877494812
0228,2.03,3.8372554779052734
0228,0.99,3.7113142013549805
0228,2.85,3.8823437690734863
0228,9.42,4.763500690460205
0228,1.0,3.173947811126709
0228,9.54,4.946658611297607
0228,4.11,4.4295878410339355
0228,5.61,6.493041515350342
0228,6.94,6.529856204986572
0228,7.79,6.67840576171875
0228,1.12,6.322396278381348
0228,1.18,3.0010385513305664
0228,6.68,5.688009738922119
0228,7.63,5.810173988342285
0228,2.61,4.278977870941162
0228,9.18,4.3357696533203125
0228,1.95,4.561629295349121
0228,3.0,3.7756972312927246
0228,2.12,3.663482189178467
0228,2.2,4.691734790802002
0228,1.14,4.08238410949707
0228,1.25,3.5153846740722656
0228,1.29,4.853592872619629
0228,1.15,3.5153846740722656
0228,9.91,4.763500690460205
0228,5.31,4.529698848724365
0228,6.72,4.211873531341553
0228,6.85,4.211873531341553
0228,9.48,4.763500690460205
0228,1.16,4.026620388031006
0228,1.03,3.782215118408203
0228,9.77,4.763500690460205
0228,6.61,5.559640884399414
0228,2.56,3.8264918327331543
0228,2.54,3.717820644378662
0228,3.87,3.665839195251465
0228,4.47,3.7274813652038574
0228,1.34,3.2320375442504883
0228,2.88,3.305461883544922
0228,2.17,3.0430822372436523
0228,6.19,4.051816463470459
0228,9.15,5.03717565536499
0228,5.03,4.132449150085449
0228,7.19,4.339156627655029
0228,5.61,6.459263801574707
0228,4.49,6.459263801574707
0228,6.02,6.762669563293457
0228,5.36,4.178624629974365
0228,6.09,6.762669563293457
0228,1.73,5.161831855773926
0228,8.99,4.764979362487793
0228,1.06,3.025893211364746
0228,3.63,3.5900144577026367
0228,10.15,7.023538112640381
0228,5.0,4.513174057006836
0228,8.86,5.785560131072998
0228,7.32,5.921658039093018
0228,2.95,3.690605640411377
0228,1.45,4.07472038269043
0228,2.9,3.373631715774536
0228,0.99,4.302600860595703
0228,8.73,4.763500690460205
0228,1.15,8.001505851745605
0228,3.1,4.051706790924072
0228,0.97,3.6845884323120117
0228,9.84,4.763500690460205
0228,9.38,4.403261184692383
0228,8.75,4.339156627655029
0228,4.28,6.237977504730225
0228,0.96,4.181003093719482
0228,7.67,5.414473056793213
0228,1.04,3.457951784133911
0228,1.04,4.302600860595703
0228,4.23,4.697821617126465
0228,0.99,3.5199131965637207
0228,1.0,4.180113315582275
0228,3.23,5.785534858703613
0228,4.69,3.382972240447998
0228,8.16,4.704293727874756
0228,8.15,4.078230857849121
0228,7.35,3.9956727027893066
0228,5.62,5.3527445793151855
0228,4.83,3.456399917602539
0228,5.28,3.5105106830596924
0228,5.08,4.7811055183410645
0228,8.07,4.111995220184326
0228,8.35,4.961215019226074
0228,2.29,3.9300918579101562
0228,8.18,4.763500690460205
0228,7.01,4.051816463470459
0228,3.23,3.5509109497070312
0228,9.26,4.763500690460205
0228,7.67,4.603443622589111
0228,5.25,4.848752975463867
0228,8.31,4.597774982452393
0228,4.45,2.9300127029418945
0228,1.06,4.1770124435424805
0228,5.61,6.274022579193115
0228,1.3,3.255178451538086
0228,2.95,4.883448123931885
0228,1.55,3.2112112045288086
0228,8.03,4.078230857849121
0228,7.51,4.211873531341553
0228,4.65,4.254276752471924
0228,7.67,3.614001750946045
0228,9.02,3.900855541229248
0228,6.22,4.225580215454102
0228,7.6,4.656981945037842
0228,7.67,4.763500690460205
0228,10.28,4.802463531494141
0228,4.41,3.4931137561798096
0228,1.08,3.8372554779052734
0228,4.58,6.35520076751709
0228,5.5,5.9747395515441895
0228,2.99,3.3688719272613525
0228,4.05,4.329307556152344
0228,2.49,5.521727085113525
0228,2.41,3.6748838424682617
0228,2.14,4.380134582519531
0228,4.47,4.672510147094727
0228,6.03,4.805440425872803
0228,1.8,2.8431143760681152
0228,0.97,3.9432687759399414
0228,8.75,4.6823835372924805
0228,4.61,6.459263801574707
0228,4.7,6.583971977233887
0228,2.11,3.0676445960998535
0228,1.4,3.1375980377197266
0228,1.01,3.0782666206359863
0228,1.41,2.7815041542053223
0228,2.76,3.1203908920288086
0228,1.81,3.2024950981140137
0228,2.87,3.305461883544922
0228,1.15,3.1291069984436035
0228,8.85,5.122163772583008
0228,4.48,4.790809631347656
0228,2.85,3.1107544898986816
0228,5.11,2.940110683441162
0228,3.75,5.866776466369629
0228,8.49,4.763500690460205
0228,2.74,3.305461883544922
0228,8.44,5.615422248840332
0228,9.75,4.763500690460205
0228,1.19,3.7740864753723145
0228,2.96,3.994811534881592
0228,8.05,4.339156627655029
0228,4.32,6.614387512207031
0228,2.84,3.4511232376098633
0228,1.33,3.8372554779052734
0228,1.05,4.302600860595703
0228,8.56,4.960564136505127
0228,8.28,4.763500690460205
0228,3.94,3.8153152465820312
0228,1.1,4.4039130210876465
0228,1.89,3.8264918327331543
0228,2.02,3.990407943725586
0228,4.64,4.991453647613525
0228,9.72,5.03717565536499
0228,1.51,6.270735263824463
0228,1.02,6.028035640716553
0228,3.36,4.26584529876709
0228,4.72,4.510990142822266
0228,2.49,4.765567302703857
0228,4.19,4.051816463470459
0228,1.46,4.15045166015625
0228,5.11,5.655518531799316
0228,1.11,3.589867115020752
0228,1.33,3.5593810081481934
0228,7.19,4.281194686889648
0228,8.88,5.03717565536499
0228,8.88,4.909892559051514
0228,1.1,4.413305282592773
0228,8.39,5.520540237426758
0228,1.12,2.9988622665405273
0228,5.09,4.295360565185547
0228,9.34,4.763500690460205
0228,9.58,4.543950080871582
0228,3.8,4.793740749359131
0228,2.56,5.107527256011963
0228,8.14,4.633762359619141
0228,5.58,6.459263801574707
0228,6.12,3.892068862915039
0228,3.81,3.3439881801605225
0228,2.89,3.590740203857422
0228,7.8,4.603443622589111
0228,4.72,4.051816463470459
0228,9.87,6.08692741394043
0228,6.83,5.8097991943359375
0228,5.76,3.589456558227539
0228,4.76,3.304076671600342
0228,5.33,6.04680061340332
0228,7.3,4.234974384307861
0228,4.8,3.3882265090942383
0228,9.11,4.763500690460205
0228,1.81,4.06559944152832
0228,6.02,6.019456386566162
0228,10.17,4.382674694061279
0228,5.92,6.019456386566162
0228,1.06,3.3428244590759277
0228,2.2,4.1784234046936035
0228,1.35,3.725818634033203
0228,0.99,3.512246608734131
0228,0.98,3.889957904815674
0228,0.98,3.8264918327331543
0228,5.59,4.7384233474731445
0228,1.01,4.205804347991943
0228,1.17,4.137739658355713
0228,9.52,6.745131969451904
0228,2.93,3.0620040893554688
0228,8.44,4.211873531341553
0228,4.62,5.0230560302734375
0228,8.98,4.763500690460205
0228,8.1,4.403261184692383
0228,9.9,5.274867057800293
0228,1.84,4.211873531341553
0228,9.61,4.763500690460205
0228,9.9,4.6823835372924805
0228,8.2,5.078575611114502
0228,9.07,5.1636834144592285
0228,8.67,4.4160661697387695
0228,8.14,4.484378814697266
0228,8.62,4.287118434906006
0228,8.07,4.960564136505127
0228,7.89,6.984644889831543
0228,8.05,5.139236927032471
0228,7.83,6.730417251586914
0228,7.33,4.395031452178955
0402,0.62080789,0.7152236700057983
0402,0.62368644,0.9491422772407532
0402,0.63079769,0.6274296641349792
0402,0.63239004,0.6355344653129578
0402,0.63454287,1.1520782709121704
0402,0.63834754,0.8943812847137451
0402,0.64022599,0.5806210041046143
0402,0.64434604,0.7114347815513611
0402,0.64451146,0.7877309322357178
0402,0.64602319,0.7798886895179749
0402,0.65724485,0.5610139966011047
0402,0.65844972,0.7777431607246399
0402,0.66257407,0.5785520672798157
0402,0.66311134,1.1375645399093628
0402,0.66609131,0.6631078124046326
0402,0.66645562,0.5536201596260071
0402,0.66725499,0.616631805896759
0402,0.66756559,0.5785520672798157
0402,0.66764257,0.5272255539894104
0402,0.66808014,0.6676741242408752
0402,0.66903346,0.8057918548583984
0402,0.66979447,0.509928286075592
0402,0.67028986,0.5828741192817688
0402,0.67033011,0.6175084710121155
0402,0.67259482,0.509928286075592
0402,0.67651626,0.7795087099075317
0402,0.67652019,0.9264936447143555
0402,0.67769884,0.8615527153015137
0402,0.67800796,0.9039098620414734
0402,0.68166295,1.1375645399093628
0402,0.68180526,0.6793895363807678
0402,0.68405707,1.2530962228775024
0402,0.69422886,0.631597101688385
0402,0.69546187,0.7967179417610168
0402,0.69564846,0.7723004817962646
0402,0.69625809,0.7461596131324768
0402,0.69786016,1.4967819452285767
0402,0.70002382,0.7932044267654419
0402,0.70148969,0.682187557220459
0402,0.70453531,0.8801500797271729
0402,0.70666782,0.768913745880127
0402,0.70687674,0.6392824053764343
0402,0.70710052,1.1077675819396973
0402,0.70791862,0.7154373526573181
0402,0.70966959,0.7461596131324768
0402,0.71001705,0.8139388561248779
0402,0.71274146,0.5889189839363098
0402,0.71615217,0.7065581679344177
0402,0.71707072,0.9551901817321777
0402,0.71737469,0.6247372031211853
0402,0.71892462,0.5891081690788269
0402,0.71947749,0.8738073706626892
0402,0.72168623,0.9708753824234009
0402,0.72248364,0.893879771232605
0402,0.72317617,1.1865397691726685
0402,0.7236814,0.6764676570892334
0402,0.72523174,0.8579105138778687
0402,0.72570111,0.6623645424842834
0402,0.72843052,1.1094224452972412
0402,0.72856809,1.005971074104309
0402,0.72900387,0.6227731704711914
0402,0.73087374,0.8454799056053162
0402,0.73144847,1.539495825767517
0402,0.73171704,0.7850518226623535
0402,0.73177934,0.5384254455566406
0402,0.73582637,1.2243555784225464
0402,0.73606761,0.9295293688774109
0402,0.73704486,0.7925521731376648
0402,0.73991277,1.0703508853912354
0402,0.74010035,1.189462423324585
0402,0.74062784,0.9704416990280151
0402,0.74246605,0.9661498069763184
0402,0.74775942,1.0703508853912354
0402,0.74975179,0.6168924570083618
0402,0.75000692,0.7314965724945068
0402,0.75300502,1.1629047393798828
0402,0.76006526,0.9272130727767944
0402,0.76085216,0.6189811825752258
0402,0.76170679,0.6049641966819763
0402,0.76352455,0.739409327507019
0402,0.76737914,1.235604166984558
0402,0.76798359,0.5230941772460938
0402,0.76815885,0.5917418599128723
0402,0.76940219,0.9148925542831421
0402,0.76953624,0.9148925542831421
0402,0.77088622,0.8088212609291077
0402,0.77966641,0.9838641285896301
0402,0.78090177,1.1329599618911743
0402,0.78185628,0.6679487228393555
0402,0.78197386,0.5230941772460938
0402,0.78288231,0.6214761734008789
0402,0.78358687,0.6594544053077698
0402,0.78424664,0.8088212609291077
0402,0.78713527,1.1329599618911743
0402,0.78753804,0.6594544053077698
0402,0.78836808,0.6679487228393555
0402,0.78883476,0.6679487228393555
0402,0.79005826,0.9401853084564209
0402,0.79393002,0.552562952041626
0402,0.79432461,1.019835352897644
0402,0.79597067,1.0077781677246094
0402,0.79656664,0.6679487228393555
0402,0.79775357,1.2554430961608887
0402,0.79777564,0.6567533016204834
0402,0.80024919,0.552562952041626
0402,0.80231774,0.7746645212173462
0402,0.80256557,0.735787570476532
0402,0.80783216,0.5420068502426147
0402,0.80871304,0.6679487228393555
0402,0.80899677,0.9401853084564209
0402,0.80986447,0.5420068502426147
0402,0.81333284,0.714954674243927
0402,0.81569634,0.5803393125534058
0402,0.817778,1.1108477115631104
0402,0.81784319,0.8601909875869751
0402,0.82050089,0.6679487228393555
0402,0.82231571,0.5741708874702454
0402,0.82277386,0.6567533016204834
0402,0.82332537,0.594937264919281
0402,0.82344106,0.594937264919281
0402,0.82423575,1.7890020608901978
0402,0.82446234,0.735787570476532
0402,0.82548797,1.0384117364883423
0402,0.82822304,0.7817432880401611
0402,0.83108457,1.011545181274414
0402,0.83738304,1.1281365156173706
0402,0.8378065,0.6567533016204834
0402,0.83904641,0.6950381398200989
0402,0.84211317,1.4536114931106567
0402,0.84507827,0.7630971670150757
0402,0.84699351,1.7303940057754517
0402,0.84805439,0.8601909875869751
0402,0.84913381,0.6041017770767212
0402,0.84944009,1.9901421070098877
0402,0.85117659,1.382853627204895
0402,0.85128394,0.8601909875869751
0402,0.85153192,1.382853627204895
0402,0.85300785,0.97877037525177
0402,0.85319514,1.1298717260360718
0402,0.85325872,1.2614600658416748
0402,0.85409726,1.4941096305847168
0402,0.85647404,0.8601909875869751
0402,0.85721202,0.735787570476532
0402,0.8579996,0.9493662118911743
0402,0.85823987,0.8889305591583252
0402,0.85853992,0.7236797213554382
0402,0.86210845,0.8516387939453125
0402,0.86250399,1.5443766117095947
0402,0.86473577,0.6266194581985474
0402,0.86867382,2.7084434032440186
0402,0.87618222,1.0339171886444092
0402,0.87746504,1.0384117364883423
0402,0.88403415,0.8838024139404297
0402,0.89156797,0.8542330265045166
0402,0.8933413,1.0384117364883423
0402,0.89966584,0.8179094195365906
0402,0.90076852,1.0011428594589233
0402,0.90558202,0.5741708874702454
0402,0.90764649,0.8183740973472595
0402,0.91748814,0.8267248272895813
0402,0.91819749,1.6001056432724
0402,0.92291361,1.0778465270996094
0402,0.92312329,0.8285020589828491
0402,0.92374147,0.7495715618133545
0402,0.92563407,0.7063698172569275
0402,0.92783986,0.8923717737197876
0402,0.9282607,1.3878039121627808
0402,0.94553626,1.1364597082138062
0402,0.96242077,0.8798779845237732
0402,0.96900207,0.8628125190734863
0402,0.97949456,0.76183021068573
0402,0.99977758,1.7073149681091309
0402,1.0249727,1.4717433452606201
0402,1.0476175,0.8749074935913086
0402,1.0950115,1.2392090559005737
0402,1.1023814,1.4938488006591797
0402,1.1094402,1.0246104001998901
0402,1.1173345,1.5034708976745605
0402,1.1414785,1.0783063173294067
0402,1.1476754,1.7123888731002808
0402,1.2104656,2.3430016040802
0402,1.2345824,1.6014403104782104
0402,1.2620128,0.24485468864440918
0402,1.26976977,1.4891595840454102
0402,1.2754386,0.4455634653568268
0402,1.3107404,0.8516377210617065
0402,1.34894477,1.2299902439117432
0402,1.4332687,1.3726633787155151
0402,1.4866262,0.8648133277893066
0402,1.5891627,2.2071425914764404
0402,1.6088774,4.090295314788818
0402,1.672887,1.7702124118804932
0402,1.6736861,0.8149843811988831
0402,1.681565,2.0333549976348877
0402,1.6843026,1.9591801166534424
0402,1.7004025,1.472991704940796
0402,1.725859,0.8527576923370361
0402,1.7343789,1.9410327672958374
0402,1.7542168,2.0842819213867188
0402,1.7674095,2.0333549976348877
0402,1.7693819,0.9511321783065796
0402,1.7728346,2.0744926929473877
0402,1.8657753,0.837388277053833
0402,1.8695909,1.0220942497253418
0402,1.9021141,0.9317764043807983
0402,1.9664525,2.1327035427093506
0402,1.9794546,1.0292593240737915
0402,2.0153468,2.076500177383423
0402,2.1066954,0.9438364505767822
0402,2.1642575,2.0820586681365967
0402,2.1662297,1.1181414127349854
0402,2.284976,4.16155481338501
0402,2.3166316,0.8185362219810486
0402,2.3440535,1.3246057033538818
0402,2.3561036,0.7427334785461426
0402,2.3731353,2.045809745788574
0402,2.476592,0.9351962804794312
0402,2.5783919,1.980444312095642
0402,2.6629462,2.3243727684020996
0402,2.668773,2.7209420204162598
0402,2.6798728,0.9271321296691895
0402,2.6850783,2.234102964401245
0402,2.6867847,2.058274507522583
0402,2.7340651,2.6981282234191895
0402,2.7705986,1.6562011241912842
0402,2.8175248,2.3060810565948486
0402,2.8894964,1.147251844406128
0402,2.9499589,2.4961867332458496
0402,2.9562485,2.8539750576019287
0402,2.9873136,2.624333381652832
0402,3.0184475,0.9753628373146057
0402,3.0529196,2.7675282955169678
0402,3.1404403,2.891840696334839
0402,3.170678,4.05959415435791
0402,3.242944,2.7105252742767334
0402,3.2433658,4.05959415435791
0402,3.2753522,2.3060810565948486
0402,3.3802737,2.7197463512420654
0402,3.4644049,1.6994119882583618
0402,3.4890461,2.6018476486206055
0402,3.4999235,1.9084137678146362
0402,3.506944,1.7107725143432617
0402,3.6104334,1.90437650680542
0402,3.6659742,2.2324578762054443
0402,3.7229239,3.0731470584869385
0402,3.8553705,2.916538715362549
0402,3.9535408,3.7437095642089844
0402,4.2330094,3.3118093013763428
0402,4.2796945,3.0456833839416504
0402,4.4822954,4.953360080718994
0402,4.568014,2.7326366901397705
0402,4.9903245,6.355131149291992
0402,5.0129609,3.2505054473876953
0402,5.0504752,5.693358898162842
0402,5.1039365,4.0911078453063965
0402,5.2175293,6.038837432861328
0402,5.3483073,4.415048599243164
0048,0.83,2.963956356048584
0048,7.7,3.043807029724121
0048,7.99,10.824448585510254
0048,0.83,4.256824493408203
0048,10.19,10.399288177490234
0048,2.96,2.0912415981292725
0048,11.11,10.953141212463379
0048,7.42,10.172780990600586
0048,0.83,4.382275581359863
0048,4.71,3.3714847564697266
0048,0.67,2.5144033432006836
0048,1.13,3.0244626998901367
0048,0.71,2.035539388656616
0048,0.82,2.875875234603882
0048,0.72,3.6253585815429688
0048,1.14,2.829819679260254
0048,0.83,5.044731616973877
0048,0.7,1.5266369581222534
0048,0.64,3.229400873184204
0048,0.64,1.6836323738098145
0048,7.47,9.328071594238281
0048,8.05,11.972123146057129
0048,6.99,10.162968635559082
0048,7.35,9.421296119689941
0048,6.81,8.729366302490234
0048,0.82,2.4637179374694824
0048,4.45,4.135446071624756
0048,9.14,10.003942489624023
0048,6.73,7.788217067718506
0048,0.65,2.0846798419952393
0048,9.15,11.352797508239746
0048,0.84,2.7751612663269043
0048,11.3,10.316108703613281
0048,0.92,2.6293997764587402
0048,7.52,8.74144458770752
0048,5.27,4.9505295753479
0048,0.64,3.3819706439971924
0048,0.64,1.8280994892120361
0048,0.74,2.199864387512207
0048,0.7,2.337045669555664
0048,4.84,2.753018856048584
0048,0.72,3.115178108215332
0048,4.13,2.994471311569214
0048,0.7,1.5812735557556152
0048,13.5,15.30945873260498
0048,1.77,3.2942841053009033
0048,0.81,2.400542736053467
0048,0.66,1.8422563076019287
0048,8.07,7.875117778778076
0048,10.68,12.054549217224121
0048,0.82,2.638397455215454
0048,0.6,1.6875946521759033
0048,0.67,2.223951816558838
0048,9.49,11.804779052734375
0048,1.53,2.411588191986084
0048,0.82,2.1459145545959473
0048,10.9,10.318001747131348
0048,0.83,3.4210221767425537
0048,12.51,13.837158203125
0048,1.27,3.265641689300537
0048,0.74,1.5266369581222534
0048,3.73,2.625807285308838
0048,0.62,1.4352760314941406
0048,0.63,1.9406075477600098
0048,0.93,3.040759563446045
0048,0.64,1.418358325958252
0048,3.66,2.4526290893554688
0048,0.62,2.176185369491577
0048,0.82,2.7440953254699707
0048,0.63,1.9406075477600098
0048,6.96,6.506353855133057
0048,0.6,1.6875946521759033
0048,0.79,2.5535993576049805
0048,7.45,6.606836318969727
0048,0.6,2.352909803390503
0048,0.84,6.416619777679443
0048,0.64,1.5164846181869507
0048,0.83,3.0795440673828125
0048,0.71,2.1332337856292725
0048,14.02,14.336808204650879
0048,0.68,2.1119277477264404
0048,0.64,1.4314223527908325
0048,4.54,6.403579235076904
0048,0.7,3.2227373123168945
0048,4.61,3.7532997131347656
0048,8.19,9.145635604858398
0048,1.54,3.1737258434295654
0048,12.07,11.997675895690918
0048,0.67,1.8280994892120361
0048,1.08,2.3258719444274902
0048,8.44,10.911197662353516
0048,0.64,1.4146411418914795
0048,4.93,3.9260544776916504
0048,0.64,1.6370620727539062
0048,1.65,1.6908317804336548
0048,9.23,13.864837646484375
0048,8.07,10.210412979125977
0048,5.67,4.558032989501953
0048,3.82,2.2150490283966064
0048,1.24,2.658209800720215
0048,10.97,12.611231803894043
0048,2.96,3.826536178588867
0048,0.82,2.510486125946045
0048,0.62,1.8223512172698975
0048,9.28,11.352797508239746
0048,0.65,2.129270315170288
0048,0.64,2.129270315170288
0048,0.82,2.660675048828125
0048,5.73,5.479245185852051
0048,8.17,10.155627250671387
0048,3.36,4.047247409820557
0048,1.2,2.7634499073028564
0048,0.82,2.442455530166626
0048,7.53,9.468660354614258
0048,12.48,13.536422729492188
0048,0.78,2.0592455863952637
0048,4.4,4.8998122215271
0048,0.82,2.172320604324341
0048,9.19,10.548736572265625
0048,11.87,12.966902732849121
0048,5.53,7.172439098358154
0048,7.67,9.926780700683594
0048,0.83,2.479928731918335
0048,13.94,12.672414779663086
0048,4.86,11.411484718322754
0048,0.64,1.4352760314941406
0048,0.76,2.2951760292053223
0048,6.31,3.2538297176361084
0048,0.69,1.9663589000701904
0048,0.82,3.7731754779815674
0048,7.13,9.615622520446777
0048,4.73,5.284329414367676
0048,1.29,4.0601019859313965
0048,4.91,6.237096309661865
0048,0.66,2.094163417816162
0048,0.6,1.7831993103027344
0048,0.58,1.7696495056152344
0048,0.59,1.6875946521759033
0048,10.84,12.220002174377441
0048,0.68,2.4295566082000732
0048,0.55,2.034128189086914
0048,8.17,10.31911849975586
0048,0.66,1.4395134449005127
0048,0.67,1.6831209659576416
0048,0.82,2.321063995361328
0048,0.74,2.5074281692504883
0048,10.54,11.489362716674805
0048,5.47,4.584011077880859
0048,0.82,1.9035358428955078
0048,6.32,6.989190101623535
0048,8.63,8.814356803894043
0048,9.45,10.63468074798584
0048,0.65,2.1923532485961914
0048,0.67,2.1241471767425537
0048,0.56,1.7696495056152344
0048,1.24,2.332463502883911
0048,13.87,13.363311767578125
0048,0.67,2.3213484287261963
0048,4.21,4.358817100524902
0048,9.25,12.232355117797852
0048,0.62,1.5712028741836548
0048,6.31,9.54342269897461
0048,0.77,3.18641996383667
0048,7.48,9.385612487792969
0048,0.69,2.367496967315674
0048,0.6,1.815900444984436
0048,5.67,3.964087724685669
0048,0.82,2.8280324935913086
0048,0.64,1.5164846181869507
0048,0.65,1.4332901239395142
0048,4.1,3.7378644943237305
0048,0.81,2.7270395755767822
0048,0.64,1.5164846181869507
0048,0.63,1.418358325958252
0048,4.28,3.8602800369262695
0048,0.62,2.2217884063720703
0048,0.74,1.678637146949768
0048,0.62,1.418358325958252
0048,4.1,3.856466770172119
0048,0.69,2.1723551750183105
0048,0.65,1.8110997676849365
0048,5.67,4.618447780609131
0048,0.7,1.8699034452438354
0048,0.67,1.8291922807693481
0048,7.27,8.86308765411377
0048,6.57,9.391565322875977
0048,0.83,2.1643524169921875
0048,0.67,1.8275790214538574
0048,0.54,1.6257007122039795
0048,0.64,1.5164846181869507
0048,4.41,3.6980981826782227
0048,0.82,3.9020533561706543
0048,0.6,2.165602207183838
0048,0.78,4.096585750579834
0048,5.05,8.72024917602539
0048,5.43,4.842685699462891
0048,0.63,2.0220367908477783
0048,9.69,10.828214645385742
0048,0.59,3.4328417778015137
0048,0.64,1.4314223527908325
0048,11.2,11.28152847290039
0048,0.57,3.2255032062530518
0048,5.24,7.164844989776611
0048,0.76,2.6555378437042236
0048,8.73,11.017182350158691
0048,0.88,3.325255870819092
0048,3.68,2.6305267810821533
0048,0.82,2.1168429851531982
0048,0.61,2.0622506141662598
0048,0.86,2.32324481010437
0048,1.48,2.92877197265625
0048,4.1,2.6399736404418945
0048,0.66,1.961629033088684
0437,1.7094999999999998,1.7637053728103638
0437,1.777,1.5854865312576294
0437,1.944,2.1326260566711426
0437,2.1085000000000003,1.9649217128753662
0437,2.4896666670000003,1.5149352550506592
0437,2.766,1.4055604934692383
0437,2.859,2.854729652404785
0437,2.896,2.0835533142089844
0437,3.1075,1.285172939300537
0437,5.962000000000001,2.1214449405670166
0437,5.981,2.1358509063720703
0437,6.061000000000001,5.295302391052246
0437,6.386,1.8881311416625977
0437,6.415,2.412421941757202
0437,6.476,1.557903528213501
0437,6.496,2.8929104804992676
0437,6.531000000000001,4.716794490814209
0437,6.598,5.221437931060791
0437,6.604,1.0109896659851074
0437,6.624,1.086079478263855
0437,6.8100000000000005,2.5285773277282715
0437,6.893,3.56414532661438
0437,6.941,4.653199672698975
0437,7.0225,2.913095235824585
0437,7.049,4.856187343597412
0437,7.114,4.290971279144287
0437,7.124,7.976305961608887
0437,7.142,1.6936041116714478
0437,7.1850000000000005,4.853625774383545
0437,7.194,3.9652419090270996
0437,7.2045,2.6036319732666016
0437,7.275,3.118098258972168
0437,7.337000000000001,3.861374855041504
0437,7.337000000000001,8.014485359191895
0437,7.388,2.8671953678131104
0437,7.411,5.96995735168457
0437,7.447,5.721898555755615
0437,7.484,2.7724475860595703
0437,7.519,7.803389549255371
0437,7.629,2.081402540206909
0437,7.649,4.244851112365723
0437,7.66,7.362853527069092
0437,7.667,3.9128315448760986
0437,7.75,3.6595418453216553
0437,7.751,5.7377610206604
0437,7.753,4.331180095672607
0437,7.802,5.387978553771973
0437,7.8135,8.325087547302246
0437,7.818,5.031646728515625
0437,7.8645,4.2472004890441895
0437,7.867,5.844940662384033
0437,7.912999999999999,8.25613784790039
0437,7.919,6.127577304840088
0437,8.043,7.815529823303223
0437,8.086,8.144633293151855
0437,8.1685,6.068522930145264
0437,8.1845,5.135540962219238
0437,8.25,4.439661979675293
0437,8.281,6.909337997436523
0437,8.369,10.013385772705078
0437,8.3765,6.369997501373291
0437,8.378,4.988844871520996
0437,8.388,3.716569185256958
0437,8.394,4.745382308959961
0437,8.395,7.35506010055542
0437,8.415,3.2148613929748535
0437,8.4675,5.611233711242676
0437,8.47,5.916747570037842
0437,8.48,8.260529518127441
0437,8.538499999999999,7.074680328369141
0437,8.550999999999998,7.273321151733398
0437,8.550999999999998,4.214495658874512
0437,8.552999999999999,6.74237585067749
0437,8.568000000000001,5.666897773742676
0437,8.610000000000001,6.171717643737793
0437,8.675,8.231858253479004
0437,8.681999999999999,6.291678428649902
0437,8.744,10.150276184082031
0437,8.751,6.344778537750244
0437,8.757,6.391904830932617
0437,8.763,7.111862659454346
0437,8.775,5.462714195251465
0437,8.788,10.670635223388672
0437,8.8005,7.448634147644043
0437,8.804,7.016876220703125
0437,8.8435,8.304986000061035
0437,8.895000000000001,5.370386123657227
0437,8.91,6.269408702850342
0437,8.925999999999998,9.613033294677734
0437,8.972000000000001,2.2597405910491943
0437,8.985000000000001,8.64283275604248
0437,9.032,4.323188304901123
0437,9.0875,4.58327579498291
0437,9.088,6.68901252746582
0437,9.097,8.450084686279297
0437,9.159,11.286310195922852
0437,9.1825,8.544979095458984
0437,9.227,7.199524879455566
0437,9.254,7.978699207305908
0437,9.262,9.824389457702637
0437,9.27,9.172064781188965
0437,9.318,7.274816513061523
0437,9.3805,7.567009925842285
0437,9.43,8.105432510375977
0437,9.451,8.054471969604492
0437,9.451,9.762086868286133
0437,9.553,9.193058967590332
0437,9.563,11.109495162963867
0437,9.583,10.905964851379395
0437,9.594,10.504252433776855
0437,9.604,10.482510566711426
0437,9.614,7.446956157684326
0437,9.626,9.792051315307617
0437,9.636,8.1505708694458
0437,9.691,8.09310531616211
0437,9.715,8.137980461120605
0437,9.72,6.615073204040527
0437,9.82,10.071720123291016
0437,9.855,6.656363010406494
0437,9.877,10.787627220153809
0437,9.968,7.152940273284912
0437,10.019,10.459200859069824
0437,10.13,9.940876960754395
0437,10.165,6.881349086761475
0437,10.186,11.479860305786133
0437,10.251,7.9538187980651855
0437,10.303,9.344529151916504
0437,10.321,11.231321334838867
0437,10.352,6.7996416091918945
0437,10.383,11.346759796142578
0437,10.393,11.231507301330566
0437,10.403,7.738433361053467
0437,10.403,5.265597820281982
0437,10.414,11.937728881835938
0437,10.459,8.814451217651367
0437,10.484,7.4190144538879395
0437,10.596,12.15994644165039
0437,10.62,8.502025604248047
0437,10.678,9.929558753967285
0437,10.727,10.918837547302246
0437,10.749,10.356437683105469
0437,10.776,10.162858963012695
0437,10.787,9.279151916503906
0437,10.819,12.038487434387207
0437,10.8425,9.496020317077637
0437,10.858,10.834251403808594
0437,10.88,12.450661659240723
0437,10.91,9.439064979553223
0437,10.939,11.81978702545166
0437,10.973,10.364480018615723
0437,10.983,10.091559410095215
0437,10.994,11.470213890075684
0437,11.056,8.37932300567627
0437,11.082,11.682740211486816
0437,11.149,11.293069839477539
0437,11.149,10.772085189819336
0437,11.152,11.93973445892334
0437,11.386,10.44124984741211
0437,11.436,7.989287853240967
0437,11.501,9.873778343200684
0437,11.5155,8.714499473571777
0437,11.522,10.989867210388184
0437,11.646,11.29542064666748
0437,11.75,7.57970666885376
0437,11.77,11.362866401672363
0437,11.782,10.026091575622559
0437,11.82,7.5220947265625
0437,11.843,11.284979820251465
0437,11.881,11.09701919555664
0437,11.946,12.586517333984375
0437,12.024,10.789986610412598
0437,12.029,11.64113712310791
0437,12.029,12.672069549560547
0437,12.091,10.343924522399902
0437,12.185,11.971081733703613
0437,12.213,11.167360305786133
0437,12.226,9.05378532409668
0437,12.267,8.998531341552734
0437,12.267,9.937363624572754
0437,12.296,12.57778549194336
0437,12.309,8.21854305267334
0437,12.316,12.486944198608398
0437,12.4065,11.869562149047852
0437,12.448,14.937800407409668
0437,12.528,12.651594161987305
0437,12.547,12.89312744140625
0437,12.573,12.033223152160645
0437,12.65,10.848175048828125
0437,12.702,12.134233474731445
0437,12.791,11.4274320602417
0437,12.972,9.916982650756836
0437,13.105,12.563078880310059
0437,13.126,11.274397850036621
0437,13.175999999999998,9.215157508850098
0437,13.216,10.797099113464355
0437,13.324000000000002,11.48323917388916
0437,13.458,12.33462142944336
0437,13.501,13.439821243286133
0437,13.707,12.082865715026855
0437,13.717,12.31105899810791
0437,13.769,11.16961669921875
0437,13.821,9.690950393676758
0437,13.862,12.066252708435059
0437,13.865,12.640274047851562
0437,14.131,11.598740577697754
0437,14.198,13.495504379272461
0437,14.256,12.08127212524414
0437,14.276,11.010553359985352
0437,14.309,14.242193222045898
0437,14.328,14.090516090393066
0437,14.39,11.913973808288574
0437,14.478,11.93053913116455
0437,14.759,11.353705406188965
0437,14.877,10.339896202087402
0437,15.01,14.444390296936035
0437,15.099,12.294755935668945
0437,15.149,10.559504508972168
0437,15.167,11.939275741577148
0437,15.167,11.569387435913086
0437,15.239,13.37265682220459
0437,15.474,13.854844093322754
0437,15.706,13.003686904907227
0437,15.892,11.037259101867676
0437,15.901,12.643793106079102
0437,16.15,13.417491912841797
0437,16.669,11.51526927947998
0437,16.739,13.528512001037598
0437,16.811,13.577768325805664
0437,17.005,11.858274459838867
0437,17.023,10.697684288024902
0437,17.124000000000002,11.568941116333008
0437,17.144000000000002,10.629419326782227
0437,17.548000000000002,13.726963996887207
0437,17.579,14.856525421142578
0437,17.618,12.885344505310059
0437,17.683,11.30384349822998
0437,17.841,14.200275421142578
0437,18.439,13.498308181762695
0437,18.461,14.92627239227295
0437,21.224,12.55114459991455
0437,21.395,14.718137741088867
0187,0.77,2.889538526535034
0187,0.736666667,1.5695582628250122
0187,0.796666667,2.5861611366271973
0187,0.76,2.3651273250579834
0187,1.42,3.8127126693725586
0187,0.743333333,1.367228388786316
0187,0.743333333,1.964027762413025
0187,0.746666667,2.1391425132751465
0187,0.716666667,2.1355926990509033
0187,0.78,1.2673122882843018
0187,0.933333333,2.740741729736328
0187,0.956666667,3.154597282409668
0187,0.726666667,1.4084402322769165
0187,0.793333333,1.6578092575073242
0187,0.73,1.9526385068893433
0187,0.776666667,1.3293509483337402
0187,0.766666667,1.404252290725708
0187,0.823333333,2.6236722469329834
0187,4.16,6.435840606689453
0187,2.973333333,3.9734363555908203
0187,1.38,2.887376546859741
0187,3.893333333,6.090640068054199
0187,2.713333333,4.319947719573975
0187,0.773333333,1.9351476430892944
0187,0.856666667,2.09900164604187
0187,0.686666667,3.3200368881225586
0187,0.756666667,1.6433287858963013
0187,0.743333333,1.367228388786316
0187,0.786666667,2.20894193649292
0187,0.8,2.181419849395752
0187,0.903333333,3.4641597270965576
0187,0.77,1.6575648784637451
0187,0.673333333,1.6190598011016846
0187,0.74,1.8797088861465454
0187,0.743333333,1.3946948051452637
0187,0.8,2.747077703475952
0187,0.75,1.5482587814331055
0187,0.76,1.6728284358978271
0187,3.993333333,6.41595458984375
0187,0.653333333,2.586906909942627
0187,5.643333333,6.687980651855469
0187,0.816666667,2.916435718536377
0187,0.773333333,1.9526385068893433
0187,0.813333333,1.5030157566070557
0187,0.696666667,1.7114619016647339
0187,0.756666667,1.9565800428390503
0187,0.733333333,1.7098097801208496
0187,0.69,1.6437174081802368
0187,0.806666667,1.8132662773132324
0187,1.013333333,3.4608306884765625
0187,0.71,1.9757522344589233
0187,2.716666667,4.319947719573975
0187,0.743333333,2.3435823917388916
0187,0.8,2.144087791442871
0187,0.753333333,1.6833137273788452
0187,0.91,1.842166543006897
0187,0.68,1.5990062952041626
0187,0.753333333,1.511254072189331
0187,0.686666667,1.9911328554153442
0187,0.76,1.2546395063400269
0187,0.883333333,2.4799280166625977
0187,1.33,2.7950029373168945
0187,0.943333333,2.242861747741699
0187,0.716666667,1.7026667594909668
0187,0.766666667,2.0400025844573975
0187,0.696666667,2.4988856315612793
0187,0.98,2.8557536602020264
0187,0.676666667,1.8218936920166016
0187,0.746666667,1.4045013189315796
0187,0.74,2.267956256866455
0187,0.666666667,1.5243438482284546
0187,1.073333333,3.2109715938568115
0187,0.823333333,5.717988967895508
0187,0.736666667,2.2669789791107178
0187,0.723333333,1.949567198753357
0187,0.773333333,1.256589412689209
0187,0.676666667,1.444481372833252
0187,0.783333333,2.712671995162964
0187,0.783333333,1.9954155683517456
0187,0.746666667,3.130976676940918
0187,0.83,2.4545366764068604
0187,0.733333333,3.6024131774902344
0187,0.766666667,2.7669222354888916
0187,0.706666667,4.682395935058594
0187,0.863333333,2.0566649436950684
0187,0.75,2.687530994415283
0187,1.226666667,2.834927797317505
0187,0.746666667,1.4904587268829346
0187,0.753333333,2.557924509048462
0187,0.7,1.5745580196380615
0187,0.78,1.539349913597107
0187,0.78,1.5030157566070557
0187,0.72,1.8866024017333984
0187,0.753333333,1.906168818473816
0187,0.826666667,2.514378547668457
0187,0.883333333,2.7525453567504883
0187,0.826666667,2.8891000747680664
0187,0.716666667,1.9414575099945068
0187,0.863333333,2.339679479598999
0187,1.79,3.9691734313964844
0187,0.756666667,2.771034002304077
0187,0.71,2.550889015197754
0187,0.96,3.067063331604004
0187,9.916666667,8.598296165466309
0187,0.753333333,2.4653432369232178
0187,0.886666667,3.5969901084899902
0187,0.743333333,1.6899062395095825
0187,0.77,3.7659521102905273
0187,0.68,1.5243438482284546
0187,0.77,2.4297122955322266
0187,0.743333333,1.6745362281799316
0187,6.346666667,7.237396717071533
0187,0.79,3.2501094341278076
0187,1.003333333,2.834116220474243
0187,0.676666667,1.5990062952041626
0187,0.816666667,2.2607955932617188
0187,0.963333333,3.21618914604187
0187,1.256666667,2.783489942550659
0187,0.816666667,4.185535430908203
0187,0.756666667,1.3617931604385376
0187,0.71,1.2447718381881714
0187,0.903333333,2.40482759475708
0187,0.74,1.9526385068893433
0187,1.263333333,3.066537857055664
0187,1.796666667,3.387939453125
0187,0.673333333,1.5817621946334839
0187,0.886666667,2.8313663005828857
0187,0.726666667,1.256589412689209
0187,0.723333333,1.9769054651260376
0187,0.74,2.1227664947509766
0187,0.726666667,1.7026667594909668
0187,2.533333333,4.054660797119141
0187,0.72,2.125087261199951
0187,0.676666667,3.2115468978881836
0187,9.41,10.459457397460938
0187,0.666666667,1.8102245330810547
0187,0.833333333,4.923523902893066
0187,0.756666667,2.2764344215393066
0187,0.706666667,2.240555763244629
0187,0.856666667,2.471317768096924
0187,0.763333333,2.4499378204345703
0187,0.78,1.5187184810638428
0187,0.7,1.5990062952041626
0187,0.73,1.5598951578140259
0187,4.393333333,6.64695405960083
0187,0.79,2.016815662384033
0187,0.793333333,2.4966185092926025
0187,0.74,1.539349913597107
0187,0.72,2.183689594268799
0187,5.946666667,3.376403331756592
0187,7.18,7.389759063720703
0187,0.896666667,2.2098166942596436
0187,9.046666667,10.65758991241455
0187,4.556666667,4.6237030029296875
0187,3.71,3.5683774948120117
0187,4.203333333,3.917297124862671
0187,5.38,5.441922187805176
0187,2.013333333,4.21083927154541
0187,5.406666667,4.2557525634765625
0187,8.446666667,8.156819343566895
0187,9.603333333,9.344042778015137
0187,8.67,9.894060134887695
0187,6.473333333,8.566936492919922
0187,0.97,2.2098166942596436
0187,0.76,1.7355904579162598
0187,5.193333333,4.952287197113037
0187,10.69333333,8.295490264892578
0187,4.973333333,4.836830139160156
0187,1.02,1.8922654390335083
0187,1.296666667,2.44030499458313
0187,4.633333333,4.710198879241943
0187,0.78,1.7355904579162598
0187,0.716666667,1.3156065940856934
0187,0.716666667,1.7199819087982178
0187,0.736666667,1.2994247674942017
0187,0.716666667,1.4044259786605835
0187,0.723333333,1.481650471687317
0187,0.72,2.114396810531616
0187,0.71,1.4044259786605835
0187,0.71,1.4044259786605835
0187,0.71,1.4044259786605835
0187,0.72,1.2546395063400269
0187,0.72,2.197824716567993
0187,0.72,1.2546395063400269
0187,0.72,1.9769054651260376
0187,0.71,1.7199819087982178
0187,0.763333333,1.3063466548919678
0187,0.766666667,1.5333417654037476
0187,0.713333333,1.9769054651260376
0187,0.723333333,1.7199819087982178
0187,0.733333333,1.2994247674942017
0187,0.713333333,1.481650471687317
0187,0.713333333,1.481650471687317
0187,0.713333333,2.130242109298706
0187,14.57666667,10.846269607543945
0187,5.323333333,4.667914390563965
0187,9.253333333,10.311128616333008
0187,16.86666667,13.657374382019043
0187,13.18,11.125420570373535
0187,11.93,11.72250747680664
0187,16.88,13.24646282196045
0187,6.103333333,7.377696990966797
0187,8.273333333,8.484648704528809
0187,10.07,9.984824180603027
0187,15.37666667,12.680919647216797
0187,7.47,8.838495254516602
0187,11.17666667,10.126225471496582
0187,14.71333333,13.103047370910645
0187,15.73666667,13.58815860748291
0187,10.53666667,14.762311935424805
0187,9.993333333,9.189956665039062
0187,9.446666667,9.945358276367188
0187,14.2,13.969687461853027
0187,15.30666667,14.10744857788086
0187,7.303333333,6.031856060028076
0187,16.72333333,13.24646282196045
0187,17.80333333,12.413033485412598
0187,15.17,15.364729881286621
0187,15.17666667,13.0733060836792
0187,11.15,10.823684692382812
0187,15.97,11.662714958190918
0187,14.06333333,10.872859954833984
0187,7.243333333,7.997403621673584
0187,8.123333333,9.1729097366333
0264,5.877533467,5.268635272979736
0264,5.9632665,6.133727550506592
0264,2.3994166,3.812757968902588
0264,2.21865005,3.895134925842285
0264,0.912660033,3.5564281940460205
0264,0.941068333,2.585695743560791
0264,1.686500033,4.303683757781982
0264,2.635216783,3.6570377349853516
0264,2.414583333,3.518101215362549
0264,2.379016617,4.468396186828613
0264,1.287284983,2.372122287750244
0264,3.248016617,3.186391592025757
0264,2.21721675,4.27271032333374
0264,0.439758333,2.42903470993042
0264,0.496936667,2.42903470993042
0264,2.04505005,3.474482774734497
0264,1.35903995,4.342957496643066
0264,1.77316665,3.8990821838378906
0264,1.403923283,3.97453236579895
0264,6.546416733,6.211557865142822
0264,1.393575033,4.342957496643066
0264,1.7568334,3.6516363620758057
0264,1.61946665,3.180122137069702
0264,1.705050017,3.9367966651916504
0264,1.910866667,2.877983570098877
0264,1.31971665,2.7520759105682373
0264,1.95685005,4.055209636688232
0264,2.172000117,4.249007701873779
0264,2.0156334,3.56616473197937
0264,1.549653367,4.975946426391602
0264,1.3369484,4.756409645080566
0264,1.074541733,3.8485774993896484
0264,1.551051717,3.969095230102539
0264,1.270948283,3.8718574047088623
0264,2.388550067,3.2339203357696533
0264,2.095783367,4.144339561462402
0264,0.8500033,3.519536256790161
0264,1.373619967,3.237912178039551
0264,1.396331667,3.235515594482422
0264,1.60496495,2.7538726329803467
0264,1.788600033,2.857677459716797
0264,1.4371966,2.7330310344696045
0264,1.865083317,2.600522994995117
0264,1.691600033,2.495340585708618
0264,1.083766683,4.695579528808594
0264,5.4030833,5.33345890045166
0264,0.737718333,3.3796372413635254
0264,1.701933283,2.809630870819092
0264,1.592413333,2.731835126876831
0264,1.586715067,3.6285159587860107
0264,3.259833267,4.3695268630981445
0264,5.21629995,5.666033744812012
0264,1.7949,4.320191383361816
0264,1.946983333,4.719089031219482
0264,1.013993333,5.539690017700195
0264,1.318263367,3.810929298400879
0264,5.489683533,4.749512672424316
0264,2.1679334,4.545697212219238
0264,2.8574501,5.8669514656066895
0264,4.156283317,4.766890525817871
0264,4.0699501,4.800166130065918
0264,3.413099917,5.711422443389893
0264,5.60765025,4.181215763092041
0264,2.3520167,3.3939948081970215
0264,3.72173335,3.591249704360962
0264,3.327366633,3.6516916751861572
0264,2.274866733,3.4617762565612793
0264,5.7632665,5.078701972961426
0264,5.6861501,5.042911052703857
0264,3.037733467,2.9358866214752197
0264,3.185650133,3.6635007858276367
0264,2.3659167,4.122151851654053
0264,1.798883317,7.130197048187256
0264,6.008399967,5.848407745361328
0264,5.65341645,5.549878120422363
0264,5.456933083,5.482229232788086
0264,1.844150033,3.840855121612549
0264,6.961800133,6.382729530334473
0264,3.136866767,4.726263046264648
0264,4.3834666,7.1632208824157715
0264,2.884100083,4.149949073791504
0264,3.6389501,5.231869697570801
0264,4.029500067,6.49894905090332
0264,3.414499917,4.046648025512695
0264,1.77145005,3.4269912242889404
0264,2.998383333,5.631453990936279
0264,2.150633233,4.110640525817871
0264,1.0549717,2.907719135284424
0264,3.0608167,3.776744842529297
0264,3.628766633,6.649378299713135
0264,5.382766717,4.625359058380127
0264,3.082950083,4.254281520843506
0264,3.514733383,5.262966632843018
0264,5.3282669,6.023983001708984
0264,4.101983383,4.821135997772217
0264,1.866566717,3.65203857421875
0264,1.79118335,3.8472962379455566
0264,1.576346717,2.888343572616577
0264,4.9659668,5.04693078994751
0264,5.535850017,5.118278980255127
0264,3.420749917,7.1137614250183105
0264,6.074933367,5.0102434158325195
0264,2.742766567,4.892611503601074
0264,3.024150083,6.022536754608154
0264,2.226599883,3.6925268173217773
0264,4.596166483,4.1710524559021
0264,1.060689983,5.710785388946533
0264,1.827916717,4.6462554931640625
0264,1.108168283,2.754452705383301
0264,2.9008166,3.5270063877105713
0264,1.850216667,3.385483980178833
0264,6.339149983,4.735937595367432
0264,5.372816467,5.216835021972656
0264,4.70505015,5.114965438842773
0264,4.3375,6.855526447296143
0264,2.159983317,3.158781051635742
0264,4.41148325,4.7898359298706055
0264,0.919529983,2.796522617340088
0264,2.61716665,3.556244373321533
0264,2.265133417,4.577417850494385
0264,2.87691675,4.399333477020264
0264,2.419550067,4.029608249664307
0264,6.247966517,4.735937595367432
0264,4.970399983,5.055565357208252
0264,3.595833333,3.5068862438201904
0264,3.08255005,3.043715715408325
0264,3.483016717,5.045196056365967
0264,3.995850117,5.179085731506348
0264,0.978176683,3.5296716690063477
0264,2.480166633,4.74396276473999
0264,2.739916733,3.2655391693115234
0264,4.096033217,4.601374626159668
0264,6.2670166,4.735937595367432
0264,5.6865331,5.842886924743652
0264,4.156599933,4.341310501098633
0264,3.576233417,4.865355014801025
0264,5.2259669,4.220663547515869
0264,2.429449967,5.027112007141113
0264,2.487900033,4.007615566253662
0264,2.601983383,3.6248791217803955
0264,5.5568334,5.487906455993652
0264,0.974951683,3.9045450687408447
0264,6.972633367,5.778823375701904
0264,2.774483233,3.904262065887451
0264,2.241083267,4.498036861419678
0264,4.369066867,6.666544437408447
0264,2.8366834,3.3807504177093506
0264,4.888733417,5.529714107513428
0264,5.192333483,7.145122051239014
0264,2.209916683,2.992866039276123
0264,3.159066767,4.925596714019775
0264,0.70213,3.998819589614868
0264,2.117383317,4.712978839874268
0264,1.088273367,4.091453552246094
0264,1.13639335,4.152745723724365
0264,0.286693317,2.2728095054626465
0264,0.410148333,4.755112648010254
0264,0.6114317,4.729145050048828
0264,0.257973333,1.9041956663131714
0264,0.6615783,4.891819953918457
0264,0.265678333,2.200798749923706
0264,0.365441667,4.8251800537109375
0264,0.280345,2.94781231880188
0264,2.303200017,4.256784915924072
0264,1.40722835,4.915809631347656
0264,0.194166667,1.3664493560791016
0264,0.72039165,4.93500280380249
0264,0.30377165,4.088320255279541
0264,5.337283333,4.880089282989502
0264,3.402466583,4.428829193115234
0264,3.659100083,3.3074371814727783
0264,3.703616583,3.3074371814727783
0264,1.080641683,2.7709412574768066
0264,4.699883517,4.134636402130127
0264,3.148350017,3.932237148284912
0264,4.794116717,5.029657363891602
0264,1.828900017,3.959167957305908
0264,3.975700117,3.7553398609161377
0264,5.925800067,5.441164493560791
0264,3.590833283,3.7480080127716064
0264,2.96610005,3.6040804386138916
0264,4.601316833,4.247252941131592
0264,2.194483433,3.9833548069000244
0264,1.868933367,3.94199538230896
0264,2.242466733,3.9833548069000244
0264,3.5031334,3.9302284717559814
0264,4.960066733,7.209259033203125
0264,6.093116767,4.596820831298828
0264,6.3179835,4.917641639709473
0264,5.8190333,4.54100227355957
0264,4.772899883,4.853187561035156
0264,3.104750067,3.5566415786743164
0264,4.199250033,4.970643520355225
0264,4.2598999,4.971749305725098
0264,3.67706655,4.889333724975586
0264,3.995316567,4.780123710632324
0264,3.136616767,4.376465797424316
0264,3.319833367,4.780123710632324
0264,2.6653834,4.149090766906738
0264,2.782816567,4.096058368682861
0264,2.808350117,3.4867923259735107
0264,4.032999933,7.018210411071777
0264,4.84186655,7.5703606605529785
0264,4.583716833,7.938209056854248
0264,4.681766767,7.5703606605529785
0264,5.117333483,8.105396270751953
0264,6.834383133,5.66264533996582
0264,6.549366767,5.410471439361572
0264,6.507899983,5.361744403839111
0264,6.10803325,5.748368740081787
0264,4.99523315,5.387393474578857
0264,4.872633367,5.202532768249512
0264,6.3560669,5.56995964050293
0264,6.285300183,5.429441452026367
0264,2.7792834,4.9544477462768555
0264,6.131266783,5.412929058074951
0264,6.2454834,6.055462837219238
0264,2.197483317,3.4259095191955566
0264,3.07879995,3.633789539337158
0264,0.919215017,2.7929940223693848
0264,3.177966567,5.1888322830200195
0264,2.656716667,3.5512521266937256
0264,2.616750083,3.7092058658599854
0264,1.5427583,3.566556930541992
0264,1.685350033,3.751553535461426
0264,2.361383317,3.229865312576294
0264,2.099333317,4.0713934898376465
0264,3.01645,4.049770355224609
0264,2.954299933,4.183561325073242
0264,1.8905833,4.295777320861816
0264,0.226198333,1.401845097541809
0264,5.441883333,5.458212852478027
0264,5.998933417,5.458212852478027
0264,2.6045166,5.488204479217529
0264,0.318778317,3.378309726715088
0401,0.62,1.028320074081421
0401,0.649,1.2418118715286255
0401,0.65,1.128730297088623
0401,0.653,1.1643677949905396
0401,0.653,1.1643677949905396
0401,0.662,1.3453757762908936
0401,0.663,0.953315794467926
0401,0.668,1.2926181554794312
0401,0.673,1.2469021081924438
0401,0.676,1.3382712602615356
0401,0.676,1.1216871738433838
0401,0.676,1.1216871738433838
0401,0.676,1.1216871738433838
0401,0.679,1.3458513021469116
0401,0.686,1.1809519529342651
0401,0.686,1.5281678438186646
0401,0.69,1.392805576324463
0401,0.702,1.4063942432403564
0401,0.703,1.065442681312561
0401,0.705,0.8295007944107056
0401,0.705888889,2.492030143737793
0401,0.712,1.0505024194717407
0401,0.713,1.5030878782272339
0401,0.717,1.6785242557525635
0401,0.718,0.8757052421569824
0401,0.72,1.1379631757736206
0401,0.72,1.1379631757736206
0401,0.721,1.261699914932251
0401,0.723,2.078617572784424
0401,0.724,1.1968051195144653
0401,0.726,0.9760780334472656
0401,0.726,0.9760780334472656
0401,0.732,0.9208250641822815
0401,0.732,1.117565631866455
0401,0.732,0.9208250641822815
0401,0.733,1.2274906635284424
0401,0.733,1.2274906635284424
0401,0.733,1.2274906635284424
0401,0.74,0.9930276274681091
0401,0.74,1.1891988515853882
0401,0.74,1.1891988515853882
0401,0.74,0.9930276274681091
0401,0.745,1.0996183156967163
0401,0.745,1.349799633026123
0401,0.747,1.4350945949554443
0401,0.75,1.0946170091629028
0401,0.75,1.1629141569137573
0401,0.750444444,1.0761991739273071
0401,0.752,1.4161241054534912
0401,0.756,1.3023031949996948
0401,0.756,0.8888078331947327
0401,0.756,0.8888078331947327
0401,0.761,1.4568103551864624
0401,0.766,0.8888078331947327
0401,0.766,0.8888078331947327
0401,0.767,1.2283912897109985
0401,0.767,1.1604008674621582
0401,0.767,1.094804048538208
0401,0.767,1.1604008674621582
0401,0.767,1.3226728439331055
0401,0.77,1.1389493942260742
0401,0.771,1.3219493627548218
0401,0.772,0.9127534627914429
0401,0.772,1.6099004745483398
0401,0.772,0.9282366037368774
0401,0.774,1.415195107460022
0401,0.775,0.892733633518219
0401,0.775,0.892733633518219
0401,0.783,1.078545331954956
0401,0.783,1.078545331954956
0401,0.783,1.4258612394332886
0401,0.783,1.2702805995941162
0401,0.783,1.078545331954956
0401,0.793,1.7831636667251587
0401,0.795,1.0579580068588257
0401,0.797,1.254514455795288
0401,0.801,1.0547949075698853
0401,0.807,1.3945372104644775
0401,0.811,1.7238843441009521
0401,0.811,1.7238843441009521
0401,0.813,1.4630783796310425
0401,0.814,1.206892490386963
0401,0.815,1.3728225231170654
0401,0.816,1.0707414150238037
0401,0.818,1.2354687452316284
0401,0.818,1.4983946084976196
0401,0.818,1.1642805337905884
0401,0.82,1.9396308660507202
0401,0.822,1.4135854244232178
0401,0.823,1.3791078329086304
0401,0.823,1.3791078329086304
0401,0.823,1.3791078329086304
0401,0.824,1.4358062744140625
0401,0.825,1.3024786710739136
0401,0.826,2.5385146141052246
0401,0.828,1.0739161968231201
0401,0.829,1.3364503383636475
0401,0.83,1.4211660623550415
0401,0.831,1.931565761566162
0401,0.833,1.464497685432434
0401,0.834,1.2430106401443481
0401,0.836,1.4396142959594727
0401,0.839,1.7516368627548218
0401,0.84,0.9403274655342102
0401,0.84,1.7223166227340698
0401,0.849,1.5247694253921509
0401,0.856,2.1072707176208496
0401,0.857,1.5637673139572144
0401,1.121,1.3430075645446777
0401,1.131888889,1.82422935962677
0401,1.157,1.8958579301834106
0401,1.165,1.2662084102630615
0401,1.202,1.4041900634765625
0401,1.207,1.6398571729660034
0401,1.245,1.2146435976028442
0401,1.27,1.3809385299682617
0401,1.353,1.4431307315826416
0401,1.418,1.5848585367202759
0401,1.42,1.3917597532272339
0401,1.422,1.552451252937317
0401,1.422,1.552451252937317
0401,1.429,1.4245730638504028
0401,1.438,1.3391315937042236
0401,1.447,1.818118691444397
0401,1.461,2.691093683242798
0401,1.489,1.7127022743225098
0401,1.515,1.304510474205017
0401,1.518,1.199635624885559
0401,1.522,1.603306531906128
0401,1.55,1.5031112432479858
0401,1.594,1.9590049982070923
0401,1.594,1.9590049982070923
0401,1.615,1.584625482559204
0401,1.616,1.8502916097640991
0401,1.62,1.381151556968689
0401,1.634666667,1.7417659759521484
0401,1.647,1.4312635660171509
0401,1.648,1.556607961654663
0401,1.657,1.009870171546936
0401,1.657,1.009870171546936
0401,1.657,1.4640172719955444
0401,1.664,1.455823302268982
0401,1.666,1.8979345560073853
0401,1.666,2.029778003692627
0401,1.673,1.183157205581665
0401,1.697,1.3577734231948853
0401,1.711,4.715125560760498
0401,1.721,2.138110876083374
0401,1.75,1.3829981088638306
0401,2.034,1.5598151683807373
0401,2.069,3.1789040565490723
0401,2.09,2.968883991241455
0401,2.108,1.8814997673034668
0401,2.115,1.4442970752716064
0401,2.211,1.7332433462142944
0401,2.214,1.8655855655670166
0401,2.275,2.1196577548980713
0401,2.37,1.657514214515686
0401,2.486,1.7086718082427979
0401,2.505111111,2.2403082847595215
0401,2.581,2.1718640327453613
0401,2.597,2.3893771171569824
0401,2.599,1.5576605796813965
0401,2.6,1.6786468029022217
0401,2.628,1.3730385303497314
0401,2.632,1.9115885496139526
0401,2.668,2.3086202144622803
0401,2.676,2.5379951000213623
0401,2.716,2.1487009525299072
0401,2.772,1.8015724420547485
0401,2.794,1.987554669380188
0401,2.795,2.180021286010742
0401,2.804,1.8071978092193604
0401,2.854,1.4974627494812012
0401,2.946,2.4338278770446777
0401,2.984,3.195966958999634
0401,2.995,3.9983584880828857
0401,3.064,2.1463782787323
0401,3.079,2.5379951000213623
0401,3.08,2.4338278770446777
0401,3.175,1.6762365102767944
0401,3.196,2.534393548965454
0401,3.224,3.2030434608459473
0401,3.255,2.115128993988037
0401,3.332,2.279308795928955
0401,3.51,3.5104281902313232
0401,3.582,1.739762306213379
0401,3.605,2.746877670288086
0401,3.649,2.004685401916504
0401,3.662,3.029153823852539
0401,3.666,2.9319241046905518
0401,3.685,2.70499849319458
0401,3.7425,2.684890031814575
0401,3.792,2.8884034156799316
0401,3.805,2.732638120651245
0401,3.823,2.4160029888153076
0401,3.823,2.4160029888153076
0401,3.909,2.746877670288086
0401,3.981,2.8528032302856445
0401,4.0,3.3496923446655273
0401,4.02,1.6504004001617432
0401,4.058,3.094191312789917
0401,4.245,4.445758819580078
0401,4.245,1.1507667303085327
0401,4.259,5.33593225479126
0401,4.29,0.9930276274681091
0401,4.29,0.9930276274681091
0401,4.29,0.9930276274681091
0401,4.29,1.1891988515853882
0401,4.29,0.9930276274681091
0401,4.334,5.688027858734131
0401,4.341,3.364198684692383
0401,4.387,4.066588401794434
0401,4.399,2.8437440395355225
0401,4.436,4.678177833557129
0401,4.456,5.511654853820801
0401,4.501,5.305302143096924
0401,4.594,4.735212326049805
0401,4.65,2.6835336685180664
0401,4.679,5.769032001495361
0401,4.685,3.9081978797912598
0401,4.795,4.909867763519287
0401,4.827,6.556891441345215
0401,4.847,4.139102458953857
0401,4.883,5.111575603485107
0401,5.111,6.881785869598389
0401,5.111,6.769627571105957
0401,5.113,6.089967250823975
0401,5.223,6.388880729675293
0401,5.234,7.254164695739746
0401,5.245,4.965891361236572
0401,5.302,5.453698635101318
0401,5.319,4.850866317749023
0401,5.323,8.694096565246582
0401,5.394,4.759967803955078
0188,0.74,2.289322853088379
0188,0.716666667,1.2595288753509521
0188,0.756666667,2.426931619644165
0188,0.76,1.791014313697815
0188,1.393333333,3.6370723247528076
0188,0.733333333,0.8726442456245422
0188,0.75,1.589664101600647
0188,0.7,1.6054272651672363
0188,0.713333333,1.7319859266281128
0188,0.776666667,0.9995609521865845
0188,0.916666667,2.375760316848755
0188,0.956666667,2.8897366523742676
0188,0.716666667,1.0817601680755615
0188,0.79,1.3419671058654785
0188,0.733333333,1.582610845565796
0188,0.746666667,1.0715500116348267
0188,0.74,1.0245732069015503
0188,0.813333333,2.3305366039276123
0188,2.966666667,4.126159191131592
0188,1.37,2.665848731994629
0188,0.833333333,1.2797191143035889
0188,2.71,3.8535330295562744
0188,0.786666667,1.737903118133545
0188,0.87,1.8261812925338745
0188,0.693333333,3.040773391723633
0188,0.79,1.4286335706710815
0188,0.793333333,1.3277686834335327
0188,0.723333333,0.8726442456245422
0188,0.753333333,1.7183828353881836
0188,0.803333333,1.9027220010757446
0188,0.896666667,3.412562370300293
0188,0.793333333,1.3277686834335327
0188,0.646666667,1.4022252559661865
0188,0.706666667,1.4892597198486328
0188,0.72,1.1517760753631592
0188,0.803333333,2.37813401222229
0188,0.8,1.3843653202056885
0188,3.986666667,5.9976911544799805
0188,0.636666667,2.1335957050323486
0188,5.646666667,6.217532634735107
0188,0.816666667,2.6807475090026855
0188,0.723333333,1.579837441444397
0188,0.773333333,1.396170735359192
0188,0.67,1.3416574001312256
0188,0.74,1.6791963577270508
0188,0.693333333,1.5909346342086792
0188,0.686666667,1.4142522811889648
0188,0.77,1.3843653202056885
0188,0.803333333,1.4622453451156616
0188,1.013333333,2.9863028526306152
0188,0.696666667,1.6203886270523071
0188,2.69,3.8535330295562744
0188,0.72,1.5706104040145874
0188,0.796666667,1.7385210990905762
0188,0.766666667,1.2697956562042236
0188,0.903333333,1.4216773509979248
0188,0.65,1.3581242561340332
0188,0.866666667,2.0393729209899902
0188,0.703333333,1.259323000907898
0188,0.66,1.4895533323287964
0188,0.7,1.0196707248687744
0188,0.87,2.4113311767578125
0188,0.74,1.1000291109085083
0188,1.313333333,2.5988943576812744
0188,0.933333333,1.9630173444747925
0188,0.67,1.2713971138000488
0188,0.753333333,1.8769663572311401
0188,0.68,2.049591064453125
0188,0.936666667,2.2088654041290283
0188,0.656666667,1.5875968933105469
0188,0.79,1.1211888790130615
0188,0.71,1.8617323637008667
0188,0.64,1.2018474340438843
0188,1.063333333,3.0654656887054443
0188,0.83,5.349459648132324
0188,0.72,1.8291354179382324
0188,0.7,1.4774703979492188
0188,0.74,0.978240430355072
0188,0.65,0.9156339764595032
0188,0.77,2.299170732498169
0188,0.783333333,1.7608388662338257
0188,0.816666667,2.268953561782837
0188,0.843333333,2.006174325942993
0188,0.783333333,3.0655529499053955
0188,0.77,2.3358938694000244
0188,0.823333333,1.6513824462890625
0188,0.786666667,2.580899715423584
0188,0.833333333,2.604180097579956
0188,0.796666667,3.1578805446624756
0188,0.75,2.05104660987854
0188,0.663333333,1.3031604290008545
0188,0.75,1.4490821361541748
0188,0.743333333,1.393397331237793
0188,0.686666667,1.2833287715911865
0188,0.746666667,1.5974042415618896
0188,0.826666667,2.213218927383423
0188,0.876666667,2.375467300415039
0188,0.82,2.279747724533081
0188,0.75,1.700223445892334
0188,0.843333333,1.7700679302215576
0188,1.783333333,3.6984055042266846
0188,0.74,2.3344154357910156
0188,0.83,2.2940797805786133
0188,4.0,5.070721626281738
0188,0.94,2.9062814712524414
0188,9.826666667,8.561200141906738
0188,0.756666667,1.8621727228164673
0188,0.88,3.3772034645080566
0188,0.733333333,1.3441948890686035
0188,0.786666667,3.461233377456665
0188,0.656666667,1.2018474340438843
0188,0.826666667,2.9358913898468018
0188,0.746666667,2.0486350059509277
0188,0.806666667,2.4190027713775635
0188,0.74,1.3026078939437866
0188,6.333333333,7.057620525360107
0188,0.796666667,2.6860861778259277
0188,1.006666667,2.631408214569092
0188,0.676666667,1.3581242561340332
0188,0.79,2.0286872386932373
0188,0.886666667,2.680232524871826
0188,1.233333333,2.7146010398864746
0188,0.81,3.6787149906158447
0188,0.766666667,1.0332664251327515
0188,0.69,0.9320613145828247
0188,0.906666667,2.244511842727661
0188,0.703333333,1.579837441444397
0188,1.25,2.729307174682617
0188,1.793333333,3.254934549331665
0188,0.653333333,1.1979904174804688
0188,0.893333333,2.4006080627441406
0188,0.75,0.902380108833313
0188,0.763333333,0.978240430355072
0188,0.673333333,1.6169792413711548
0188,0.74,1.9132931232452393
0188,0.686666667,1.2713971138000488
0188,2.533333333,3.450019598007202
0188,0.726666667,1.8607710599899292
0188,0.656666667,2.5428125858306885
0188,9.396666667,9.86096477508545
0188,0.656666667,1.5857664346694946
0188,0.826666667,3.5067105293273926
0188,0.75,2.030017375946045
0188,0.723333333,1.9202429056167603
0188,0.82,2.264617681503296
0188,0.776666667,1.4177848100662231
0188,0.696666667,1.3581242561340332
0188,0.766666667,1.4256727695465088
0188,4.393333333,5.5707573890686035
0188,0.726666667,1.5648243427276611
0188,0.786666667,2.336799383163452
0188,0.726666667,1.4518555402755737
0188,0.723333333,1.8684661388397217
0188,7.19,7.3527302742004395
0188,0.88,1.822259783744812
0188,9.103333333,9.704533576965332
0188,4.54,4.523219108581543
0188,3.693333333,3.5711445808410645
0188,4.196666667,3.759753942489624
0188,5.376666667,5.535942077636719
0188,1.993333333,4.0445404052734375
0188,5.393333333,4.468259811401367
0188,8.436666667,7.841358184814453
0188,9.586666667,8.996219635009766
0188,8.653333333,9.747528076171875
0188,6.45,8.163333892822266
0188,0.953333333,1.822259783744812
0188,0.82,1.403580904006958
0188,5.155,4.699335098266602
0188,4.97,4.654238700866699
0188,1.01,1.5268950462341309
0188,1.315,2.0892345905303955
0188,4.615,4.434661865234375
0188,0.77,1.403580904006958
0188,0.71,1.077217698097229
0188,0.71,1.3751647472381592
0188,0.73,1.0254464149475098
0188,0.71,1.168905258178711
0188,0.73,1.225735068321228
0188,0.703333333,1.8447366952896118
0188,0.7,1.166131854057312
0188,0.7,1.166131854057312
0188,0.7,1.168905258178711
0188,0.696666667,1.0196707248687744
0188,0.703333333,1.860107660293579
0188,0.703333333,1.0196707248687744
0188,0.703333333,1.6169792413711548
0188,0.693333333,1.377938151359558
0188,0.723333333,1.0414748191833496
0188,0.726666667,1.2816437482833862
0188,0.72,1.6169792413711548
0188,0.73,1.377938151359558
0188,0.7,1.0226730108261108
0188,0.74,1.225735068321228
0188,0.74,1.225735068321228
0188,0.72,1.812841534614563
0188,5.31,4.60872220993042
0188,9.25,10.313511848449707
0188,11.2,11.126276016235352
0188,16.85,13.873908042907715
0188,11.2,11.250267028808594
0188,13.17,11.164907455444336
0188,16.86,13.247745513916016
0188,11.21,11.126276016235352
0188,6.11,7.623228549957275
0188,8.27,8.3574857711792
0188,10.11,9.410837173461914
0188,15.37,12.797442436218262
0188,7.45,8.600137710571289
0188,18.72,14.398481369018555
0188,14.71,12.8889741897583
0188,15.75,13.476347923278809
0188,14.98,12.488722801208496
0188,9.43,9.78191089630127
0188,15.295,14.428589820861816
0188,7.29,5.993336200714111
0188,16.71,13.247745513916016
0188,11.13,10.15243911743164
0188,15.97,11.81617546081543
0188,14.06,10.960370063781738
0188,7.235,7.8039703369140625
